2026-05-29T11:42:15.822+05:30  INFO 33992 --- [EasyRoute_Backend] [main] c.l.p.LogisticsPlatformApplication       : Starting LogisticsPlatformApplication using Java 17.0.10 with PID 33992 (C:\Users\2531038\Desktop\LogisticsApplication\EasyRoute_backend\target\classes started by 2531038 in C:\Users\2531038\Desktop\LogisticsApplication\EasyRoute_backend)
2026-05-29T11:42:15.825+05:30 DEBUG 33992 --- [EasyRoute_Backend] [main] c.l.p.LogisticsPlatformApplication       : Running with Spring Boot v3.3.0, Spring v6.1.8
2026-05-29T11:42:15.827+05:30  INFO 33992 --- [EasyRoute_Backend] [main] c.l.p.LogisticsPlatformApplication       : No active profile set, falling back to 1 default profile: "default"
2026-05-29T11:42:16.768+05:30  INFO 33992 --- [EasyRoute_Backend] [main] .s.d.r.c.RepositoryConfigurationDelegate : Bootstrapping Spring Data JPA repositories in DEFAULT mode.
2026-05-29T11:42:16.939+05:30  INFO 33992 --- [EasyRoute_Backend] [main] .s.d.r.c.RepositoryConfigurationDelegate : Finished Spring Data repository scanning in 165 ms. Found 13 JPA repository interfaces.
2026-05-29T11:42:17.508+05:30  INFO 33992 --- [EasyRoute_Backend] [main] o.s.b.w.embedded.tomcat.TomcatWebServer  : Tomcat initialized with port 8080 (http)
2026-05-29T11:42:17.519+05:30  INFO 33992 --- [EasyRoute_Backend] [main] o.apache.catalina.core.StandardService   : Starting service [Tomcat]
2026-05-29T11:42:17.519+05:30  INFO 33992 --- [EasyRoute_Backend] [main] o.apache.catalina.core.StandardEngine    : Starting Servlet engine: [Apache Tomcat/10.1.24]
2026-05-29T11:42:17.573+05:30  INFO 33992 --- [EasyRoute_Backend] [main] o.a.c.c.C.[Tomcat].[localhost].[/]       : Initializing Spring embedded WebApplicationContext
2026-05-29T11:42:17.573+05:30  INFO 33992 --- [EasyRoute_Backend] [main] w.s.c.ServletWebServerApplicationContext : Root WebApplicationContext: initialization completed in 1578 ms
2026-05-29T11:42:17.708+05:30  INFO 33992 --- [EasyRoute_Backend] [main] o.hibernate.jpa.internal.util.LogHelper  : HHH000204: Processing PersistenceUnitInfo [name: default]
2026-05-29T11:42:17.759+05:30  INFO 33992 --- [EasyRoute_Backend] [main] org.hibernate.Version                    : HHH000412: Hibernate ORM core version 6.5.2.Final
2026-05-29T11:42:17.796+05:30  INFO 33992 --- [EasyRoute_Backend] [main] o.h.c.internal.RegionFactoryInitiator    : HHH000026: Second-level cache disabled
2026-05-29T11:42:18.024+05:30  INFO 33992 --- [EasyRoute_Backend] [main] o.s.o.j.p.SpringPersistenceUnitInfo      : No LoadTimeWeaver setup: ignoring JPA class transformer
2026-05-29T11:42:18.050+05:30  INFO 33992 --- [EasyRoute_Backend] [main] com.zaxxer.hikari.HikariDataSource       : HikariPool-1 - Starting...
2026-05-29T11:42:18.099+05:30  INFO 33992 --- [EasyRoute_Backend] [main] com.zaxxer.hikari.pool.HikariPool        : HikariPool-1 - Added connection org.postgresql.jdbc.PgConnection@5f35370b
2026-05-29T11:42:18.100+05:30  INFO 33992 --- [EasyRoute_Backend] [main] com.zaxxer.hikari.HikariDataSource       : HikariPool-1 - Start completed.
2026-05-29T11:42:18.152+05:30  WARN 33992 --- [EasyRoute_Backend] [main] org.hibernate.orm.deprecation            : HHH90000025: PostgreSQLDialect does not need to be specified explicitly using 'hibernate.dialect' (remove the property setting and it will be selected by default)
2026-05-29T11:42:19.061+05:30  INFO 33992 --- [EasyRoute_Backend] [main] o.h.e.t.j.p.i.JtaPlatformInitiator       : HHH000489: No JTA platform available (set 'hibernate.transaction.jta.platform' to enable JTA platform integration)
2026-05-29T11:42:19.163+05:30 DEBUG 33992 --- [EasyRoute_Backend] [main] org.hibernate.SQL                        : 
    alter table if exists audit_logs 
       alter column notes set data type TEXT
2026-05-29T11:42:19.171+05:30 DEBUG 33992 --- [EasyRoute_Backend] [main] org.hibernate.SQL                        : 
    alter table if exists shipment_items 
       alter column description set data type TEXT
2026-05-29T11:42:19.172+05:30 DEBUG 33992 --- [EasyRoute_Backend] [main] org.hibernate.SQL                        : 
    alter table if exists support_tickets 
       alter column admin_reply set data type TEXT
2026-05-29T11:42:19.173+05:30 DEBUG 33992 --- [EasyRoute_Backend] [main] org.hibernate.SQL                        : 
    alter table if exists support_tickets 
       alter column description set data type TEXT
2026-05-29T11:42:19.194+05:30 DEBUG 33992 --- [EasyRoute_Backend] [main] org.hibernate.SQL                        : 
    alter table if exists trucks 
       alter column insurance_url set data type TEXT
2026-05-29T11:42:19.195+05:30 DEBUG 33992 --- [EasyRoute_Backend] [main] org.hibernate.SQL                        : 
    alter table if exists trucks 
       alter column license_url set data type TEXT
2026-05-29T11:42:19.197+05:30 DEBUG 33992 --- [EasyRoute_Backend] [main] org.hibernate.SQL                        : 
    alter table if exists trucks 
       alter column rc_document_url set data type TEXT
2026-05-29T11:42:19.198+05:30 DEBUG 33992 --- [EasyRoute_Backend] [main] org.hibernate.SQL                        : 
    alter table if exists users 
       alter column bio set data type TEXT
2026-05-29T11:42:19.307+05:30  INFO 33992 --- [EasyRoute_Backend] [main] j.LocalContainerEntityManagerFactoryBean : Initialized JPA EntityManagerFactory for persistence unit 'default'
2026-05-29T12:00:39.094+05:30  INFO 18660 --- [EasyRoute_Backend] [main] c.l.p.LogisticsPlatformApplication       : Starting LogisticsPlatformApplication using Java 17.0.10 with PID 18660 (C:\Users\2531038\Desktop\LogisticsApplication\EasyRoute_backend\target\classes started by 2531038 in C:\Users\2531038\Desktop\LogisticsApplication\EasyRoute_backend)
2026-05-29T12:00:39.096+05:30 DEBUG 18660 --- [EasyRoute_Backend] [main] c.l.p.LogisticsPlatformApplication       : Running with Spring Boot v3.3.0, Spring v6.1.8
2026-05-29T12:00:39.097+05:30  INFO 18660 --- [EasyRoute_Backend] [main] c.l.p.LogisticsPlatformApplication       : No active profile set, falling back to 1 default profile: "default"
2026-05-29T12:00:39.770+05:30  INFO 18660 --- [EasyRoute_Backend] [main] .s.d.r.c.RepositoryConfigurationDelegate : Bootstrapping Spring Data JPA repositories in DEFAULT mode.
2026-05-29T12:00:39.863+05:30  INFO 18660 --- [EasyRoute_Backend] [main] .s.d.r.c.RepositoryConfigurationDelegate : Finished Spring Data repository scanning in 89 ms. Found 13 JPA repository interfaces.
2026-05-29T12:00:40.263+05:30  INFO 18660 --- [EasyRoute_Backend] [main] o.s.b.w.embedded.tomcat.TomcatWebServer  : Tomcat initialized with port 8080 (http)
2026-05-29T12:00:40.269+05:30  INFO 18660 --- [EasyRoute_Backend] [main] o.apache.catalina.core.StandardService   : Starting service [Tomcat]
2026-05-29T12:00:40.269+05:30  INFO 18660 --- [EasyRoute_Backend] [main] o.apache.catalina.core.StandardEngine    : Starting Servlet engine: [Apache Tomcat/10.1.24]
2026-05-29T12:00:40.307+05:30  INFO 18660 --- [EasyRoute_Backend] [main] o.a.c.c.C.[Tomcat].[localhost].[/]       : Initializing Spring embedded WebApplicationContext
2026-05-29T12:00:40.308+05:30  INFO 18660 --- [EasyRoute_Backend] [main] w.s.c.ServletWebServerApplicationContext : Root WebApplicationContext: initialization completed in 1053 ms
2026-05-29T12:00:40.401+05:30  INFO 18660 --- [EasyRoute_Backend] [main] o.hibernate.jpa.internal.util.LogHelper  : HHH000204: Processing PersistenceUnitInfo [name: default]
2026-05-29T12:00:40.429+05:30  INFO 18660 --- [EasyRoute_Backend] [main] org.hibernate.Version                    : HHH000412: Hibernate ORM core version 6.5.2.Final
2026-05-29T12:00:40.448+05:30  INFO 18660 --- [EasyRoute_Backend] [main] o.h.c.internal.RegionFactoryInitiator    : HHH000026: Second-level cache disabled
2026-05-29T12:00:40.590+05:30  INFO 18660 --- [EasyRoute_Backend] [main] o.s.o.j.p.SpringPersistenceUnitInfo      : No LoadTimeWeaver setup: ignoring JPA class transformer
2026-05-29T12:00:40.606+05:30  INFO 18660 --- [EasyRoute_Backend] [main] com.zaxxer.hikari.HikariDataSource       : HikariPool-1 - Starting...
2026-05-29T12:00:40.643+05:30  INFO 18660 --- [EasyRoute_Backend] [main] com.zaxxer.hikari.pool.HikariPool        : HikariPool-1 - Added connection org.postgresql.jdbc.PgConnection@4fef4f96
2026-05-29T12:00:40.644+05:30  INFO 18660 --- [EasyRoute_Backend] [main] com.zaxxer.hikari.HikariDataSource       : HikariPool-1 - Start completed.
2026-05-29T12:00:40.665+05:30  WARN 18660 --- [EasyRoute_Backend] [main] org.hibernate.orm.deprecation            : HHH90000025: PostgreSQLDialect does not need to be specified explicitly using 'hibernate.dialect' (remove the property setting and it will be selected by default)
2026-05-29T12:00:41.462+05:30  INFO 18660 --- [EasyRoute_Backend] [main] o.h.e.t.j.p.i.JtaPlatformInitiator       : HHH000489: No JTA platform available (set 'hibernate.transaction.jta.platform' to enable JTA platform integration)
2026-05-29T12:00:41.501+05:30 DEBUG 18660 --- [EasyRoute_Backend] [main] org.hibernate.SQL                        : 
    alter table if exists audit_logs 
       alter column notes set data type TEXT
2026-05-29T12:00:41.506+05:30 DEBUG 18660 --- [EasyRoute_Backend] [main] org.hibernate.SQL                        : 
    alter table if exists shipment_items 
       alter column description set data type TEXT
2026-05-29T12:00:41.507+05:30 DEBUG 18660 --- [EasyRoute_Backend] [main] org.hibernate.SQL                        : 
    alter table if exists support_tickets 
       alter column admin_reply set data type TEXT
2026-05-29T12:00:41.508+05:30 DEBUG 18660 --- [EasyRoute_Backend] [main] org.hibernate.SQL                        : 
    alter table if exists support_tickets 
       alter column description set data type TEXT
2026-05-29T12:00:41.511+05:30 DEBUG 18660 --- [EasyRoute_Backend] [main] org.hibernate.SQL                        : 
    alter table if exists trucks 
       alter column insurance_url set data type TEXT
2026-05-29T12:00:41.512+05:30 DEBUG 18660 --- [EasyRoute_Backend] [main] org.hibernate.SQL                        : 
    alter table if exists trucks 
       alter column license_url set data type TEXT
2026-05-29T12:00:41.522+05:30 DEBUG 18660 --- [EasyRoute_Backend] [main] org.hibernate.SQL                        : 
    alter table if exists trucks 
       alter column rc_document_url set data type TEXT
2026-05-29T12:00:41.526+05:30 DEBUG 18660 --- [EasyRoute_Backend] [main] org.hibernate.SQL                        : 
    alter table if exists users 
       alter column bio set data type TEXT
2026-05-29T12:00:41.612+05:30  INFO 18660 --- [EasyRoute_Backend] [main] j.LocalContainerEntityManagerFactoryBean : Initialized JPA EntityManagerFactory for persistence unit 'default'
2026-05-29T12:00:41.909+05:30 DEBUG 18660 --- [EasyRoute_Backend] [main] c.l.p.security.JwtAuthenticationFilter   : Filter 'jwtAuthenticationFilter' configured for use
2026-05-29T12:00:42.442+05:30  INFO 18660 --- [EasyRoute_Backend] [main] r$InitializeUserDetailsManagerConfigurer : Global AuthenticationManager configured with UserDetailsService bean with name customUserDetailsService
2026-05-29T12:00:42.714+05:30 DEBUG 18660 --- [EasyRoute_Backend] [main] s.w.s.m.m.a.RequestMappingHandlerMapping : 48 mappings in 'requestMappingHandlerMapping'
2026-05-29T12:00:42.741+05:30 DEBUG 18660 --- [EasyRoute_Backend] [main] o.s.w.s.handler.SimpleUrlHandlerMapping  : Patterns [/webjars/**, /**, /swagger-ui*/*swagger-initializer.js, /swagger-ui*/**] in 'resourceHandlerMapping'
2026-05-29T12:00:42.778+05:30  INFO 18660 --- [EasyRoute_Backend] [main] o.s.s.web.DefaultSecurityFilterChain     : Will secure any request with [org.springframework.security.web.session.DisableEncodeUrlFilter@3e93ee71, org.springframework.security.web.context.request.async.WebAsyncManagerIntegrationFilter@1cfa5e46, org.springframework.security.web.context.SecurityContextHolderFilter@19abe8f7, org.springframework.security.web.header.HeaderWriterFilter@6859f102, org.springframework.web.filter.CorsFilter@4df5b562, org.springframework.security.web.authentication.logout.LogoutFilter@482652f7, com.logistics.platform.security.JwtAuthenticationFilter@71549247, org.springframework.security.web.savedrequest.RequestCacheAwareFilter@26753687, org.springframework.security.web.servletapi.SecurityContextHolderAwareRequestFilter@4872d04d, org.springframework.security.web.authentication.AnonymousAuthenticationFilter@3e4d197, org.springframework.security.web.session.SessionManagementFilter@35c55050, org.springframework.security.web.access.ExceptionTranslationFilter@2cef4321, org.springframework.security.web.access.intercept.AuthorizationFilter@7f6ba409]
2026-05-29T12:00:42.864+05:30 DEBUG 18660 --- [EasyRoute_Backend] [main] s.w.s.m.m.a.RequestMappingHandlerAdapter : ControllerAdvice beans: 0 @ModelAttribute, 0 @InitBinder, 1 RequestBodyAdvice, 1 ResponseBodyAdvice
2026-05-29T12:00:42.897+05:30 DEBUG 18660 --- [EasyRoute_Backend] [main] .m.m.a.ExceptionHandlerExceptionResolver : ControllerAdvice beans: 2 @ExceptionHandler, 1 ResponseBodyAdvice
2026-05-29T12:00:43.100+05:30  INFO 18660 --- [EasyRoute_Backend] [main] o.s.b.w.embedded.tomcat.TomcatWebServer  : Tomcat started on port 8080 (http) with context path '/'
2026-05-29T12:00:43.111+05:30  INFO 18660 --- [EasyRoute_Backend] [main] c.l.p.LogisticsPlatformApplication       : Started LogisticsPlatformApplication in 4.384 seconds (process running for 4.747)
2026-05-29T12:00:43.220+05:30 DEBUG 18660 --- [EasyRoute_Backend] [main] org.hibernate.SQL                        : 
    select
        u1_0.id 
    from
        users u1_0 
    where
        u1_0.email=? 
    fetch
        first ? rows only
2026-05-29T12:00:43.354+05:30 DEBUG 18660 --- [EasyRoute_Backend] [main] org.hibernate.SQL                        : 
    select
        count(*) 
    from
        user_rate_cards urc1_0
2026-05-29T12:00:43.362+05:30 DEBUG 18660 --- [EasyRoute_Backend] [main] org.hibernate.SQL                        : 
    select
        count(*) 
    from
        couriers c1_0
2026-05-29T12:00:55.447+05:30  INFO 18660 --- [EasyRoute_Backend] [http-nio-8080-exec-1] o.a.c.c.C.[Tomcat].[localhost].[/]       : Initializing Spring DispatcherServlet 'dispatcherServlet'
2026-05-29T12:00:55.447+05:30  INFO 18660 --- [EasyRoute_Backend] [http-nio-8080-exec-1] o.s.web.servlet.DispatcherServlet        : Initializing Servlet 'dispatcherServlet'
2026-05-29T12:00:55.447+05:30 DEBUG 18660 --- [EasyRoute_Backend] [http-nio-8080-exec-1] o.s.web.servlet.DispatcherServlet        : Detected StandardServletMultipartResolver
2026-05-29T12:00:55.447+05:30 DEBUG 18660 --- [EasyRoute_Backend] [http-nio-8080-exec-1] o.s.web.servlet.DispatcherServlet        : Detected AcceptHeaderLocaleResolver
2026-05-29T12:00:55.447+05:30 DEBUG 18660 --- [EasyRoute_Backend] [http-nio-8080-exec-1] o.s.web.servlet.DispatcherServlet        : Detected FixedThemeResolver
2026-05-29T12:00:55.454+05:30 DEBUG 18660 --- [EasyRoute_Backend] [http-nio-8080-exec-1] o.s.web.servlet.DispatcherServlet        : Detected org.springframework.web.servlet.view.DefaultRequestToViewNameTranslator@14a4ba91
2026-05-29T12:00:55.455+05:30 DEBUG 18660 --- [EasyRoute_Backend] [http-nio-8080-exec-1] o.s.web.servlet.DispatcherServlet        : Detected org.springframework.web.servlet.support.SessionFlashMapManager@55b56db3
2026-05-29T12:00:55.457+05:30 DEBUG 18660 --- [EasyRoute_Backend] [http-nio-8080-exec-1] o.s.web.servlet.DispatcherServlet        : enableLoggingRequestDetails='false': request parameters and headers will be masked to prevent unsafe logging of potentially sensitive data
2026-05-29T12:00:55.457+05:30  INFO 18660 --- [EasyRoute_Backend] [http-nio-8080-exec-1] o.s.web.servlet.DispatcherServlet        : Completed initialization in 10 ms
2026-05-29T12:00:55.547+05:30 DEBUG 18660 --- [EasyRoute_Backend] [http-nio-8080-exec-2] o.s.web.servlet.DispatcherServlet        : POST "/api/v1/auth/login", parameters={}
2026-05-29T12:00:55.555+05:30 DEBUG 18660 --- [EasyRoute_Backend] [http-nio-8080-exec-2] s.w.s.m.m.a.RequestMappingHandlerMapping : Mapped to com.logistics.platform.controller.AuthController#login(LoginRequest, HttpServletRequest)
2026-05-29T12:00:55.718+05:30 DEBUG 18660 --- [EasyRoute_Backend] [http-nio-8080-exec-2] m.m.a.RequestResponseBodyMethodProcessor : Read "application/json;charset=UTF-8" to [LoginRequest(email=sravani@gmail.com, password=Sravani123)]
2026-05-29T12:00:56.440+05:30 DEBUG 18660 --- [EasyRoute_Backend] [http-nio-8080-exec-2] org.hibernate.SQL                        : 
    select
        u1_0.id,
        u1_0.address,
        u1_0.bank_details,
        u1_0.bio,
        u1_0.city,
        u1_0.created_at,
        u1_0.email,
        u1_0.email_verified,
        u1_0.emergency_contacts,
        u1_0.gstin,
        u1_0.is_active,
        u1_0.name,
        u1_0.password,
        u1_0.phone,
        u1_0.pincode,
        u1_0.preferred_route_area,
        u1_0.profile_photo_url,
        u1_0.role,
        u1_0.state,
        u1_0.updated_at 
    from
        users u1_0 
    where
        u1_0.email=?
2026-05-29T12:00:57.388+05:30 DEBUG 18660 --- [EasyRoute_Backend] [http-nio-8080-exec-2] org.hibernate.SQL                        : 
    insert 
    into
        audit_logs
        (action, created_at, entity_id, entity_type, ip_address, notes, updated_at, user_id, id) 
    values
        (?, ?, ?, ?, ?, ?, ?, ?, ?)
2026-05-29T12:00:57.458+05:30 DEBUG 18660 --- [EasyRoute_Backend] [http-nio-8080-exec-2] o.s.w.s.m.m.a.HttpEntityMethodProcessor  : Using 'application/json', given [application/json, text/plain, */*] and supported [application/json, application/*+json]
2026-05-29T12:00:57.464+05:30 DEBUG 18660 --- [EasyRoute_Backend] [http-nio-8080-exec-2] o.s.w.s.m.m.a.HttpEntityMethodProcessor  : Writing [ApiResponse(success=true, message=Login successful, data=AuthResponse(token=eyJhbGciOiJIUzUxMiJ9.eyJ (truncated)...]
2026-05-29T12:00:57.490+05:30 DEBUG 18660 --- [EasyRoute_Backend] [http-nio-8080-exec-2] o.s.web.servlet.DispatcherServlet        : Completed 200 OK
2026-05-29T12:00:57.628+05:30 DEBUG 18660 --- [EasyRoute_Backend] [http-nio-8080-exec-1] org.hibernate.SQL                        : 
    select
        u1_0.id,
        u1_0.address,
        u1_0.bank_details,
        u1_0.bio,
        u1_0.city,
        u1_0.created_at,
        u1_0.email,
        u1_0.email_verified,
        u1_0.emergency_contacts,
        u1_0.gstin,
        u1_0.is_active,
        u1_0.name,
        u1_0.password,
        u1_0.phone,
        u1_0.pincode,
        u1_0.preferred_route_area,
        u1_0.profile_photo_url,
        u1_0.role,
        u1_0.state,
        u1_0.updated_at 
    from
        users u1_0 
    where
        u1_0.email=?
2026-05-29T12:00:57.628+05:30 DEBUG 18660 --- [EasyRoute_Backend] [http-nio-8080-exec-8] org.hibernate.SQL                        : 
    select
        u1_0.id,
        u1_0.address,
        u1_0.bank_details,
        u1_0.bio,
        u1_0.city,
        u1_0.created_at,
        u1_0.email,
        u1_0.email_verified,
        u1_0.emergency_contacts,
        u1_0.gstin,
        u1_0.is_active,
        u1_0.name,
        u1_0.password,
        u1_0.phone,
        u1_0.pincode,
        u1_0.preferred_route_area,
        u1_0.profile_photo_url,
        u1_0.role,
        u1_0.state,
        u1_0.updated_at 
    from
        users u1_0 
    where
        u1_0.email=?
2026-05-29T12:00:57.629+05:30 DEBUG 18660 --- [EasyRoute_Backend] [http-nio-8080-exec-7] org.hibernate.SQL                        : 
    select
        u1_0.id,
        u1_0.address,
        u1_0.bank_details,
        u1_0.bio,
        u1_0.city,
        u1_0.created_at,
        u1_0.email,
        u1_0.email_verified,
        u1_0.emergency_contacts,
        u1_0.gstin,
        u1_0.is_active,
        u1_0.name,
        u1_0.password,
        u1_0.phone,
        u1_0.pincode,
        u1_0.preferred_route_area,
        u1_0.profile_photo_url,
        u1_0.role,
        u1_0.state,
        u1_0.updated_at 
    from
        users u1_0 
    where
        u1_0.email=?
2026-05-29T12:00:57.631+05:30 DEBUG 18660 --- [EasyRoute_Backend] [http-nio-8080-exec-1] o.s.web.servlet.DispatcherServlet        : GET "/api/v1/config/maps-key", parameters={}
2026-05-29T12:00:57.633+05:30 DEBUG 18660 --- [EasyRoute_Backend] [http-nio-8080-exec-1] o.s.w.s.handler.SimpleUrlHandlerMapping  : Mapped to ResourceHttpRequestHandler [classpath [META-INF/resources/], classpath [resources/], classpath [static/], classpath [public/], ServletContext [/]]
2026-05-29T12:00:57.635+05:30 DEBUG 18660 --- [EasyRoute_Backend] [http-nio-8080-exec-8] o.s.web.servlet.DispatcherServlet        : GET "/api/v1/rates/my-rate", parameters={}
2026-05-29T12:00:57.635+05:30 DEBUG 18660 --- [EasyRoute_Backend] [http-nio-8080-exec-8] s.w.s.m.m.a.RequestMappingHandlerMapping : Mapped to com.logistics.platform.controller.PlatformRateController#getMyRate(Authentication)
2026-05-29T12:00:57.635+05:30 DEBUG 18660 --- [EasyRoute_Backend] [http-nio-8080-exec-7] o.s.web.servlet.DispatcherServlet        : GET "/api/v1/shipments", parameters={}
2026-05-29T12:00:57.635+05:30 DEBUG 18660 --- [EasyRoute_Backend] [http-nio-8080-exec-1] o.s.w.s.r.ResourceHttpRequestHandler     : Resource not found
2026-05-29T12:00:57.638+05:30 DEBUG 18660 --- [EasyRoute_Backend] [http-nio-8080-exec-7] s.w.s.m.m.a.RequestMappingHandlerMapping : Mapped to com.logistics.platform.controller.ShipmentController#getMyShipments(User, ShipmentStatus)
2026-05-29T12:00:57.649+05:30 DEBUG 18660 --- [EasyRoute_Backend] [http-nio-8080-exec-7] org.hibernate.SQL                        : 
    select
        u1_0.id,
        u1_0.address,
        u1_0.bank_details,
        u1_0.bio,
        u1_0.city,
        u1_0.created_at,
        u1_0.email,
        u1_0.email_verified,
        u1_0.emergency_contacts,
        u1_0.gstin,
        u1_0.is_active,
        u1_0.name,
        u1_0.password,
        u1_0.phone,
        u1_0.pincode,
        u1_0.preferred_route_area,
        u1_0.profile_photo_url,
        u1_0.role,
        u1_0.state,
        u1_0.updated_at 
    from
        users u1_0 
    where
        u1_0.email=?
2026-05-29T12:00:57.649+05:30 DEBUG 18660 --- [EasyRoute_Backend] [http-nio-8080-exec-1] .m.m.a.ExceptionHandlerExceptionResolver : Using @ExceptionHandler com.logistics.platform.exception.GlobalExceptionHandler#handleGenericException(Exception)
2026-05-29T12:00:57.662+05:30 DEBUG 18660 --- [EasyRoute_Backend] [http-nio-8080-exec-1] o.s.w.s.m.m.a.HttpEntityMethodProcessor  : Using 'application/json', given [application/json, text/plain, */*] and supported [application/json, application/*+json]
2026-05-29T12:00:57.664+05:30 DEBUG 18660 --- [EasyRoute_Backend] [http-nio-8080-exec-1] o.s.w.s.m.m.a.HttpEntityMethodProcessor  : Writing [ApiResponse(success=false, message=An unexpected error occurred: No static resource api/v1/config/ma (truncated)...]
2026-05-29T12:00:57.671+05:30 DEBUG 18660 --- [EasyRoute_Backend] [http-nio-8080-exec-1] .m.m.a.ExceptionHandlerExceptionResolver : Resolved [org.springframework.web.servlet.resource.NoResourceFoundException: No static resource api/v1/config/maps-key.]
2026-05-29T12:00:57.671+05:30 DEBUG 18660 --- [EasyRoute_Backend] [http-nio-8080-exec-1] o.s.web.servlet.DispatcherServlet        : Completed 500 INTERNAL_SERVER_ERROR
2026-05-29T12:00:57.679+05:30 DEBUG 18660 --- [EasyRoute_Backend] [http-nio-8080-exec-2] org.hibernate.SQL                        : 
    select
        u1_0.id,
        u1_0.address,
        u1_0.bank_details,
        u1_0.bio,
        u1_0.city,
        u1_0.created_at,
        u1_0.email,
        u1_0.email_verified,
        u1_0.emergency_contacts,
        u1_0.gstin,
        u1_0.is_active,
        u1_0.name,
        u1_0.password,
        u1_0.phone,
        u1_0.pincode,
        u1_0.preferred_route_area,
        u1_0.profile_photo_url,
        u1_0.role,
        u1_0.state,
        u1_0.updated_at 
    from
        users u1_0 
    where
        u1_0.email=?
2026-05-29T12:00:57.689+05:30 DEBUG 18660 --- [EasyRoute_Backend] [http-nio-8080-exec-2] o.s.web.servlet.DispatcherServlet        : GET "/api/v1/config/maps-key", parameters={}
2026-05-29T12:00:57.691+05:30 DEBUG 18660 --- [EasyRoute_Backend] [http-nio-8080-exec-7] org.hibernate.SQL                        : 
    select
        s1_0.id,
        s1_0.actual_delivery_time,
        s1_0.actual_pickup_time,
        s1_0.cancellation_reason,
        s1_0.chargeable_weight,
        s1_0.cod_amount,
        s1_0.cod_charge,
        s1_0.courier_id,
        s1_0.created_at,
        s1_0.customer_id,
        s1_0.drop_address,
        s1_0.drop_city,
        s1_0.drop_lat,
        s1_0.drop_lng,
        s1_0.drop_pincode,
        s1_0.estimated_cost,
        s1_0.freight_charge,
        s1_0.fuel_charge,
        s1_0.gst_charge,
        s1_0.payment_mode,
        s1_0.pickup_address,
        s1_0.pickup_city,
        s1_0.pickup_lat,
        s1_0.pickup_lng,
        s1_0.pickup_partner_id,
        s1_0.pickup_pincode,
        s1_0.remote_charge,
        s1_0.scheduled_pickup_time,
        s1_0.status,
        s1_0.total_weight_kg,
        s1_0.tracking_number,
        s1_0.truck_id,
        s1_0.updated_at,
        s1_0.volumetric_weight 
    from
        shipments s1_0 
    where
        s1_0.customer_id=?
2026-05-29T12:00:57.691+05:30 DEBUG 18660 --- [EasyRoute_Backend] [http-nio-8080-exec-2] o.s.w.s.handler.SimpleUrlHandlerMapping  : Mapped to ResourceHttpRequestHandler [classpath [META-INF/resources/], classpath [resources/], classpath [static/], classpath [public/], ServletContext [/]]
2026-05-29T12:00:57.695+05:30 DEBUG 18660 --- [EasyRoute_Backend] [http-nio-8080-exec-2] o.s.w.s.r.ResourceHttpRequestHandler     : Resource not found
2026-05-29T12:00:57.695+05:30 DEBUG 18660 --- [EasyRoute_Backend] [http-nio-8080-exec-2] .m.m.a.ExceptionHandlerExceptionResolver : Using @ExceptionHandler com.logistics.platform.exception.GlobalExceptionHandler#handleGenericException(Exception)
2026-05-29T12:00:57.704+05:30 DEBUG 18660 --- [EasyRoute_Backend] [http-nio-8080-exec-2] o.s.w.s.m.m.a.HttpEntityMethodProcessor  : Using 'application/json', given [application/json, text/plain, */*] and supported [application/json, application/*+json]
2026-05-29T12:00:57.705+05:30 DEBUG 18660 --- [EasyRoute_Backend] [http-nio-8080-exec-2] o.s.w.s.m.m.a.HttpEntityMethodProcessor  : Writing [ApiResponse(success=false, message=An unexpected error occurred: No static resource api/v1/config/ma (truncated)...]
2026-05-29T12:00:57.706+05:30 DEBUG 18660 --- [EasyRoute_Backend] [http-nio-8080-exec-2] .m.m.a.ExceptionHandlerExceptionResolver : Resolved [org.springframework.web.servlet.resource.NoResourceFoundException: No static resource api/v1/config/maps-key.]
2026-05-29T12:00:57.707+05:30 DEBUG 18660 --- [EasyRoute_Backend] [http-nio-8080-exec-2] o.s.web.servlet.DispatcherServlet        : Completed 500 INTERNAL_SERVER_ERROR
2026-05-29T12:00:57.719+05:30 DEBUG 18660 --- [EasyRoute_Backend] [http-nio-8080-exec-8] org.hibernate.SQL                        : 
    select
        urc1_0.id,
        urc1_0.is_active,
        urc1_0.base_fare,
        urc1_0.commission_percentage,
        urc1_0.created_at,
        urc1_0.fixed_fee,
        urc1_0.name,
        urc1_0.per_kg_rate,
        urc1_0.per_km_rate,
        urc1_0.target_role,
        urc1_0.updated_at,
        urc1_0.user_id 
    from
        user_rate_cards urc1_0 
    where
        urc1_0.user_id=? 
        and urc1_0.is_active
2026-05-29T12:00:57.727+05:30 DEBUG 18660 --- [EasyRoute_Backend] [http-nio-8080-exec-8] org.hibernate.SQL                        : 
    select
        urc1_0.id,
        urc1_0.is_active,
        urc1_0.base_fare,
        urc1_0.commission_percentage,
        urc1_0.created_at,
        urc1_0.fixed_fee,
        urc1_0.name,
        urc1_0.per_kg_rate,
        urc1_0.per_km_rate,
        urc1_0.target_role,
        urc1_0.updated_at,
        urc1_0.user_id 
    from
        user_rate_cards urc1_0 
    where
        urc1_0.target_role=? 
        and urc1_0.is_active
2026-05-29T12:00:57.740+05:30 DEBUG 18660 --- [EasyRoute_Backend] [http-nio-8080-exec-8] o.s.w.s.m.m.a.HttpEntityMethodProcessor  : Using 'application/json', given [application/json, text/plain, */*] and supported [application/json, application/*+json]
2026-05-29T12:00:57.740+05:30 DEBUG 18660 --- [EasyRoute_Backend] [http-nio-8080-exec-8] o.s.w.s.m.m.a.HttpEntityMethodProcessor  : Nothing to write: null body
2026-05-29T12:00:57.740+05:30 DEBUG 18660 --- [EasyRoute_Backend] [http-nio-8080-exec-8] o.s.web.servlet.DispatcherServlet        : Completed 200 OK
2026-05-29T12:00:57.757+05:30 DEBUG 18660 --- [EasyRoute_Backend] [http-nio-8080-exec-7] org.hibernate.SQL                        : 
    select
        i1_0.shipment_id,
        i1_0.id,
        i1_0.created_at,
        i1_0.description,
        i1_0.fragile,
        i1_0.item_name,
        i1_0.quantity,
        i1_0.updated_at,
        i1_0.weight_kg 
    from
        shipment_items i1_0 
    where
        i1_0.shipment_id=?
2026-05-29T12:00:57.757+05:30 DEBUG 18660 --- [EasyRoute_Backend] [http-nio-8080-exec-4] org.hibernate.SQL                        : 
    select
        u1_0.id,
        u1_0.address,
        u1_0.bank_details,
        u1_0.bio,
        u1_0.city,
        u1_0.created_at,
        u1_0.email,
        u1_0.email_verified,
        u1_0.emergency_contacts,
        u1_0.gstin,
        u1_0.is_active,
        u1_0.name,
        u1_0.password,
        u1_0.phone,
        u1_0.pincode,
        u1_0.preferred_route_area,
        u1_0.profile_photo_url,
        u1_0.role,
        u1_0.state,
        u1_0.updated_at 
    from
        users u1_0 
    where
        u1_0.email=?
2026-05-29T12:00:57.758+05:30 DEBUG 18660 --- [EasyRoute_Backend] [http-nio-8080-exec-4] o.s.web.servlet.DispatcherServlet        : GET "/api/v1/rates/my-rate", parameters={}
2026-05-29T12:00:57.758+05:30 DEBUG 18660 --- [EasyRoute_Backend] [http-nio-8080-exec-4] s.w.s.m.m.a.RequestMappingHandlerMapping : Mapped to com.logistics.platform.controller.PlatformRateController#getMyRate(Authentication)
2026-05-29T12:00:57.766+05:30 DEBUG 18660 --- [EasyRoute_Backend] [http-nio-8080-exec-4] org.hibernate.SQL                        : 
    select
        urc1_0.id,
        urc1_0.is_active,
        urc1_0.base_fare,
        urc1_0.commission_percentage,
        urc1_0.created_at,
        urc1_0.fixed_fee,
        urc1_0.name,
        urc1_0.per_kg_rate,
        urc1_0.per_km_rate,
        urc1_0.target_role,
        urc1_0.updated_at,
        urc1_0.user_id 
    from
        user_rate_cards urc1_0 
    where
        urc1_0.user_id=? 
        and urc1_0.is_active
2026-05-29T12:00:57.776+05:30 DEBUG 18660 --- [EasyRoute_Backend] [http-nio-8080-exec-4] org.hibernate.SQL                        : 
    select
        urc1_0.id,
        urc1_0.is_active,
        urc1_0.base_fare,
        urc1_0.commission_percentage,
        urc1_0.created_at,
        urc1_0.fixed_fee,
        urc1_0.name,
        urc1_0.per_kg_rate,
        urc1_0.per_km_rate,
        urc1_0.target_role,
        urc1_0.updated_at,
        urc1_0.user_id 
    from
        user_rate_cards urc1_0 
    where
        urc1_0.target_role=? 
        and urc1_0.is_active
2026-05-29T12:00:57.780+05:30 DEBUG 18660 --- [EasyRoute_Backend] [http-nio-8080-exec-4] o.s.w.s.m.m.a.HttpEntityMethodProcessor  : Using 'application/json', given [application/json, text/plain, */*] and supported [application/json, application/*+json]
2026-05-29T12:00:57.780+05:30 DEBUG 18660 --- [EasyRoute_Backend] [http-nio-8080-exec-4] o.s.w.s.m.m.a.HttpEntityMethodProcessor  : Nothing to write: null body
2026-05-29T12:00:57.780+05:30 DEBUG 18660 --- [EasyRoute_Backend] [http-nio-8080-exec-4] o.s.web.servlet.DispatcherServlet        : Completed 200 OK
2026-05-29T12:00:57.793+05:30 DEBUG 18660 --- [EasyRoute_Backend] [http-nio-8080-exec-7] org.hibernate.SQL                        : 
    select
        t1_0.id,
        t1_0.capacity_tons,
        t1_0.created_at,
        t1_0.current_route_area,
        t1_0.insurance_url,
        t1_0.is_available,
        t1_0.is_rejected,
        t1_0.is_verified,
        t1_0.license_url,
        t1_0.owner_id,
        t1_0.rate_card_accepted,
        t1_0.rc_document_url,
        t1_0.registration_number,
        t1_0.truck_type,
        t1_0.updated_at 
    from
        trucks t1_0 
    where
        t1_0.id=?
2026-05-29T12:00:57.804+05:30 DEBUG 18660 --- [EasyRoute_Backend] [http-nio-8080-exec-7] org.hibernate.SQL                        : 
    select
        u1_0.id,
        u1_0.address,
        u1_0.bank_details,
        u1_0.bio,
        u1_0.city,
        u1_0.created_at,
        u1_0.email,
        u1_0.email_verified,
        u1_0.emergency_contacts,
        u1_0.gstin,
        u1_0.is_active,
        u1_0.name,
        u1_0.password,
        u1_0.phone,
        u1_0.pincode,
        u1_0.preferred_route_area,
        u1_0.profile_photo_url,
        u1_0.role,
        u1_0.state,
        u1_0.updated_at 
    from
        users u1_0 
    where
        u1_0.id=?
2026-05-29T12:00:57.811+05:30 DEBUG 18660 --- [EasyRoute_Backend] [http-nio-8080-exec-7] org.hibernate.SQL                        : 
    select
        u1_0.id,
        u1_0.address,
        u1_0.bank_details,
        u1_0.bio,
        u1_0.city,
        u1_0.created_at,
        u1_0.email,
        u1_0.email_verified,
        u1_0.emergency_contacts,
        u1_0.gstin,
        u1_0.is_active,
        u1_0.name,
        u1_0.password,
        u1_0.phone,
        u1_0.pincode,
        u1_0.preferred_route_area,
        u1_0.profile_photo_url,
        u1_0.role,
        u1_0.state,
        u1_0.updated_at 
    from
        users u1_0 
    where
        u1_0.id=?
2026-05-29T12:00:57.818+05:30 DEBUG 18660 --- [EasyRoute_Backend] [http-nio-8080-exec-7] org.hibernate.SQL                        : 
    select
        i1_0.shipment_id,
        i1_0.id,
        i1_0.created_at,
        i1_0.description,
        i1_0.fragile,
        i1_0.item_name,
        i1_0.quantity,
        i1_0.updated_at,
        i1_0.weight_kg 
    from
        shipment_items i1_0 
    where
        i1_0.shipment_id=?
2026-05-29T12:00:57.823+05:30 DEBUG 18660 --- [EasyRoute_Backend] [http-nio-8080-exec-7] o.s.w.s.m.m.a.HttpEntityMethodProcessor  : Using 'application/json', given [application/json, text/plain, */*] and supported [application/json, application/*+json]
2026-05-29T12:00:57.860+05:30 DEBUG 18660 --- [EasyRoute_Backend] [http-nio-8080-exec-7] o.s.w.s.m.m.a.HttpEntityMethodProcessor  : Writing [ApiResponse(success=true, message=Shipments retrieved successfully, data=[ShipmentResponse(id=440150 (truncated)...]
2026-05-29T12:00:57.881+05:30 DEBUG 18660 --- [EasyRoute_Backend] [http-nio-8080-exec-7] o.s.web.servlet.DispatcherServlet        : Completed 200 OK
2026-05-29T12:00:57.893+05:30 DEBUG 18660 --- [EasyRoute_Backend] [http-nio-8080-exec-3] org.hibernate.SQL                        : 
    select
        u1_0.id,
        u1_0.address,
        u1_0.bank_details,
        u1_0.bio,
        u1_0.city,
        u1_0.created_at,
        u1_0.email,
        u1_0.email_verified,
        u1_0.emergency_contacts,
        u1_0.gstin,
        u1_0.is_active,
        u1_0.name,
        u1_0.password,
        u1_0.phone,
        u1_0.pincode,
        u1_0.preferred_route_area,
        u1_0.profile_photo_url,
        u1_0.role,
        u1_0.state,
        u1_0.updated_at 
    from
        users u1_0 
    where
        u1_0.email=?
2026-05-29T12:00:57.897+05:30 DEBUG 18660 --- [EasyRoute_Backend] [http-nio-8080-exec-3] o.s.web.servlet.DispatcherServlet        : GET "/api/v1/shipments", parameters={}
2026-05-29T12:00:57.897+05:30 DEBUG 18660 --- [EasyRoute_Backend] [http-nio-8080-exec-3] s.w.s.m.m.a.RequestMappingHandlerMapping : Mapped to com.logistics.platform.controller.ShipmentController#getMyShipments(User, ShipmentStatus)
2026-05-29T12:00:57.900+05:30 DEBUG 18660 --- [EasyRoute_Backend] [http-nio-8080-exec-3] org.hibernate.SQL                        : 
    select
        u1_0.id,
        u1_0.address,
        u1_0.bank_details,
        u1_0.bio,
        u1_0.city,
        u1_0.created_at,
        u1_0.email,
        u1_0.email_verified,
        u1_0.emergency_contacts,
        u1_0.gstin,
        u1_0.is_active,
        u1_0.name,
        u1_0.password,
        u1_0.phone,
        u1_0.pincode,
        u1_0.preferred_route_area,
        u1_0.profile_photo_url,
        u1_0.role,
        u1_0.state,
        u1_0.updated_at 
    from
        users u1_0 
    where
        u1_0.email=?
2026-05-29T12:00:57.906+05:30 DEBUG 18660 --- [EasyRoute_Backend] [http-nio-8080-exec-3] org.hibernate.SQL                        : 
    select
        s1_0.id,
        s1_0.actual_delivery_time,
        s1_0.actual_pickup_time,
        s1_0.cancellation_reason,
        s1_0.chargeable_weight,
        s1_0.cod_amount,
        s1_0.cod_charge,
        s1_0.courier_id,
        s1_0.created_at,
        s1_0.customer_id,
        s1_0.drop_address,
        s1_0.drop_city,
        s1_0.drop_lat,
        s1_0.drop_lng,
        s1_0.drop_pincode,
        s1_0.estimated_cost,
        s1_0.freight_charge,
        s1_0.fuel_charge,
        s1_0.gst_charge,
        s1_0.payment_mode,
        s1_0.pickup_address,
        s1_0.pickup_city,
        s1_0.pickup_lat,
        s1_0.pickup_lng,
        s1_0.pickup_partner_id,
        s1_0.pickup_pincode,
        s1_0.remote_charge,
        s1_0.scheduled_pickup_time,
        s1_0.status,
        s1_0.total_weight_kg,
        s1_0.tracking_number,
        s1_0.truck_id,
        s1_0.updated_at,
        s1_0.volumetric_weight 
    from
        shipments s1_0 
    where
        s1_0.customer_id=?
2026-05-29T12:00:57.910+05:30 DEBUG 18660 --- [EasyRoute_Backend] [http-nio-8080-exec-3] org.hibernate.SQL                        : 
    select
        i1_0.shipment_id,
        i1_0.id,
        i1_0.created_at,
        i1_0.description,
        i1_0.fragile,
        i1_0.item_name,
        i1_0.quantity,
        i1_0.updated_at,
        i1_0.weight_kg 
    from
        shipment_items i1_0 
    where
        i1_0.shipment_id=?
2026-05-29T12:00:57.915+05:30 DEBUG 18660 --- [EasyRoute_Backend] [http-nio-8080-exec-3] org.hibernate.SQL                        : 
    select
        t1_0.id,
        t1_0.capacity_tons,
        t1_0.created_at,
        t1_0.current_route_area,
        t1_0.insurance_url,
        t1_0.is_available,
        t1_0.is_rejected,
        t1_0.is_verified,
        t1_0.license_url,
        t1_0.owner_id,
        t1_0.rate_card_accepted,
        t1_0.rc_document_url,
        t1_0.registration_number,
        t1_0.truck_type,
        t1_0.updated_at 
    from
        trucks t1_0 
    where
        t1_0.id=?
2026-05-29T12:00:57.916+05:30 DEBUG 18660 --- [EasyRoute_Backend] [http-nio-8080-exec-3] org.hibernate.SQL                        : 
    select
        u1_0.id,
        u1_0.address,
        u1_0.bank_details,
        u1_0.bio,
        u1_0.city,
        u1_0.created_at,
        u1_0.email,
        u1_0.email_verified,
        u1_0.emergency_contacts,
        u1_0.gstin,
        u1_0.is_active,
        u1_0.name,
        u1_0.password,
        u1_0.phone,
        u1_0.pincode,
        u1_0.preferred_route_area,
        u1_0.profile_photo_url,
        u1_0.role,
        u1_0.state,
        u1_0.updated_at 
    from
        users u1_0 
    where
        u1_0.id=?
2026-05-29T12:00:57.918+05:30 DEBUG 18660 --- [EasyRoute_Backend] [http-nio-8080-exec-3] org.hibernate.SQL                        : 
    select
        u1_0.id,
        u1_0.address,
        u1_0.bank_details,
        u1_0.bio,
        u1_0.city,
        u1_0.created_at,
        u1_0.email,
        u1_0.email_verified,
        u1_0.emergency_contacts,
        u1_0.gstin,
        u1_0.is_active,
        u1_0.name,
        u1_0.password,
        u1_0.phone,
        u1_0.pincode,
        u1_0.preferred_route_area,
        u1_0.profile_photo_url,
        u1_0.role,
        u1_0.state,
        u1_0.updated_at 
    from
        users u1_0 
    where
        u1_0.id=?
2026-05-29T12:00:57.920+05:30 DEBUG 18660 --- [EasyRoute_Backend] [http-nio-8080-exec-3] org.hibernate.SQL                        : 
    select
        i1_0.shipment_id,
        i1_0.id,
        i1_0.created_at,
        i1_0.description,
        i1_0.fragile,
        i1_0.item_name,
        i1_0.quantity,
        i1_0.updated_at,
        i1_0.weight_kg 
    from
        shipment_items i1_0 
    where
        i1_0.shipment_id=?
2026-05-29T12:00:57.926+05:30 DEBUG 18660 --- [EasyRoute_Backend] [http-nio-8080-exec-3] o.s.w.s.m.m.a.HttpEntityMethodProcessor  : Using 'application/json', given [application/json, text/plain, */*] and supported [application/json, application/*+json]
2026-05-29T12:00:57.926+05:30 DEBUG 18660 --- [EasyRoute_Backend] [http-nio-8080-exec-3] o.s.w.s.m.m.a.HttpEntityMethodProcessor  : Writing [ApiResponse(success=true, message=Shipments retrieved successfully, data=[ShipmentResponse(id=440150 (truncated)...]
2026-05-29T12:00:57.928+05:30 DEBUG 18660 --- [EasyRoute_Backend] [http-nio-8080-exec-3] o.s.web.servlet.DispatcherServlet        : Completed 200 OK
2026-05-29T12:04:30.489+05:30  INFO 18660 --- [EasyRoute_Backend] [RMI TCP Connection(13)-127.0.0.1] inMXBeanRegistrar$SpringApplicationAdmin : Application shutdown requested.
2026-05-29T12:04:30.503+05:30  INFO 18660 --- [EasyRoute_Backend] [RMI TCP Connection(13)-127.0.0.1] j.LocalContainerEntityManagerFactoryBean : Closing JPA EntityManagerFactory for persistence unit 'default'
2026-05-29T12:04:30.504+05:30  INFO 18660 --- [EasyRoute_Backend] [RMI TCP Connection(13)-127.0.0.1] com.zaxxer.hikari.HikariDataSource       : HikariPool-1 - Shutdown initiated...
2026-05-29T12:04:30.506+05:30  INFO 18660 --- [EasyRoute_Backend] [RMI TCP Connection(13)-127.0.0.1] com.zaxxer.hikari.HikariDataSource       : HikariPool-1 - Shutdown completed.
2026-05-29T12:04:37.520+05:30  INFO 33348 --- [EasyRoute_Backend] [main] c.l.p.LogisticsPlatformApplication       : Starting LogisticsPlatformApplication using Java 17.0.10 with PID 33348 (C:\Users\2531038\Desktop\LogisticsApplication\EasyRoute_backend\target\classes started by 2531038 in C:\Users\2531038\Desktop\LogisticsApplication\EasyRoute_backend)
2026-05-29T12:04:37.523+05:30 DEBUG 33348 --- [EasyRoute_Backend] [main] c.l.p.LogisticsPlatformApplication       : Running with Spring Boot v3.3.0, Spring v6.1.8
2026-05-29T12:04:37.525+05:30  INFO 33348 --- [EasyRoute_Backend] [main] c.l.p.LogisticsPlatformApplication       : No active profile set, falling back to 1 default profile: "default"
2026-05-29T12:04:38.176+05:30  INFO 33348 --- [EasyRoute_Backend] [main] .s.d.r.c.RepositoryConfigurationDelegate : Bootstrapping Spring Data JPA repositories in DEFAULT mode.
2026-05-29T12:04:38.287+05:30  INFO 33348 --- [EasyRoute_Backend] [main] .s.d.r.c.RepositoryConfigurationDelegate : Finished Spring Data repository scanning in 107 ms. Found 13 JPA repository interfaces.
2026-05-29T12:04:38.684+05:30  INFO 33348 --- [EasyRoute_Backend] [main] o.s.b.w.embedded.tomcat.TomcatWebServer  : Tomcat initialized with port 8080 (http)
2026-05-29T12:04:38.697+05:30  INFO 33348 --- [EasyRoute_Backend] [main] o.apache.catalina.core.StandardService   : Starting service [Tomcat]
2026-05-29T12:04:38.697+05:30  INFO 33348 --- [EasyRoute_Backend] [main] o.apache.catalina.core.StandardEngine    : Starting Servlet engine: [Apache Tomcat/10.1.24]
2026-05-29T12:04:38.739+05:30  INFO 33348 --- [EasyRoute_Backend] [main] o.a.c.c.C.[Tomcat].[localhost].[/]       : Initializing Spring embedded WebApplicationContext
2026-05-29T12:04:38.740+05:30  INFO 33348 --- [EasyRoute_Backend] [main] w.s.c.ServletWebServerApplicationContext : Root WebApplicationContext: initialization completed in 1076 ms
2026-05-29T12:04:38.832+05:30  INFO 33348 --- [EasyRoute_Backend] [main] o.hibernate.jpa.internal.util.LogHelper  : HHH000204: Processing PersistenceUnitInfo [name: default]
2026-05-29T12:04:38.862+05:30  INFO 33348 --- [EasyRoute_Backend] [main] org.hibernate.Version                    : HHH000412: Hibernate ORM core version 6.5.2.Final
2026-05-29T12:04:38.883+05:30  INFO 33348 --- [EasyRoute_Backend] [main] o.h.c.internal.RegionFactoryInitiator    : HHH000026: Second-level cache disabled
2026-05-29T12:04:39.034+05:30  INFO 33348 --- [EasyRoute_Backend] [main] o.s.o.j.p.SpringPersistenceUnitInfo      : No LoadTimeWeaver setup: ignoring JPA class transformer
2026-05-29T12:04:39.047+05:30  INFO 33348 --- [EasyRoute_Backend] [main] com.zaxxer.hikari.HikariDataSource       : HikariPool-1 - Starting...
2026-05-29T12:04:39.083+05:30  INFO 33348 --- [EasyRoute_Backend] [main] com.zaxxer.hikari.pool.HikariPool        : HikariPool-1 - Added connection org.postgresql.jdbc.PgConnection@48333b12
2026-05-29T12:04:39.084+05:30  INFO 33348 --- [EasyRoute_Backend] [main] com.zaxxer.hikari.HikariDataSource       : HikariPool-1 - Start completed.
2026-05-29T12:04:39.105+05:30  WARN 33348 --- [EasyRoute_Backend] [main] org.hibernate.orm.deprecation            : HHH90000025: PostgreSQLDialect does not need to be specified explicitly using 'hibernate.dialect' (remove the property setting and it will be selected by default)
2026-05-29T12:04:39.874+05:30  INFO 33348 --- [EasyRoute_Backend] [main] o.h.e.t.j.p.i.JtaPlatformInitiator       : HHH000489: No JTA platform available (set 'hibernate.transaction.jta.platform' to enable JTA platform integration)
2026-05-29T12:04:39.914+05:30 DEBUG 33348 --- [EasyRoute_Backend] [main] org.hibernate.SQL                        : 
    alter table if exists audit_logs 
       alter column notes set data type TEXT
2026-05-29T12:04:39.918+05:30 DEBUG 33348 --- [EasyRoute_Backend] [main] org.hibernate.SQL                        : 
    alter table if exists shipment_items 
       alter column description set data type TEXT
2026-05-29T12:04:39.920+05:30 DEBUG 33348 --- [EasyRoute_Backend] [main] org.hibernate.SQL                        : 
    alter table if exists support_tickets 
       alter column admin_reply set data type TEXT
2026-05-29T12:04:39.921+05:30 DEBUG 33348 --- [EasyRoute_Backend] [main] org.hibernate.SQL                        : 
    alter table if exists support_tickets 
       alter column description set data type TEXT
2026-05-29T12:04:39.924+05:30 DEBUG 33348 --- [EasyRoute_Backend] [main] org.hibernate.SQL                        : 
    alter table if exists trucks 
       alter column insurance_url set data type TEXT
2026-05-29T12:04:39.924+05:30 DEBUG 33348 --- [EasyRoute_Backend] [main] org.hibernate.SQL                        : 
    alter table if exists trucks 
       alter column license_url set data type TEXT
2026-05-29T12:04:39.926+05:30 DEBUG 33348 --- [EasyRoute_Backend] [main] org.hibernate.SQL                        : 
    alter table if exists trucks 
       alter column rc_document_url set data type TEXT
2026-05-29T12:04:39.928+05:30 DEBUG 33348 --- [EasyRoute_Backend] [main] org.hibernate.SQL                        : 
    alter table if exists users 
       alter column bio set data type TEXT
2026-05-29T12:04:40.015+05:30  INFO 33348 --- [EasyRoute_Backend] [main] j.LocalContainerEntityManagerFactoryBean : Initialized JPA EntityManagerFactory for persistence unit 'default'
2026-05-29T12:04:40.201+05:30 DEBUG 33348 --- [EasyRoute_Backend] [main] c.l.p.security.JwtAuthenticationFilter   : Filter 'jwtAuthenticationFilter' configured for use
2026-05-29T12:04:40.592+05:30  INFO 33348 --- [EasyRoute_Backend] [main] r$InitializeUserDetailsManagerConfigurer : Global AuthenticationManager configured with UserDetailsService bean with name customUserDetailsService
2026-05-29T12:04:40.821+05:30 DEBUG 33348 --- [EasyRoute_Backend] [main] s.w.s.m.m.a.RequestMappingHandlerMapping : 48 mappings in 'requestMappingHandlerMapping'
2026-05-29T12:04:40.843+05:30 DEBUG 33348 --- [EasyRoute_Backend] [main] o.s.w.s.handler.SimpleUrlHandlerMapping  : Patterns [/webjars/**, /**, /swagger-ui*/*swagger-initializer.js, /swagger-ui*/**] in 'resourceHandlerMapping'
2026-05-29T12:04:40.876+05:30  INFO 33348 --- [EasyRoute_Backend] [main] o.s.s.web.DefaultSecurityFilterChain     : Will secure any request with [org.springframework.security.web.session.DisableEncodeUrlFilter@5b628376, org.springframework.security.web.context.request.async.WebAsyncManagerIntegrationFilter@930b6f9, org.springframework.security.web.context.SecurityContextHolderFilter@2d4eba14, org.springframework.security.web.header.HeaderWriterFilter@319428ba, org.springframework.web.filter.CorsFilter@15363eba, org.springframework.security.web.authentication.logout.LogoutFilter@193b6f5b, com.logistics.platform.security.JwtAuthenticationFilter@70d61624, org.springframework.security.web.savedrequest.RequestCacheAwareFilter@2fc72df3, org.springframework.security.web.servletapi.SecurityContextHolderAwareRequestFilter@66c58c03, org.springframework.security.web.authentication.AnonymousAuthenticationFilter@6d6e8dfc, org.springframework.security.web.session.SessionManagementFilter@794c22cd, org.springframework.security.web.access.ExceptionTranslationFilter@223ed38f, org.springframework.security.web.access.intercept.AuthorizationFilter@64b6d6dd]
2026-05-29T12:04:40.938+05:30 DEBUG 33348 --- [EasyRoute_Backend] [main] s.w.s.m.m.a.RequestMappingHandlerAdapter : ControllerAdvice beans: 0 @ModelAttribute, 0 @InitBinder, 1 RequestBodyAdvice, 1 ResponseBodyAdvice
2026-05-29T12:04:40.960+05:30 DEBUG 33348 --- [EasyRoute_Backend] [main] .m.m.a.ExceptionHandlerExceptionResolver : ControllerAdvice beans: 2 @ExceptionHandler, 1 ResponseBodyAdvice
2026-05-29T12:04:41.130+05:30  INFO 33348 --- [EasyRoute_Backend] [main] o.s.b.w.embedded.tomcat.TomcatWebServer  : Tomcat started on port 8080 (http) with context path '/'
2026-05-29T12:04:41.137+05:30  INFO 33348 --- [EasyRoute_Backend] [main] c.l.p.LogisticsPlatformApplication       : Started LogisticsPlatformApplication in 3.953 seconds (process running for 4.345)
2026-05-29T12:04:41.216+05:30 DEBUG 33348 --- [EasyRoute_Backend] [main] org.hibernate.SQL                        : 
    select
        u1_0.id 
    from
        users u1_0 
    where
        u1_0.email=? 
    fetch
        first ? rows only
2026-05-29T12:04:41.316+05:30 DEBUG 33348 --- [EasyRoute_Backend] [main] org.hibernate.SQL                        : 
    select
        count(*) 
    from
        user_rate_cards urc1_0
2026-05-29T12:04:41.324+05:30 DEBUG 33348 --- [EasyRoute_Backend] [main] org.hibernate.SQL                        : 
    select
        count(*) 
    from
        couriers c1_0
2026-05-29T12:05:02.064+05:30  INFO 33348 --- [EasyRoute_Backend] [http-nio-8080-exec-1] o.a.c.c.C.[Tomcat].[localhost].[/]       : Initializing Spring DispatcherServlet 'dispatcherServlet'
2026-05-29T12:05:02.069+05:30  INFO 33348 --- [EasyRoute_Backend] [http-nio-8080-exec-1] o.s.web.servlet.DispatcherServlet        : Initializing Servlet 'dispatcherServlet'
2026-05-29T12:05:02.070+05:30 DEBUG 33348 --- [EasyRoute_Backend] [http-nio-8080-exec-1] o.s.web.servlet.DispatcherServlet        : Detected StandardServletMultipartResolver
2026-05-29T12:05:02.071+05:30 DEBUG 33348 --- [EasyRoute_Backend] [http-nio-8080-exec-1] o.s.web.servlet.DispatcherServlet        : Detected AcceptHeaderLocaleResolver
2026-05-29T12:05:02.072+05:30 DEBUG 33348 --- [EasyRoute_Backend] [http-nio-8080-exec-1] o.s.web.servlet.DispatcherServlet        : Detected FixedThemeResolver
2026-05-29T12:05:02.075+05:30 DEBUG 33348 --- [EasyRoute_Backend] [http-nio-8080-exec-1] o.s.web.servlet.DispatcherServlet        : Detected org.springframework.web.servlet.view.DefaultRequestToViewNameTranslator@3d73f2a1
2026-05-29T12:05:02.075+05:30 DEBUG 33348 --- [EasyRoute_Backend] [http-nio-8080-exec-1] o.s.web.servlet.DispatcherServlet        : Detected org.springframework.web.servlet.support.SessionFlashMapManager@31c9bb2f
2026-05-29T12:05:02.077+05:30 DEBUG 33348 --- [EasyRoute_Backend] [http-nio-8080-exec-1] o.s.web.servlet.DispatcherServlet        : enableLoggingRequestDetails='false': request parameters and headers will be masked to prevent unsafe logging of potentially sensitive data
2026-05-29T12:05:02.077+05:30  INFO 33348 --- [EasyRoute_Backend] [http-nio-8080-exec-1] o.s.web.servlet.DispatcherServlet        : Completed initialization in 7 ms
2026-05-29T12:05:02.379+05:30 DEBUG 33348 --- [EasyRoute_Backend] [http-nio-8080-exec-3] org.hibernate.SQL                        : 
    select
        u1_0.id,
        u1_0.address,
        u1_0.bank_details,
        u1_0.bio,
        u1_0.city,
        u1_0.created_at,
        u1_0.email,
        u1_0.email_verified,
        u1_0.emergency_contacts,
        u1_0.gstin,
        u1_0.is_active,
        u1_0.name,
        u1_0.password,
        u1_0.phone,
        u1_0.pincode,
        u1_0.preferred_route_area,
        u1_0.profile_photo_url,
        u1_0.role,
        u1_0.state,
        u1_0.updated_at 
    from
        users u1_0 
    where
        u1_0.email=?
2026-05-29T12:05:02.409+05:30 DEBUG 33348 --- [EasyRoute_Backend] [http-nio-8080-exec-3] o.s.web.servlet.DispatcherServlet        : GET "/api/v1/ai/chat?message=what%20is%20the%20promlem", parameters={masked}
2026-05-29T12:05:02.420+05:30 DEBUG 33348 --- [EasyRoute_Backend] [http-nio-8080-exec-3] s.w.s.m.m.a.RequestMappingHandlerMapping : Mapped to com.logistics.platform.controller.AiController#chat(String)
2026-05-29T12:05:02.798+05:30 DEBUG 33348 --- [EasyRoute_Backend] [http-nio-8080-exec-3] o.s.web.client.DefaultRestClient         : Writing [ChatCompletionRequest[messages=[ChatCompletionMessage[rawContent=[{type=text, text=You are an expert Logistics and Supply Chain Assistant. You help users with shipping, warehousing, inventory management, and transportation queries. Provide concise, professional, and accurate answers.}], role=SYSTEM, name=null, toolCallId=null, toolCalls=null], ChatCompletionMessage[rawContent=[{type=text, text=what is the promlem}], role=USER, name=null, toolCallId=null, toolCalls=null]], model=gpt-3.5-turbo, frequencyPenalty=null, logitBias=null, logprobs=null, topLogprobs=null, maxTokens=null, n=null, presencePenalty=null, responseFormat=null, seed=null, stop=null, stream=false, temperature=0.7, topP=null, tools=null, toolChoice=null, user=null]] as "application/json" with org.springframework.http.converter.json.MappingJackson2HttpMessageConverter
2026-05-29T12:05:04.930+05:30  WARN 33348 --- [EasyRoute_Backend] [http-nio-8080-exec-3] o.s.a.a.r.SpringAiRetryAutoConfiguration : Retry error. Retry count:1

org.springframework.ai.retry.NonTransientAiException: 429 - {
    "error": {
        "message": "You exceeded your current quota, please check your plan and billing details. For more information on this error, read the docs: https://platform.openai.com/docs/guides/error-codes/api-errors.",
        "type": "insufficient_quota",
        "param": null,
        "code": "insufficient_quota"
    }
}

	at org.springframework.ai.autoconfigure.retry.SpringAiRetryAutoConfiguration$2.handleError(SpringAiRetryAutoConfiguration.java:95) ~[spring-ai-spring-boot-autoconfigure-1.0.0-M1.jar:1.0.0-M1]
	at org.springframework.web.client.ResponseErrorHandler.handleError(ResponseErrorHandler.java:63) ~[spring-web-6.1.8.jar:6.1.8]
	at org.springframework.web.client.StatusHandler.lambda$fromErrorHandler$1(StatusHandler.java:71) ~[spring-web-6.1.8.jar:6.1.8]
	at org.springframework.web.client.StatusHandler.handle(StatusHandler.java:146) ~[spring-web-6.1.8.jar:6.1.8]
	at org.springframework.web.client.DefaultRestClient$DefaultResponseSpec.applyStatusHandlers(DefaultRestClient.java:701) ~[spring-web-6.1.8.jar:6.1.8]
	at org.springframework.web.client.DefaultRestClient.readWithMessageConverters(DefaultRestClient.java:200) ~[spring-web-6.1.8.jar:6.1.8]
	at org.springframework.web.client.DefaultRestClient$DefaultResponseSpec.readBody(DefaultRestClient.java:688) ~[spring-web-6.1.8.jar:6.1.8]
	at org.springframework.web.client.DefaultRestClient$DefaultResponseSpec.toEntityInternal(DefaultRestClient.java:658) ~[spring-web-6.1.8.jar:6.1.8]
	at org.springframework.web.client.DefaultRestClient$DefaultResponseSpec.toEntity(DefaultRestClient.java:647) ~[spring-web-6.1.8.jar:6.1.8]
	at org.springframework.ai.openai.api.OpenAiApi.chatCompletionEntity(OpenAiApi.java:778) ~[spring-ai-openai-1.0.0-M1.jar:1.0.0-M1]
	at org.springframework.ai.openai.OpenAiChatModel.doChatCompletion(OpenAiChatModel.java:376) ~[spring-ai-openai-1.0.0-M1.jar:1.0.0-M1]
	at org.springframework.ai.openai.OpenAiChatModel.doChatCompletion(OpenAiChatModel.java:76) ~[spring-ai-openai-1.0.0-M1.jar:1.0.0-M1]
	at org.springframework.ai.model.function.AbstractFunctionCallSupport.callWithFunctionSupport(AbstractFunctionCallSupport.java:127) ~[spring-ai-core-1.0.0-M1.jar:1.0.0-M1]
	at org.springframework.ai.openai.OpenAiChatModel.lambda$call$1(OpenAiChatModel.java:144) ~[spring-ai-openai-1.0.0-M1.jar:1.0.0-M1]
	at org.springframework.retry.support.RetryTemplate.doExecute(RetryTemplate.java:344) ~[spring-retry-2.0.6.jar:na]
	at org.springframework.retry.support.RetryTemplate.execute(RetryTemplate.java:217) ~[spring-retry-2.0.6.jar:na]
	at org.springframework.ai.openai.OpenAiChatModel.call(OpenAiChatModel.java:142) ~[spring-ai-openai-1.0.0-M1.jar:1.0.0-M1]
	at org.springframework.ai.chat.client.ChatClient$ChatClientRequest$CallResponseSpec.doGetChatResponse(ChatClient.java:616) ~[spring-ai-core-1.0.0-M1.jar:1.0.0-M1]
	at org.springframework.ai.chat.client.ChatClient$ChatClientRequest$CallResponseSpec.doGetChatResponse(ChatClient.java:569) ~[spring-ai-core-1.0.0-M1.jar:1.0.0-M1]
	at org.springframework.ai.chat.client.ChatClient$ChatClientRequest$CallResponseSpec.content(ChatClient.java:635) ~[spring-ai-core-1.0.0-M1.jar:1.0.0-M1]
	at com.logistics.platform.service.AiService.getChatResponse(AiService.java:21) ~[classes/:na]
	at com.logistics.platform.controller.AiController.chat(AiController.java:19) ~[classes/:na]
	at java.base/jdk.internal.reflect.NativeMethodAccessorImpl.invoke0(Native Method) ~[na:na]
	at java.base/jdk.internal.reflect.NativeMethodAccessorImpl.invoke(NativeMethodAccessorImpl.java:77) ~[na:na]
	at java.base/jdk.internal.reflect.DelegatingMethodAccessorImpl.invoke(DelegatingMethodAccessorImpl.java:43) ~[na:na]
	at java.base/java.lang.reflect.Method.invoke(Method.java:568) ~[na:na]
	at org.springframework.web.method.support.InvocableHandlerMethod.doInvoke(InvocableHandlerMethod.java:255) ~[spring-web-6.1.8.jar:6.1.8]
	at org.springframework.web.method.support.InvocableHandlerMethod.invokeForRequest(InvocableHandlerMethod.java:188) ~[spring-web-6.1.8.jar:6.1.8]
	at org.springframework.web.servlet.mvc.method.annotation.ServletInvocableHandlerMethod.invokeAndHandle(ServletInvocableHandlerMethod.java:118) ~[spring-webmvc-6.1.8.jar:6.1.8]
	at org.springframework.web.servlet.mvc.method.annotation.RequestMappingHandlerAdapter.invokeHandlerMethod(RequestMappingHandlerAdapter.java:926) ~[spring-webmvc-6.1.8.jar:6.1.8]
	at org.springframework.web.servlet.mvc.method.annotation.RequestMappingHandlerAdapter.handleInternal(RequestMappingHandlerAdapter.java:831) ~[spring-webmvc-6.1.8.jar:6.1.8]
	at org.springframework.web.servlet.mvc.method.AbstractHandlerMethodAdapter.handle(AbstractHandlerMethodAdapter.java:87) ~[spring-webmvc-6.1.8.jar:6.1.8]
	at org.springframework.web.servlet.DispatcherServlet.doDispatch(DispatcherServlet.java:1089) ~[spring-webmvc-6.1.8.jar:6.1.8]
	at org.springframework.web.servlet.DispatcherServlet.doService(DispatcherServlet.java:979) ~[spring-webmvc-6.1.8.jar:6.1.8]
	at org.springframework.web.servlet.FrameworkServlet.processRequest(FrameworkServlet.java:1014) ~[spring-webmvc-6.1.8.jar:6.1.8]
	at org.springframework.web.servlet.FrameworkServlet.doGet(FrameworkServlet.java:903) ~[spring-webmvc-6.1.8.jar:6.1.8]
	at jakarta.servlet.http.HttpServlet.service(HttpServlet.java:564) ~[tomcat-embed-core-10.1.24.jar:6.0]
	at org.springframework.web.servlet.FrameworkServlet.service(FrameworkServlet.java:885) ~[spring-webmvc-6.1.8.jar:6.1.8]
	at jakarta.servlet.http.HttpServlet.service(HttpServlet.java:658) ~[tomcat-embed-core-10.1.24.jar:6.0]
	at org.apache.catalina.core.ApplicationFilterChain.internalDoFilter(ApplicationFilterChain.java:195) ~[tomcat-embed-core-10.1.24.jar:10.1.24]
	at org.apache.catalina.core.ApplicationFilterChain.doFilter(ApplicationFilterChain.java:140) ~[tomcat-embed-core-10.1.24.jar:10.1.24]
	at org.apache.tomcat.websocket.server.WsFilter.doFilter(WsFilter.java:51) ~[tomcat-embed-websocket-10.1.24.jar:10.1.24]
	at org.apache.catalina.core.ApplicationFilterChain.internalDoFilter(ApplicationFilterChain.java:164) ~[tomcat-embed-core-10.1.24.jar:10.1.24]
	at org.apache.catalina.core.ApplicationFilterChain.doFilter(ApplicationFilterChain.java:140) ~[tomcat-embed-core-10.1.24.jar:10.1.24]
	at org.springframework.web.filter.OncePerRequestFilter.doFilter(OncePerRequestFilter.java:110) ~[spring-web-6.1.8.jar:6.1.8]
	at org.apache.catalina.core.ApplicationFilterChain.internalDoFilter(ApplicationFilterChain.java:164) ~[tomcat-embed-core-10.1.24.jar:10.1.24]
	at org.apache.catalina.core.ApplicationFilterChain.doFilter(ApplicationFilterChain.java:140) ~[tomcat-embed-core-10.1.24.jar:10.1.24]
	at org.springframework.web.filter.CompositeFilter$VirtualFilterChain.doFilter(CompositeFilter.java:108) ~[spring-web-6.1.8.jar:6.1.8]
	at org.springframework.security.web.FilterChainProxy.lambda$doFilterInternal$3(FilterChainProxy.java:231) ~[spring-security-web-6.3.0.jar:6.3.0]
	at org.springframework.security.web.FilterChainProxy$VirtualFilterChain.doFilter(FilterChainProxy.java:365) ~[spring-security-web-6.3.0.jar:6.3.0]
	at org.springframework.security.web.access.intercept.AuthorizationFilter.doFilter(AuthorizationFilter.java:100) ~[spring-security-web-6.3.0.jar:6.3.0]
	at org.springframework.security.web.FilterChainProxy$VirtualFilterChain.doFilter(FilterChainProxy.java:374) ~[spring-security-web-6.3.0.jar:6.3.0]
	at org.springframework.security.web.access.ExceptionTranslationFilter.doFilter(ExceptionTranslationFilter.java:126) ~[spring-security-web-6.3.0.jar:6.3.0]
	at org.springframework.security.web.access.ExceptionTranslationFilter.doFilter(ExceptionTranslationFilter.java:120) ~[spring-security-web-6.3.0.jar:6.3.0]
	at org.springframework.security.web.FilterChainProxy$VirtualFilterChain.doFilter(FilterChainProxy.java:374) ~[spring-security-web-6.3.0.jar:6.3.0]
	at org.springframework.security.web.session.SessionManagementFilter.doFilter(SessionManagementFilter.java:131) ~[spring-security-web-6.3.0.jar:6.3.0]
	at org.springframework.security.web.session.SessionManagementFilter.doFilter(SessionManagementFilter.java:85) ~[spring-security-web-6.3.0.jar:6.3.0]
	at org.springframework.security.web.FilterChainProxy$VirtualFilterChain.doFilter(FilterChainProxy.java:374) ~[spring-security-web-6.3.0.jar:6.3.0]
	at org.springframework.security.web.authentication.AnonymousAuthenticationFilter.doFilter(AnonymousAuthenticationFilter.java:100) ~[spring-security-web-6.3.0.jar:6.3.0]
	at org.springframework.security.web.FilterChainProxy$VirtualFilterChain.doFilter(FilterChainProxy.java:374) ~[spring-security-web-6.3.0.jar:6.3.0]
	at org.springframework.security.web.servletapi.SecurityContextHolderAwareRequestFilter.doFilter(SecurityContextHolderAwareRequestFilter.java:179) ~[spring-security-web-6.3.0.jar:6.3.0]
	at org.springframework.security.web.FilterChainProxy$VirtualFilterChain.doFilter(FilterChainProxy.java:374) ~[spring-security-web-6.3.0.jar:6.3.0]
	at org.springframework.security.web.savedrequest.RequestCacheAwareFilter.doFilter(RequestCacheAwareFilter.java:63) ~[spring-security-web-6.3.0.jar:6.3.0]
	at org.springframework.security.web.FilterChainProxy$VirtualFilterChain.doFilter(FilterChainProxy.java:374) ~[spring-security-web-6.3.0.jar:6.3.0]
	at com.logistics.platform.security.JwtAuthenticationFilter.doFilterInternal(JwtAuthenticationFilter.java:45) ~[classes/:na]
	at org.springframework.web.filter.OncePerRequestFilter.doFilter(OncePerRequestFilter.java:116) ~[spring-web-6.1.8.jar:6.1.8]
	at org.springframework.security.web.FilterChainProxy$VirtualFilterChain.doFilter(FilterChainProxy.java:374) ~[spring-security-web-6.3.0.jar:6.3.0]
	at org.springframework.security.web.authentication.logout.LogoutFilter.doFilter(LogoutFilter.java:107) ~[spring-security-web-6.3.0.jar:6.3.0]
	at org.springframework.security.web.authentication.logout.LogoutFilter.doFilter(LogoutFilter.java:93) ~[spring-security-web-6.3.0.jar:6.3.0]
	at org.springframework.security.web.FilterChainProxy$VirtualFilterChain.doFilter(FilterChainProxy.java:374) ~[spring-security-web-6.3.0.jar:6.3.0]
	at org.springframework.web.filter.CorsFilter.doFilterInternal(CorsFilter.java:91) ~[spring-web-6.1.8.jar:6.1.8]
	at org.springframework.web.filter.OncePerRequestFilter.doFilter(OncePerRequestFilter.java:116) ~[spring-web-6.1.8.jar:6.1.8]
	at org.springframework.security.web.FilterChainProxy$VirtualFilterChain.doFilter(FilterChainProxy.java:374) ~[spring-security-web-6.3.0.jar:6.3.0]
	at org.springframework.security.web.header.HeaderWriterFilter.doHeadersAfter(HeaderWriterFilter.java:90) ~[spring-security-web-6.3.0.jar:6.3.0]
	at org.springframework.security.web.header.HeaderWriterFilter.doFilterInternal(HeaderWriterFilter.java:75) ~[spring-security-web-6.3.0.jar:6.3.0]
	at org.springframework.web.filter.OncePerRequestFilter.doFilter(OncePerRequestFilter.java:116) ~[spring-web-6.1.8.jar:6.1.8]
	at org.springframework.security.web.FilterChainProxy$VirtualFilterChain.doFilter(FilterChainProxy.java:374) ~[spring-security-web-6.3.0.jar:6.3.0]
	at org.springframework.security.web.context.SecurityContextHolderFilter.doFilter(SecurityContextHolderFilter.java:82) ~[spring-security-web-6.3.0.jar:6.3.0]
	at org.springframework.security.web.context.SecurityContextHolderFilter.doFilter(SecurityContextHolderFilter.java:69) ~[spring-security-web-6.3.0.jar:6.3.0]
	at org.springframework.security.web.FilterChainProxy$VirtualFilterChain.doFilter(FilterChainProxy.java:374) ~[spring-security-web-6.3.0.jar:6.3.0]
	at org.springframework.security.web.context.request.async.WebAsyncManagerIntegrationFilter.doFilterInternal(WebAsyncManagerIntegrationFilter.java:62) ~[spring-security-web-6.3.0.jar:6.3.0]
	at org.springframework.web.filter.OncePerRequestFilter.doFilter(OncePerRequestFilter.java:116) ~[spring-web-6.1.8.jar:6.1.8]
	at org.springframework.security.web.FilterChainProxy$VirtualFilterChain.doFilter(FilterChainProxy.java:374) ~[spring-security-web-6.3.0.jar:6.3.0]
	at org.springframework.security.web.session.DisableEncodeUrlFilter.doFilterInternal(DisableEncodeUrlFilter.java:42) ~[spring-security-web-6.3.0.jar:6.3.0]
	at org.springframework.web.filter.OncePerRequestFilter.doFilter(OncePerRequestFilter.java:116) ~[spring-web-6.1.8.jar:6.1.8]
	at org.springframework.security.web.FilterChainProxy$VirtualFilterChain.doFilter(FilterChainProxy.java:374) ~[spring-security-web-6.3.0.jar:6.3.0]
	at org.springframework.security.web.FilterChainProxy.doFilterInternal(FilterChainProxy.java:233) ~[spring-security-web-6.3.0.jar:6.3.0]
	at org.springframework.security.web.FilterChainProxy.doFilter(FilterChainProxy.java:191) ~[spring-security-web-6.3.0.jar:6.3.0]
	at org.springframework.web.filter.CompositeFilter$VirtualFilterChain.doFilter(CompositeFilter.java:113) ~[spring-web-6.1.8.jar:6.1.8]
	at org.springframework.web.servlet.handler.HandlerMappingIntrospector.lambda$createCacheFilter$3(HandlerMappingIntrospector.java:195) ~[spring-webmvc-6.1.8.jar:6.1.8]
	at org.springframework.web.filter.CompositeFilter$VirtualFilterChain.doFilter(CompositeFilter.java:113) ~[spring-web-6.1.8.jar:6.1.8]
	at org.springframework.web.filter.CompositeFilter.doFilter(CompositeFilter.java:74) ~[spring-web-6.1.8.jar:6.1.8]
	at org.springframework.security.config.annotation.web.configuration.WebMvcSecurityConfiguration$CompositeFilterChainProxy.doFilter(WebMvcSecurityConfiguration.java:230) ~[spring-security-config-6.3.0.jar:6.3.0]
	at org.springframework.web.filter.DelegatingFilterProxy.invokeDelegate(DelegatingFilterProxy.java:352) ~[spring-web-6.1.8.jar:6.1.8]
	at org.springframework.web.filter.DelegatingFilterProxy.doFilter(DelegatingFilterProxy.java:268) ~[spring-web-6.1.8.jar:6.1.8]
	at org.apache.catalina.core.ApplicationFilterChain.internalDoFilter(ApplicationFilterChain.java:164) ~[tomcat-embed-core-10.1.24.jar:10.1.24]
	at org.apache.catalina.core.ApplicationFilterChain.doFilter(ApplicationFilterChain.java:140) ~[tomcat-embed-core-10.1.24.jar:10.1.24]
	at org.springframework.web.filter.RequestContextFilter.doFilterInternal(RequestContextFilter.java:100) ~[spring-web-6.1.8.jar:6.1.8]
	at org.springframework.web.filter.OncePerRequestFilter.doFilter(OncePerRequestFilter.java:116) ~[spring-web-6.1.8.jar:6.1.8]
	at org.apache.catalina.core.ApplicationFilterChain.internalDoFilter(ApplicationFilterChain.java:164) ~[tomcat-embed-core-10.1.24.jar:10.1.24]
	at org.apache.catalina.core.ApplicationFilterChain.doFilter(ApplicationFilterChain.java:140) ~[tomcat-embed-core-10.1.24.jar:10.1.24]
	at org.springframework.web.filter.FormContentFilter.doFilterInternal(FormContentFilter.java:93) ~[spring-web-6.1.8.jar:6.1.8]
	at org.springframework.web.filter.OncePerRequestFilter.doFilter(OncePerRequestFilter.java:116) ~[spring-web-6.1.8.jar:6.1.8]
	at org.apache.catalina.core.ApplicationFilterChain.internalDoFilter(ApplicationFilterChain.java:164) ~[tomcat-embed-core-10.1.24.jar:10.1.24]
	at org.apache.catalina.core.ApplicationFilterChain.doFilter(ApplicationFilterChain.java:140) ~[tomcat-embed-core-10.1.24.jar:10.1.24]
	at org.springframework.web.filter.CharacterEncodingFilter.doFilterInternal(CharacterEncodingFilter.java:201) ~[spring-web-6.1.8.jar:6.1.8]
	at org.springframework.web.filter.OncePerRequestFilter.doFilter(OncePerRequestFilter.java:116) ~[spring-web-6.1.8.jar:6.1.8]
	at org.apache.catalina.core.ApplicationFilterChain.internalDoFilter(ApplicationFilterChain.java:164) ~[tomcat-embed-core-10.1.24.jar:10.1.24]
	at org.apache.catalina.core.ApplicationFilterChain.doFilter(ApplicationFilterChain.java:140) ~[tomcat-embed-core-10.1.24.jar:10.1.24]
	at org.apache.catalina.core.StandardWrapperValve.invoke(StandardWrapperValve.java:167) ~[tomcat-embed-core-10.1.24.jar:10.1.24]
	at org.apache.catalina.core.StandardContextValve.invoke(StandardContextValve.java:90) ~[tomcat-embed-core-10.1.24.jar:10.1.24]
	at org.apache.catalina.authenticator.AuthenticatorBase.invoke(AuthenticatorBase.java:482) ~[tomcat-embed-core-10.1.24.jar:10.1.24]
	at org.apache.catalina.core.StandardHostValve.invoke(StandardHostValve.java:115) ~[tomcat-embed-core-10.1.24.jar:10.1.24]
	at org.apache.catalina.valves.ErrorReportValve.invoke(ErrorReportValve.java:93) ~[tomcat-embed-core-10.1.24.jar:10.1.24]
	at org.apache.catalina.core.StandardEngineValve.invoke(StandardEngineValve.java:74) ~[tomcat-embed-core-10.1.24.jar:10.1.24]
	at org.apache.catalina.connector.CoyoteAdapter.service(CoyoteAdapter.java:344) ~[tomcat-embed-core-10.1.24.jar:10.1.24]
	at org.apache.coyote.http11.Http11Processor.service(Http11Processor.java:389) ~[tomcat-embed-core-10.1.24.jar:10.1.24]
	at org.apache.coyote.AbstractProcessorLight.process(AbstractProcessorLight.java:63) ~[tomcat-embed-core-10.1.24.jar:10.1.24]
	at org.apache.coyote.AbstractProtocol$ConnectionHandler.process(AbstractProtocol.java:896) ~[tomcat-embed-core-10.1.24.jar:10.1.24]
	at org.apache.tomcat.util.net.NioEndpoint$SocketProcessor.doRun(NioEndpoint.java:1741) ~[tomcat-embed-core-10.1.24.jar:10.1.24]
	at org.apache.tomcat.util.net.SocketProcessorBase.run(SocketProcessorBase.java:52) ~[tomcat-embed-core-10.1.24.jar:10.1.24]
	at org.apache.tomcat.util.threads.ThreadPoolExecutor.runWorker(ThreadPoolExecutor.java:1190) ~[tomcat-embed-core-10.1.24.jar:10.1.24]
	at org.apache.tomcat.util.threads.ThreadPoolExecutor$Worker.run(ThreadPoolExecutor.java:659) ~[tomcat-embed-core-10.1.24.jar:10.1.24]
	at org.apache.tomcat.util.threads.TaskThread$WrappingRunnable.run(TaskThread.java:63) ~[tomcat-embed-core-10.1.24.jar:10.1.24]
	at java.base/java.lang.Thread.run(Thread.java:840) ~[na:na]

2026-05-29T12:05:06.969+05:30 DEBUG 33348 --- [EasyRoute_Backend] [http-nio-8080-exec-3] o.s.web.client.DefaultRestClient         : Writing [ChatCompletionRequest[messages=[ChatCompletionMessage[rawContent=[{type=text, text=You are an expert Logistics and Supply Chain Assistant. You help users with shipping, warehousing, inventory management, and transportation queries. Provide concise, professional, and accurate answers.}], role=SYSTEM, name=null, toolCallId=null, toolCalls=null], ChatCompletionMessage[rawContent=[{type=text, text=what is the promlem}], role=USER, name=null, toolCallId=null, toolCalls=null]], model=gpt-3.5-turbo, frequencyPenalty=null, logitBias=null, logprobs=null, topLogprobs=null, maxTokens=null, n=null, presencePenalty=null, responseFormat=null, seed=null, stop=null, stream=false, temperature=0.7, topP=null, tools=null, toolChoice=null, user=null]] as "application/json" with org.springframework.http.converter.json.MappingJackson2HttpMessageConverter
2026-05-29T12:05:07.450+05:30  WARN 33348 --- [EasyRoute_Backend] [http-nio-8080-exec-3] o.s.a.a.r.SpringAiRetryAutoConfiguration : Retry error. Retry count:2

org.springframework.ai.retry.NonTransientAiException: 429 - {
    "error": {
        "message": "You exceeded your current quota, please check your plan and billing details. For more information on this error, read the docs: https://platform.openai.com/docs/guides/error-codes/api-errors.",
        "type": "insufficient_quota",
        "param": null,
        "code": "insufficient_quota"
    }
}

	at org.springframework.ai.autoconfigure.retry.SpringAiRetryAutoConfiguration$2.handleError(SpringAiRetryAutoConfiguration.java:95) ~[spring-ai-spring-boot-autoconfigure-1.0.0-M1.jar:1.0.0-M1]
	at org.springframework.web.client.ResponseErrorHandler.handleError(ResponseErrorHandler.java:63) ~[spring-web-6.1.8.jar:6.1.8]
	at org.springframework.web.client.StatusHandler.lambda$fromErrorHandler$1(StatusHandler.java:71) ~[spring-web-6.1.8.jar:6.1.8]
	at org.springframework.web.client.StatusHandler.handle(StatusHandler.java:146) ~[spring-web-6.1.8.jar:6.1.8]
	at org.springframework.web.client.DefaultRestClient$DefaultResponseSpec.applyStatusHandlers(DefaultRestClient.java:701) ~[spring-web-6.1.8.jar:6.1.8]
	at org.springframework.web.client.DefaultRestClient.readWithMessageConverters(DefaultRestClient.java:200) ~[spring-web-6.1.8.jar:6.1.8]
	at org.springframework.web.client.DefaultRestClient$DefaultResponseSpec.readBody(DefaultRestClient.java:688) ~[spring-web-6.1.8.jar:6.1.8]
	at org.springframework.web.client.DefaultRestClient$DefaultResponseSpec.toEntityInternal(DefaultRestClient.java:658) ~[spring-web-6.1.8.jar:6.1.8]
	at org.springframework.web.client.DefaultRestClient$DefaultResponseSpec.toEntity(DefaultRestClient.java:647) ~[spring-web-6.1.8.jar:6.1.8]
	at org.springframework.ai.openai.api.OpenAiApi.chatCompletionEntity(OpenAiApi.java:778) ~[spring-ai-openai-1.0.0-M1.jar:1.0.0-M1]
	at org.springframework.ai.openai.OpenAiChatModel.doChatCompletion(OpenAiChatModel.java:376) ~[spring-ai-openai-1.0.0-M1.jar:1.0.0-M1]
	at org.springframework.ai.openai.OpenAiChatModel.doChatCompletion(OpenAiChatModel.java:76) ~[spring-ai-openai-1.0.0-M1.jar:1.0.0-M1]
	at org.springframework.ai.model.function.AbstractFunctionCallSupport.callWithFunctionSupport(AbstractFunctionCallSupport.java:127) ~[spring-ai-core-1.0.0-M1.jar:1.0.0-M1]
	at org.springframework.ai.openai.OpenAiChatModel.lambda$call$1(OpenAiChatModel.java:144) ~[spring-ai-openai-1.0.0-M1.jar:1.0.0-M1]
	at org.springframework.retry.support.RetryTemplate.doExecute(RetryTemplate.java:344) ~[spring-retry-2.0.6.jar:na]
	at org.springframework.retry.support.RetryTemplate.execute(RetryTemplate.java:217) ~[spring-retry-2.0.6.jar:na]
	at org.springframework.ai.openai.OpenAiChatModel.call(OpenAiChatModel.java:142) ~[spring-ai-openai-1.0.0-M1.jar:1.0.0-M1]
	at org.springframework.ai.chat.client.ChatClient$ChatClientRequest$CallResponseSpec.doGetChatResponse(ChatClient.java:616) ~[spring-ai-core-1.0.0-M1.jar:1.0.0-M1]
	at org.springframework.ai.chat.client.ChatClient$ChatClientRequest$CallResponseSpec.doGetChatResponse(ChatClient.java:569) ~[spring-ai-core-1.0.0-M1.jar:1.0.0-M1]
	at org.springframework.ai.chat.client.ChatClient$ChatClientRequest$CallResponseSpec.content(ChatClient.java:635) ~[spring-ai-core-1.0.0-M1.jar:1.0.0-M1]
	at com.logistics.platform.service.AiService.getChatResponse(AiService.java:21) ~[classes/:na]
	at com.logistics.platform.controller.AiController.chat(AiController.java:19) ~[classes/:na]
	at java.base/jdk.internal.reflect.NativeMethodAccessorImpl.invoke0(Native Method) ~[na:na]
	at java.base/jdk.internal.reflect.NativeMethodAccessorImpl.invoke(NativeMethodAccessorImpl.java:77) ~[na:na]
	at java.base/jdk.internal.reflect.DelegatingMethodAccessorImpl.invoke(DelegatingMethodAccessorImpl.java:43) ~[na:na]
	at java.base/java.lang.reflect.Method.invoke(Method.java:568) ~[na:na]
	at org.springframework.web.method.support.InvocableHandlerMethod.doInvoke(InvocableHandlerMethod.java:255) ~[spring-web-6.1.8.jar:6.1.8]
	at org.springframework.web.method.support.InvocableHandlerMethod.invokeForRequest(InvocableHandlerMethod.java:188) ~[spring-web-6.1.8.jar:6.1.8]
	at org.springframework.web.servlet.mvc.method.annotation.ServletInvocableHandlerMethod.invokeAndHandle(ServletInvocableHandlerMethod.java:118) ~[spring-webmvc-6.1.8.jar:6.1.8]
	at org.springframework.web.servlet.mvc.method.annotation.RequestMappingHandlerAdapter.invokeHandlerMethod(RequestMappingHandlerAdapter.java:926) ~[spring-webmvc-6.1.8.jar:6.1.8]
	at org.springframework.web.servlet.mvc.method.annotation.RequestMappingHandlerAdapter.handleInternal(RequestMappingHandlerAdapter.java:831) ~[spring-webmvc-6.1.8.jar:6.1.8]
	at org.springframework.web.servlet.mvc.method.AbstractHandlerMethodAdapter.handle(AbstractHandlerMethodAdapter.java:87) ~[spring-webmvc-6.1.8.jar:6.1.8]
	at org.springframework.web.servlet.DispatcherServlet.doDispatch(DispatcherServlet.java:1089) ~[spring-webmvc-6.1.8.jar:6.1.8]
	at org.springframework.web.servlet.DispatcherServlet.doService(DispatcherServlet.java:979) ~[spring-webmvc-6.1.8.jar:6.1.8]
	at org.springframework.web.servlet.FrameworkServlet.processRequest(FrameworkServlet.java:1014) ~[spring-webmvc-6.1.8.jar:6.1.8]
	at org.springframework.web.servlet.FrameworkServlet.doGet(FrameworkServlet.java:903) ~[spring-webmvc-6.1.8.jar:6.1.8]
	at jakarta.servlet.http.HttpServlet.service(HttpServlet.java:564) ~[tomcat-embed-core-10.1.24.jar:6.0]
	at org.springframework.web.servlet.FrameworkServlet.service(FrameworkServlet.java:885) ~[spring-webmvc-6.1.8.jar:6.1.8]
	at jakarta.servlet.http.HttpServlet.service(HttpServlet.java:658) ~[tomcat-embed-core-10.1.24.jar:6.0]
	at org.apache.catalina.core.ApplicationFilterChain.internalDoFilter(ApplicationFilterChain.java:195) ~[tomcat-embed-core-10.1.24.jar:10.1.24]
	at org.apache.catalina.core.ApplicationFilterChain.doFilter(ApplicationFilterChain.java:140) ~[tomcat-embed-core-10.1.24.jar:10.1.24]
	at org.apache.tomcat.websocket.server.WsFilter.doFilter(WsFilter.java:51) ~[tomcat-embed-websocket-10.1.24.jar:10.1.24]
	at org.apache.catalina.core.ApplicationFilterChain.internalDoFilter(ApplicationFilterChain.java:164) ~[tomcat-embed-core-10.1.24.jar:10.1.24]
	at org.apache.catalina.core.ApplicationFilterChain.doFilter(ApplicationFilterChain.java:140) ~[tomcat-embed-core-10.1.24.jar:10.1.24]
	at org.springframework.web.filter.OncePerRequestFilter.doFilter(OncePerRequestFilter.java:110) ~[spring-web-6.1.8.jar:6.1.8]
	at org.apache.catalina.core.ApplicationFilterChain.internalDoFilter(ApplicationFilterChain.java:164) ~[tomcat-embed-core-10.1.24.jar:10.1.24]
	at org.apache.catalina.core.ApplicationFilterChain.doFilter(ApplicationFilterChain.java:140) ~[tomcat-embed-core-10.1.24.jar:10.1.24]
	at org.springframework.web.filter.CompositeFilter$VirtualFilterChain.doFilter(CompositeFilter.java:108) ~[spring-web-6.1.8.jar:6.1.8]
	at org.springframework.security.web.FilterChainProxy.lambda$doFilterInternal$3(FilterChainProxy.java:231) ~[spring-security-web-6.3.0.jar:6.3.0]
	at org.springframework.security.web.FilterChainProxy$VirtualFilterChain.doFilter(FilterChainProxy.java:365) ~[spring-security-web-6.3.0.jar:6.3.0]
	at org.springframework.security.web.access.intercept.AuthorizationFilter.doFilter(AuthorizationFilter.java:100) ~[spring-security-web-6.3.0.jar:6.3.0]
	at org.springframework.security.web.FilterChainProxy$VirtualFilterChain.doFilter(FilterChainProxy.java:374) ~[spring-security-web-6.3.0.jar:6.3.0]
	at org.springframework.security.web.access.ExceptionTranslationFilter.doFilter(ExceptionTranslationFilter.java:126) ~[spring-security-web-6.3.0.jar:6.3.0]
	at org.springframework.security.web.access.ExceptionTranslationFilter.doFilter(ExceptionTranslationFilter.java:120) ~[spring-security-web-6.3.0.jar:6.3.0]
	at org.springframework.security.web.FilterChainProxy$VirtualFilterChain.doFilter(FilterChainProxy.java:374) ~[spring-security-web-6.3.0.jar:6.3.0]
	at org.springframework.security.web.session.SessionManagementFilter.doFilter(SessionManagementFilter.java:131) ~[spring-security-web-6.3.0.jar:6.3.0]
	at org.springframework.security.web.session.SessionManagementFilter.doFilter(SessionManagementFilter.java:85) ~[spring-security-web-6.3.0.jar:6.3.0]
	at org.springframework.security.web.FilterChainProxy$VirtualFilterChain.doFilter(FilterChainProxy.java:374) ~[spring-security-web-6.3.0.jar:6.3.0]
	at org.springframework.security.web.authentication.AnonymousAuthenticationFilter.doFilter(AnonymousAuthenticationFilter.java:100) ~[spring-security-web-6.3.0.jar:6.3.0]
	at org.springframework.security.web.FilterChainProxy$VirtualFilterChain.doFilter(FilterChainProxy.java:374) ~[spring-security-web-6.3.0.jar:6.3.0]
	at org.springframework.security.web.servletapi.SecurityContextHolderAwareRequestFilter.doFilter(SecurityContextHolderAwareRequestFilter.java:179) ~[spring-security-web-6.3.0.jar:6.3.0]
	at org.springframework.security.web.FilterChainProxy$VirtualFilterChain.doFilter(FilterChainProxy.java:374) ~[spring-security-web-6.3.0.jar:6.3.0]
	at org.springframework.security.web.savedrequest.RequestCacheAwareFilter.doFilter(RequestCacheAwareFilter.java:63) ~[spring-security-web-6.3.0.jar:6.3.0]
	at org.springframework.security.web.FilterChainProxy$VirtualFilterChain.doFilter(FilterChainProxy.java:374) ~[spring-security-web-6.3.0.jar:6.3.0]
	at com.logistics.platform.security.JwtAuthenticationFilter.doFilterInternal(JwtAuthenticationFilter.java:45) ~[classes/:na]
	at org.springframework.web.filter.OncePerRequestFilter.doFilter(OncePerRequestFilter.java:116) ~[spring-web-6.1.8.jar:6.1.8]
	at org.springframework.security.web.FilterChainProxy$VirtualFilterChain.doFilter(FilterChainProxy.java:374) ~[spring-security-web-6.3.0.jar:6.3.0]
	at org.springframework.security.web.authentication.logout.LogoutFilter.doFilter(LogoutFilter.java:107) ~[spring-security-web-6.3.0.jar:6.3.0]
	at org.springframework.security.web.authentication.logout.LogoutFilter.doFilter(LogoutFilter.java:93) ~[spring-security-web-6.3.0.jar:6.3.0]
	at org.springframework.security.web.FilterChainProxy$VirtualFilterChain.doFilter(FilterChainProxy.java:374) ~[spring-security-web-6.3.0.jar:6.3.0]
	at org.springframework.web.filter.CorsFilter.doFilterInternal(CorsFilter.java:91) ~[spring-web-6.1.8.jar:6.1.8]
	at org.springframework.web.filter.OncePerRequestFilter.doFilter(OncePerRequestFilter.java:116) ~[spring-web-6.1.8.jar:6.1.8]
	at org.springframework.security.web.FilterChainProxy$VirtualFilterChain.doFilter(FilterChainProxy.java:374) ~[spring-security-web-6.3.0.jar:6.3.0]
	at org.springframework.security.web.header.HeaderWriterFilter.doHeadersAfter(HeaderWriterFilter.java:90) ~[spring-security-web-6.3.0.jar:6.3.0]
	at org.springframework.security.web.header.HeaderWriterFilter.doFilterInternal(HeaderWriterFilter.java:75) ~[spring-security-web-6.3.0.jar:6.3.0]
	at org.springframework.web.filter.OncePerRequestFilter.doFilter(OncePerRequestFilter.java:116) ~[spring-web-6.1.8.jar:6.1.8]
	at org.springframework.security.web.FilterChainProxy$VirtualFilterChain.doFilter(FilterChainProxy.java:374) ~[spring-security-web-6.3.0.jar:6.3.0]
	at org.springframework.security.web.context.SecurityContextHolderFilter.doFilter(SecurityContextHolderFilter.java:82) ~[spring-security-web-6.3.0.jar:6.3.0]
	at org.springframework.security.web.context.SecurityContextHolderFilter.doFilter(SecurityContextHolderFilter.java:69) ~[spring-security-web-6.3.0.jar:6.3.0]
	at org.springframework.security.web.FilterChainProxy$VirtualFilterChain.doFilter(FilterChainProxy.java:374) ~[spring-security-web-6.3.0.jar:6.3.0]
	at org.springframework.security.web.context.request.async.WebAsyncManagerIntegrationFilter.doFilterInternal(WebAsyncManagerIntegrationFilter.java:62) ~[spring-security-web-6.3.0.jar:6.3.0]
	at org.springframework.web.filter.OncePerRequestFilter.doFilter(OncePerRequestFilter.java:116) ~[spring-web-6.1.8.jar:6.1.8]
	at org.springframework.security.web.FilterChainProxy$VirtualFilterChain.doFilter(FilterChainProxy.java:374) ~[spring-security-web-6.3.0.jar:6.3.0]
	at org.springframework.security.web.session.DisableEncodeUrlFilter.doFilterInternal(DisableEncodeUrlFilter.java:42) ~[spring-security-web-6.3.0.jar:6.3.0]
	at org.springframework.web.filter.OncePerRequestFilter.doFilter(OncePerRequestFilter.java:116) ~[spring-web-6.1.8.jar:6.1.8]
	at org.springframework.security.web.FilterChainProxy$VirtualFilterChain.doFilter(FilterChainProxy.java:374) ~[spring-security-web-6.3.0.jar:6.3.0]
	at org.springframework.security.web.FilterChainProxy.doFilterInternal(FilterChainProxy.java:233) ~[spring-security-web-6.3.0.jar:6.3.0]
	at org.springframework.security.web.FilterChainProxy.doFilter(FilterChainProxy.java:191) ~[spring-security-web-6.3.0.jar:6.3.0]
	at org.springframework.web.filter.CompositeFilter$VirtualFilterChain.doFilter(CompositeFilter.java:113) ~[spring-web-6.1.8.jar:6.1.8]
	at org.springframework.web.servlet.handler.HandlerMappingIntrospector.lambda$createCacheFilter$3(HandlerMappingIntrospector.java:195) ~[spring-webmvc-6.1.8.jar:6.1.8]
	at org.springframework.web.filter.CompositeFilter$VirtualFilterChain.doFilter(CompositeFilter.java:113) ~[spring-web-6.1.8.jar:6.1.8]
	at org.springframework.web.filter.CompositeFilter.doFilter(CompositeFilter.java:74) ~[spring-web-6.1.8.jar:6.1.8]
	at org.springframework.security.config.annotation.web.configuration.WebMvcSecurityConfiguration$CompositeFilterChainProxy.doFilter(WebMvcSecurityConfiguration.java:230) ~[spring-security-config-6.3.0.jar:6.3.0]
	at org.springframework.web.filter.DelegatingFilterProxy.invokeDelegate(DelegatingFilterProxy.java:352) ~[spring-web-6.1.8.jar:6.1.8]
	at org.springframework.web.filter.DelegatingFilterProxy.doFilter(DelegatingFilterProxy.java:268) ~[spring-web-6.1.8.jar:6.1.8]
	at org.apache.catalina.core.ApplicationFilterChain.internalDoFilter(ApplicationFilterChain.java:164) ~[tomcat-embed-core-10.1.24.jar:10.1.24]
	at org.apache.catalina.core.ApplicationFilterChain.doFilter(ApplicationFilterChain.java:140) ~[tomcat-embed-core-10.1.24.jar:10.1.24]
	at org.springframework.web.filter.RequestContextFilter.doFilterInternal(RequestContextFilter.java:100) ~[spring-web-6.1.8.jar:6.1.8]
	at org.springframework.web.filter.OncePerRequestFilter.doFilter(OncePerRequestFilter.java:116) ~[spring-web-6.1.8.jar:6.1.8]
	at org.apache.catalina.core.ApplicationFilterChain.internalDoFilter(ApplicationFilterChain.java:164) ~[tomcat-embed-core-10.1.24.jar:10.1.24]
	at org.apache.catalina.core.ApplicationFilterChain.doFilter(ApplicationFilterChain.java:140) ~[tomcat-embed-core-10.1.24.jar:10.1.24]
	at org.springframework.web.filter.FormContentFilter.doFilterInternal(FormContentFilter.java:93) ~[spring-web-6.1.8.jar:6.1.8]
	at org.springframework.web.filter.OncePerRequestFilter.doFilter(OncePerRequestFilter.java:116) ~[spring-web-6.1.8.jar:6.1.8]
	at org.apache.catalina.core.ApplicationFilterChain.internalDoFilter(ApplicationFilterChain.java:164) ~[tomcat-embed-core-10.1.24.jar:10.1.24]
	at org.apache.catalina.core.ApplicationFilterChain.doFilter(ApplicationFilterChain.java:140) ~[tomcat-embed-core-10.1.24.jar:10.1.24]
	at org.springframework.web.filter.CharacterEncodingFilter.doFilterInternal(CharacterEncodingFilter.java:201) ~[spring-web-6.1.8.jar:6.1.8]
	at org.springframework.web.filter.OncePerRequestFilter.doFilter(OncePerRequestFilter.java:116) ~[spring-web-6.1.8.jar:6.1.8]
	at org.apache.catalina.core.ApplicationFilterChain.internalDoFilter(ApplicationFilterChain.java:164) ~[tomcat-embed-core-10.1.24.jar:10.1.24]
	at org.apache.catalina.core.ApplicationFilterChain.doFilter(ApplicationFilterChain.java:140) ~[tomcat-embed-core-10.1.24.jar:10.1.24]
	at org.apache.catalina.core.StandardWrapperValve.invoke(StandardWrapperValve.java:167) ~[tomcat-embed-core-10.1.24.jar:10.1.24]
	at org.apache.catalina.core.StandardContextValve.invoke(StandardContextValve.java:90) ~[tomcat-embed-core-10.1.24.jar:10.1.24]
	at org.apache.catalina.authenticator.AuthenticatorBase.invoke(AuthenticatorBase.java:482) ~[tomcat-embed-core-10.1.24.jar:10.1.24]
	at org.apache.catalina.core.StandardHostValve.invoke(StandardHostValve.java:115) ~[tomcat-embed-core-10.1.24.jar:10.1.24]
	at org.apache.catalina.valves.ErrorReportValve.invoke(ErrorReportValve.java:93) ~[tomcat-embed-core-10.1.24.jar:10.1.24]
	at org.apache.catalina.core.StandardEngineValve.invoke(StandardEngineValve.java:74) ~[tomcat-embed-core-10.1.24.jar:10.1.24]
	at org.apache.catalina.connector.CoyoteAdapter.service(CoyoteAdapter.java:344) ~[tomcat-embed-core-10.1.24.jar:10.1.24]
	at org.apache.coyote.http11.Http11Processor.service(Http11Processor.java:389) ~[tomcat-embed-core-10.1.24.jar:10.1.24]
	at org.apache.coyote.AbstractProcessorLight.process(AbstractProcessorLight.java:63) ~[tomcat-embed-core-10.1.24.jar:10.1.24]
	at org.apache.coyote.AbstractProtocol$ConnectionHandler.process(AbstractProtocol.java:896) ~[tomcat-embed-core-10.1.24.jar:10.1.24]
	at org.apache.tomcat.util.net.NioEndpoint$SocketProcessor.doRun(NioEndpoint.java:1741) ~[tomcat-embed-core-10.1.24.jar:10.1.24]
	at org.apache.tomcat.util.net.SocketProcessorBase.run(SocketProcessorBase.java:52) ~[tomcat-embed-core-10.1.24.jar:10.1.24]
	at org.apache.tomcat.util.threads.ThreadPoolExecutor.runWorker(ThreadPoolExecutor.java:1190) ~[tomcat-embed-core-10.1.24.jar:10.1.24]
	at org.apache.tomcat.util.threads.ThreadPoolExecutor$Worker.run(ThreadPoolExecutor.java:659) ~[tomcat-embed-core-10.1.24.jar:10.1.24]
	at org.apache.tomcat.util.threads.TaskThread$WrappingRunnable.run(TaskThread.java:63) ~[tomcat-embed-core-10.1.24.jar:10.1.24]
	at java.base/java.lang.Thread.run(Thread.java:840) ~[na:na]

2026-05-29T12:05:17.466+05:30 DEBUG 33348 --- [EasyRoute_Backend] [http-nio-8080-exec-3] o.s.web.client.DefaultRestClient         : Writing [ChatCompletionRequest[messages=[ChatCompletionMessage[rawContent=[{type=text, text=You are an expert Logistics and Supply Chain Assistant. You help users with shipping, warehousing, inventory management, and transportation queries. Provide concise, professional, and accurate answers.}], role=SYSTEM, name=null, toolCallId=null, toolCalls=null], ChatCompletionMessage[rawContent=[{type=text, text=what is the promlem}], role=USER, name=null, toolCallId=null, toolCalls=null]], model=gpt-3.5-turbo, frequencyPenalty=null, logitBias=null, logprobs=null, topLogprobs=null, maxTokens=null, n=null, presencePenalty=null, responseFormat=null, seed=null, stop=null, stream=false, temperature=0.7, topP=null, tools=null, toolChoice=null, user=null]] as "application/json" with org.springframework.http.converter.json.MappingJackson2HttpMessageConverter
2026-05-29T12:05:18.436+05:30  WARN 33348 --- [EasyRoute_Backend] [http-nio-8080-exec-3] o.s.a.a.r.SpringAiRetryAutoConfiguration : Retry error. Retry count:3

org.springframework.ai.retry.NonTransientAiException: 429 - {
    "error": {
        "message": "You exceeded your current quota, please check your plan and billing details. For more information on this error, read the docs: https://platform.openai.com/docs/guides/error-codes/api-errors.",
        "type": "insufficient_quota",
        "param": null,
        "code": "insufficient_quota"
    }
}

	at org.springframework.ai.autoconfigure.retry.SpringAiRetryAutoConfiguration$2.handleError(SpringAiRetryAutoConfiguration.java:95) ~[spring-ai-spring-boot-autoconfigure-1.0.0-M1.jar:1.0.0-M1]
	at org.springframework.web.client.ResponseErrorHandler.handleError(ResponseErrorHandler.java:63) ~[spring-web-6.1.8.jar:6.1.8]
	at org.springframework.web.client.StatusHandler.lambda$fromErrorHandler$1(StatusHandler.java:71) ~[spring-web-6.1.8.jar:6.1.8]
	at org.springframework.web.client.StatusHandler.handle(StatusHandler.java:146) ~[spring-web-6.1.8.jar:6.1.8]
	at org.springframework.web.client.DefaultRestClient$DefaultResponseSpec.applyStatusHandlers(DefaultRestClient.java:701) ~[spring-web-6.1.8.jar:6.1.8]
	at org.springframework.web.client.DefaultRestClient.readWithMessageConverters(DefaultRestClient.java:200) ~[spring-web-6.1.8.jar:6.1.8]
	at org.springframework.web.client.DefaultRestClient$DefaultResponseSpec.readBody(DefaultRestClient.java:688) ~[spring-web-6.1.8.jar:6.1.8]
	at org.springframework.web.client.DefaultRestClient$DefaultResponseSpec.toEntityInternal(DefaultRestClient.java:658) ~[spring-web-6.1.8.jar:6.1.8]
	at org.springframework.web.client.DefaultRestClient$DefaultResponseSpec.toEntity(DefaultRestClient.java:647) ~[spring-web-6.1.8.jar:6.1.8]
	at org.springframework.ai.openai.api.OpenAiApi.chatCompletionEntity(OpenAiApi.java:778) ~[spring-ai-openai-1.0.0-M1.jar:1.0.0-M1]
	at org.springframework.ai.openai.OpenAiChatModel.doChatCompletion(OpenAiChatModel.java:376) ~[spring-ai-openai-1.0.0-M1.jar:1.0.0-M1]
	at org.springframework.ai.openai.OpenAiChatModel.doChatCompletion(OpenAiChatModel.java:76) ~[spring-ai-openai-1.0.0-M1.jar:1.0.0-M1]
	at org.springframework.ai.model.function.AbstractFunctionCallSupport.callWithFunctionSupport(AbstractFunctionCallSupport.java:127) ~[spring-ai-core-1.0.0-M1.jar:1.0.0-M1]
	at org.springframework.ai.openai.OpenAiChatModel.lambda$call$1(OpenAiChatModel.java:144) ~[spring-ai-openai-1.0.0-M1.jar:1.0.0-M1]
	at org.springframework.retry.support.RetryTemplate.doExecute(RetryTemplate.java:344) ~[spring-retry-2.0.6.jar:na]
	at org.springframework.retry.support.RetryTemplate.execute(RetryTemplate.java:217) ~[spring-retry-2.0.6.jar:na]
	at org.springframework.ai.openai.OpenAiChatModel.call(OpenAiChatModel.java:142) ~[spring-ai-openai-1.0.0-M1.jar:1.0.0-M1]
	at org.springframework.ai.chat.client.ChatClient$ChatClientRequest$CallResponseSpec.doGetChatResponse(ChatClient.java:616) ~[spring-ai-core-1.0.0-M1.jar:1.0.0-M1]
	at org.springframework.ai.chat.client.ChatClient$ChatClientRequest$CallResponseSpec.doGetChatResponse(ChatClient.java:569) ~[spring-ai-core-1.0.0-M1.jar:1.0.0-M1]
	at org.springframework.ai.chat.client.ChatClient$ChatClientRequest$CallResponseSpec.content(ChatClient.java:635) ~[spring-ai-core-1.0.0-M1.jar:1.0.0-M1]
	at com.logistics.platform.service.AiService.getChatResponse(AiService.java:21) ~[classes/:na]
	at com.logistics.platform.controller.AiController.chat(AiController.java:19) ~[classes/:na]
	at java.base/jdk.internal.reflect.NativeMethodAccessorImpl.invoke0(Native Method) ~[na:na]
	at java.base/jdk.internal.reflect.NativeMethodAccessorImpl.invoke(NativeMethodAccessorImpl.java:77) ~[na:na]
	at java.base/jdk.internal.reflect.DelegatingMethodAccessorImpl.invoke(DelegatingMethodAccessorImpl.java:43) ~[na:na]
	at java.base/java.lang.reflect.Method.invoke(Method.java:568) ~[na:na]
	at org.springframework.web.method.support.InvocableHandlerMethod.doInvoke(InvocableHandlerMethod.java:255) ~[spring-web-6.1.8.jar:6.1.8]
	at org.springframework.web.method.support.InvocableHandlerMethod.invokeForRequest(InvocableHandlerMethod.java:188) ~[spring-web-6.1.8.jar:6.1.8]
	at org.springframework.web.servlet.mvc.method.annotation.ServletInvocableHandlerMethod.invokeAndHandle(ServletInvocableHandlerMethod.java:118) ~[spring-webmvc-6.1.8.jar:6.1.8]
	at org.springframework.web.servlet.mvc.method.annotation.RequestMappingHandlerAdapter.invokeHandlerMethod(RequestMappingHandlerAdapter.java:926) ~[spring-webmvc-6.1.8.jar:6.1.8]
	at org.springframework.web.servlet.mvc.method.annotation.RequestMappingHandlerAdapter.handleInternal(RequestMappingHandlerAdapter.java:831) ~[spring-webmvc-6.1.8.jar:6.1.8]
	at org.springframework.web.servlet.mvc.method.AbstractHandlerMethodAdapter.handle(AbstractHandlerMethodAdapter.java:87) ~[spring-webmvc-6.1.8.jar:6.1.8]
	at org.springframework.web.servlet.DispatcherServlet.doDispatch(DispatcherServlet.java:1089) ~[spring-webmvc-6.1.8.jar:6.1.8]
	at org.springframework.web.servlet.DispatcherServlet.doService(DispatcherServlet.java:979) ~[spring-webmvc-6.1.8.jar:6.1.8]
	at org.springframework.web.servlet.FrameworkServlet.processRequest(FrameworkServlet.java:1014) ~[spring-webmvc-6.1.8.jar:6.1.8]
	at org.springframework.web.servlet.FrameworkServlet.doGet(FrameworkServlet.java:903) ~[spring-webmvc-6.1.8.jar:6.1.8]
	at jakarta.servlet.http.HttpServlet.service(HttpServlet.java:564) ~[tomcat-embed-core-10.1.24.jar:6.0]
	at org.springframework.web.servlet.FrameworkServlet.service(FrameworkServlet.java:885) ~[spring-webmvc-6.1.8.jar:6.1.8]
	at jakarta.servlet.http.HttpServlet.service(HttpServlet.java:658) ~[tomcat-embed-core-10.1.24.jar:6.0]
	at org.apache.catalina.core.ApplicationFilterChain.internalDoFilter(ApplicationFilterChain.java:195) ~[tomcat-embed-core-10.1.24.jar:10.1.24]
	at org.apache.catalina.core.ApplicationFilterChain.doFilter(ApplicationFilterChain.java:140) ~[tomcat-embed-core-10.1.24.jar:10.1.24]
	at org.apache.tomcat.websocket.server.WsFilter.doFilter(WsFilter.java:51) ~[tomcat-embed-websocket-10.1.24.jar:10.1.24]
	at org.apache.catalina.core.ApplicationFilterChain.internalDoFilter(ApplicationFilterChain.java:164) ~[tomcat-embed-core-10.1.24.jar:10.1.24]
	at org.apache.catalina.core.ApplicationFilterChain.doFilter(ApplicationFilterChain.java:140) ~[tomcat-embed-core-10.1.24.jar:10.1.24]
	at org.springframework.web.filter.OncePerRequestFilter.doFilter(OncePerRequestFilter.java:110) ~[spring-web-6.1.8.jar:6.1.8]
	at org.apache.catalina.core.ApplicationFilterChain.internalDoFilter(ApplicationFilterChain.java:164) ~[tomcat-embed-core-10.1.24.jar:10.1.24]
	at org.apache.catalina.core.ApplicationFilterChain.doFilter(ApplicationFilterChain.java:140) ~[tomcat-embed-core-10.1.24.jar:10.1.24]
	at org.springframework.web.filter.CompositeFilter$VirtualFilterChain.doFilter(CompositeFilter.java:108) ~[spring-web-6.1.8.jar:6.1.8]
	at org.springframework.security.web.FilterChainProxy.lambda$doFilterInternal$3(FilterChainProxy.java:231) ~[spring-security-web-6.3.0.jar:6.3.0]
	at org.springframework.security.web.FilterChainProxy$VirtualFilterChain.doFilter(FilterChainProxy.java:365) ~[spring-security-web-6.3.0.jar:6.3.0]
	at org.springframework.security.web.access.intercept.AuthorizationFilter.doFilter(AuthorizationFilter.java:100) ~[spring-security-web-6.3.0.jar:6.3.0]
	at org.springframework.security.web.FilterChainProxy$VirtualFilterChain.doFilter(FilterChainProxy.java:374) ~[spring-security-web-6.3.0.jar:6.3.0]
	at org.springframework.security.web.access.ExceptionTranslationFilter.doFilter(ExceptionTranslationFilter.java:126) ~[spring-security-web-6.3.0.jar:6.3.0]
	at org.springframework.security.web.access.ExceptionTranslationFilter.doFilter(ExceptionTranslationFilter.java:120) ~[spring-security-web-6.3.0.jar:6.3.0]
	at org.springframework.security.web.FilterChainProxy$VirtualFilterChain.doFilter(FilterChainProxy.java:374) ~[spring-security-web-6.3.0.jar:6.3.0]
	at org.springframework.security.web.session.SessionManagementFilter.doFilter(SessionManagementFilter.java:131) ~[spring-security-web-6.3.0.jar:6.3.0]
	at org.springframework.security.web.session.SessionManagementFilter.doFilter(SessionManagementFilter.java:85) ~[spring-security-web-6.3.0.jar:6.3.0]
	at org.springframework.security.web.FilterChainProxy$VirtualFilterChain.doFilter(FilterChainProxy.java:374) ~[spring-security-web-6.3.0.jar:6.3.0]
	at org.springframework.security.web.authentication.AnonymousAuthenticationFilter.doFilter(AnonymousAuthenticationFilter.java:100) ~[spring-security-web-6.3.0.jar:6.3.0]
	at org.springframework.security.web.FilterChainProxy$VirtualFilterChain.doFilter(FilterChainProxy.java:374) ~[spring-security-web-6.3.0.jar:6.3.0]
	at org.springframework.security.web.servletapi.SecurityContextHolderAwareRequestFilter.doFilter(SecurityContextHolderAwareRequestFilter.java:179) ~[spring-security-web-6.3.0.jar:6.3.0]
	at org.springframework.security.web.FilterChainProxy$VirtualFilterChain.doFilter(FilterChainProxy.java:374) ~[spring-security-web-6.3.0.jar:6.3.0]
	at org.springframework.security.web.savedrequest.RequestCacheAwareFilter.doFilter(RequestCacheAwareFilter.java:63) ~[spring-security-web-6.3.0.jar:6.3.0]
	at org.springframework.security.web.FilterChainProxy$VirtualFilterChain.doFilter(FilterChainProxy.java:374) ~[spring-security-web-6.3.0.jar:6.3.0]
	at com.logistics.platform.security.JwtAuthenticationFilter.doFilterInternal(JwtAuthenticationFilter.java:45) ~[classes/:na]
	at org.springframework.web.filter.OncePerRequestFilter.doFilter(OncePerRequestFilter.java:116) ~[spring-web-6.1.8.jar:6.1.8]
	at org.springframework.security.web.FilterChainProxy$VirtualFilterChain.doFilter(FilterChainProxy.java:374) ~[spring-security-web-6.3.0.jar:6.3.0]
	at org.springframework.security.web.authentication.logout.LogoutFilter.doFilter(LogoutFilter.java:107) ~[spring-security-web-6.3.0.jar:6.3.0]
	at org.springframework.security.web.authentication.logout.LogoutFilter.doFilter(LogoutFilter.java:93) ~[spring-security-web-6.3.0.jar:6.3.0]
	at org.springframework.security.web.FilterChainProxy$VirtualFilterChain.doFilter(FilterChainProxy.java:374) ~[spring-security-web-6.3.0.jar:6.3.0]
	at org.springframework.web.filter.CorsFilter.doFilterInternal(CorsFilter.java:91) ~[spring-web-6.1.8.jar:6.1.8]
	at org.springframework.web.filter.OncePerRequestFilter.doFilter(OncePerRequestFilter.java:116) ~[spring-web-6.1.8.jar:6.1.8]
	at org.springframework.security.web.FilterChainProxy$VirtualFilterChain.doFilter(FilterChainProxy.java:374) ~[spring-security-web-6.3.0.jar:6.3.0]
	at org.springframework.security.web.header.HeaderWriterFilter.doHeadersAfter(HeaderWriterFilter.java:90) ~[spring-security-web-6.3.0.jar:6.3.0]
	at org.springframework.security.web.header.HeaderWriterFilter.doFilterInternal(HeaderWriterFilter.java:75) ~[spring-security-web-6.3.0.jar:6.3.0]
	at org.springframework.web.filter.OncePerRequestFilter.doFilter(OncePerRequestFilter.java:116) ~[spring-web-6.1.8.jar:6.1.8]
	at org.springframework.security.web.FilterChainProxy$VirtualFilterChain.doFilter(FilterChainProxy.java:374) ~[spring-security-web-6.3.0.jar:6.3.0]
	at org.springframework.security.web.context.SecurityContextHolderFilter.doFilter(SecurityContextHolderFilter.java:82) ~[spring-security-web-6.3.0.jar:6.3.0]
	at org.springframework.security.web.context.SecurityContextHolderFilter.doFilter(SecurityContextHolderFilter.java:69) ~[spring-security-web-6.3.0.jar:6.3.0]
	at org.springframework.security.web.FilterChainProxy$VirtualFilterChain.doFilter(FilterChainProxy.java:374) ~[spring-security-web-6.3.0.jar:6.3.0]
	at org.springframework.security.web.context.request.async.WebAsyncManagerIntegrationFilter.doFilterInternal(WebAsyncManagerIntegrationFilter.java:62) ~[spring-security-web-6.3.0.jar:6.3.0]
	at org.springframework.web.filter.OncePerRequestFilter.doFilter(OncePerRequestFilter.java:116) ~[spring-web-6.1.8.jar:6.1.8]
	at org.springframework.security.web.FilterChainProxy$VirtualFilterChain.doFilter(FilterChainProxy.java:374) ~[spring-security-web-6.3.0.jar:6.3.0]
	at org.springframework.security.web.session.DisableEncodeUrlFilter.doFilterInternal(DisableEncodeUrlFilter.java:42) ~[spring-security-web-6.3.0.jar:6.3.0]
	at org.springframework.web.filter.OncePerRequestFilter.doFilter(OncePerRequestFilter.java:116) ~[spring-web-6.1.8.jar:6.1.8]
	at org.springframework.security.web.FilterChainProxy$VirtualFilterChain.doFilter(FilterChainProxy.java:374) ~[spring-security-web-6.3.0.jar:6.3.0]
	at org.springframework.security.web.FilterChainProxy.doFilterInternal(FilterChainProxy.java:233) ~[spring-security-web-6.3.0.jar:6.3.0]
	at org.springframework.security.web.FilterChainProxy.doFilter(FilterChainProxy.java:191) ~[spring-security-web-6.3.0.jar:6.3.0]
	at org.springframework.web.filter.CompositeFilter$VirtualFilterChain.doFilter(CompositeFilter.java:113) ~[spring-web-6.1.8.jar:6.1.8]
	at org.springframework.web.servlet.handler.HandlerMappingIntrospector.lambda$createCacheFilter$3(HandlerMappingIntrospector.java:195) ~[spring-webmvc-6.1.8.jar:6.1.8]
	at org.springframework.web.filter.CompositeFilter$VirtualFilterChain.doFilter(CompositeFilter.java:113) ~[spring-web-6.1.8.jar:6.1.8]
	at org.springframework.web.filter.CompositeFilter.doFilter(CompositeFilter.java:74) ~[spring-web-6.1.8.jar:6.1.8]
	at org.springframework.security.config.annotation.web.configuration.WebMvcSecurityConfiguration$CompositeFilterChainProxy.doFilter(WebMvcSecurityConfiguration.java:230) ~[spring-security-config-6.3.0.jar:6.3.0]
	at org.springframework.web.filter.DelegatingFilterProxy.invokeDelegate(DelegatingFilterProxy.java:352) ~[spring-web-6.1.8.jar:6.1.8]
	at org.springframework.web.filter.DelegatingFilterProxy.doFilter(DelegatingFilterProxy.java:268) ~[spring-web-6.1.8.jar:6.1.8]
	at org.apache.catalina.core.ApplicationFilterChain.internalDoFilter(ApplicationFilterChain.java:164) ~[tomcat-embed-core-10.1.24.jar:10.1.24]
	at org.apache.catalina.core.ApplicationFilterChain.doFilter(ApplicationFilterChain.java:140) ~[tomcat-embed-core-10.1.24.jar:10.1.24]
	at org.springframework.web.filter.RequestContextFilter.doFilterInternal(RequestContextFilter.java:100) ~[spring-web-6.1.8.jar:6.1.8]
	at org.springframework.web.filter.OncePerRequestFilter.doFilter(OncePerRequestFilter.java:116) ~[spring-web-6.1.8.jar:6.1.8]
	at org.apache.catalina.core.ApplicationFilterChain.internalDoFilter(ApplicationFilterChain.java:164) ~[tomcat-embed-core-10.1.24.jar:10.1.24]
	at org.apache.catalina.core.ApplicationFilterChain.doFilter(ApplicationFilterChain.java:140) ~[tomcat-embed-core-10.1.24.jar:10.1.24]
	at org.springframework.web.filter.FormContentFilter.doFilterInternal(FormContentFilter.java:93) ~[spring-web-6.1.8.jar:6.1.8]
	at org.springframework.web.filter.OncePerRequestFilter.doFilter(OncePerRequestFilter.java:116) ~[spring-web-6.1.8.jar:6.1.8]
	at org.apache.catalina.core.ApplicationFilterChain.internalDoFilter(ApplicationFilterChain.java:164) ~[tomcat-embed-core-10.1.24.jar:10.1.24]
	at org.apache.catalina.core.ApplicationFilterChain.doFilter(ApplicationFilterChain.java:140) ~[tomcat-embed-core-10.1.24.jar:10.1.24]
	at org.springframework.web.filter.CharacterEncodingFilter.doFilterInternal(CharacterEncodingFilter.java:201) ~[spring-web-6.1.8.jar:6.1.8]
	at org.springframework.web.filter.OncePerRequestFilter.doFilter(OncePerRequestFilter.java:116) ~[spring-web-6.1.8.jar:6.1.8]
	at org.apache.catalina.core.ApplicationFilterChain.internalDoFilter(ApplicationFilterChain.java:164) ~[tomcat-embed-core-10.1.24.jar:10.1.24]
	at org.apache.catalina.core.ApplicationFilterChain.doFilter(ApplicationFilterChain.java:140) ~[tomcat-embed-core-10.1.24.jar:10.1.24]
	at org.apache.catalina.core.StandardWrapperValve.invoke(StandardWrapperValve.java:167) ~[tomcat-embed-core-10.1.24.jar:10.1.24]
	at org.apache.catalina.core.StandardContextValve.invoke(StandardContextValve.java:90) ~[tomcat-embed-core-10.1.24.jar:10.1.24]
	at org.apache.catalina.authenticator.AuthenticatorBase.invoke(AuthenticatorBase.java:482) ~[tomcat-embed-core-10.1.24.jar:10.1.24]
	at org.apache.catalina.core.StandardHostValve.invoke(StandardHostValve.java:115) ~[tomcat-embed-core-10.1.24.jar:10.1.24]
	at org.apache.catalina.valves.ErrorReportValve.invoke(ErrorReportValve.java:93) ~[tomcat-embed-core-10.1.24.jar:10.1.24]
	at org.apache.catalina.core.StandardEngineValve.invoke(StandardEngineValve.java:74) ~[tomcat-embed-core-10.1.24.jar:10.1.24]
	at org.apache.catalina.connector.CoyoteAdapter.service(CoyoteAdapter.java:344) ~[tomcat-embed-core-10.1.24.jar:10.1.24]
	at org.apache.coyote.http11.Http11Processor.service(Http11Processor.java:389) ~[tomcat-embed-core-10.1.24.jar:10.1.24]
	at org.apache.coyote.AbstractProcessorLight.process(AbstractProcessorLight.java:63) ~[tomcat-embed-core-10.1.24.jar:10.1.24]
	at org.apache.coyote.AbstractProtocol$ConnectionHandler.process(AbstractProtocol.java:896) ~[tomcat-embed-core-10.1.24.jar:10.1.24]
	at org.apache.tomcat.util.net.NioEndpoint$SocketProcessor.doRun(NioEndpoint.java:1741) ~[tomcat-embed-core-10.1.24.jar:10.1.24]
	at org.apache.tomcat.util.net.SocketProcessorBase.run(SocketProcessorBase.java:52) ~[tomcat-embed-core-10.1.24.jar:10.1.24]
	at org.apache.tomcat.util.threads.ThreadPoolExecutor.runWorker(ThreadPoolExecutor.java:1190) ~[tomcat-embed-core-10.1.24.jar:10.1.24]
	at org.apache.tomcat.util.threads.ThreadPoolExecutor$Worker.run(ThreadPoolExecutor.java:659) ~[tomcat-embed-core-10.1.24.jar:10.1.24]
	at org.apache.tomcat.util.threads.TaskThread$WrappingRunnable.run(TaskThread.java:63) ~[tomcat-embed-core-10.1.24.jar:10.1.24]
	at java.base/java.lang.Thread.run(Thread.java:840) ~[na:na]

2026-05-29T12:06:08.442+05:30 DEBUG 33348 --- [EasyRoute_Backend] [http-nio-8080-exec-3] o.s.web.client.DefaultRestClient         : Writing [ChatCompletionRequest[messages=[ChatCompletionMessage[rawContent=[{type=text, text=You are an expert Logistics and Supply Chain Assistant. You help users with shipping, warehousing, inventory management, and transportation queries. Provide concise, professional, and accurate answers.}], role=SYSTEM, name=null, toolCallId=null, toolCalls=null], ChatCompletionMessage[rawContent=[{type=text, text=what is the promlem}], role=USER, name=null, toolCallId=null, toolCalls=null]], model=gpt-3.5-turbo, frequencyPenalty=null, logitBias=null, logprobs=null, topLogprobs=null, maxTokens=null, n=null, presencePenalty=null, responseFormat=null, seed=null, stop=null, stream=false, temperature=0.7, topP=null, tools=null, toolChoice=null, user=null]] as "application/json" with org.springframework.http.converter.json.MappingJackson2HttpMessageConverter
2026-05-29T12:06:09.247+05:30  WARN 33348 --- [EasyRoute_Backend] [http-nio-8080-exec-3] o.s.a.a.r.SpringAiRetryAutoConfiguration : Retry error. Retry count:4

org.springframework.ai.retry.NonTransientAiException: 429 - {
    "error": {
        "message": "You exceeded your current quota, please check your plan and billing details. For more information on this error, read the docs: https://platform.openai.com/docs/guides/error-codes/api-errors.",
        "type": "insufficient_quota",
        "param": null,
        "code": "insufficient_quota"
    }
}

	at org.springframework.ai.autoconfigure.retry.SpringAiRetryAutoConfiguration$2.handleError(SpringAiRetryAutoConfiguration.java:95) ~[spring-ai-spring-boot-autoconfigure-1.0.0-M1.jar:1.0.0-M1]
	at org.springframework.web.client.ResponseErrorHandler.handleError(ResponseErrorHandler.java:63) ~[spring-web-6.1.8.jar:6.1.8]
	at org.springframework.web.client.StatusHandler.lambda$fromErrorHandler$1(StatusHandler.java:71) ~[spring-web-6.1.8.jar:6.1.8]
	at org.springframework.web.client.StatusHandler.handle(StatusHandler.java:146) ~[spring-web-6.1.8.jar:6.1.8]
	at org.springframework.web.client.DefaultRestClient$DefaultResponseSpec.applyStatusHandlers(DefaultRestClient.java:701) ~[spring-web-6.1.8.jar:6.1.8]
	at org.springframework.web.client.DefaultRestClient.readWithMessageConverters(DefaultRestClient.java:200) ~[spring-web-6.1.8.jar:6.1.8]
	at org.springframework.web.client.DefaultRestClient$DefaultResponseSpec.readBody(DefaultRestClient.java:688) ~[spring-web-6.1.8.jar:6.1.8]
	at org.springframework.web.client.DefaultRestClient$DefaultResponseSpec.toEntityInternal(DefaultRestClient.java:658) ~[spring-web-6.1.8.jar:6.1.8]
	at org.springframework.web.client.DefaultRestClient$DefaultResponseSpec.toEntity(DefaultRestClient.java:647) ~[spring-web-6.1.8.jar:6.1.8]
	at org.springframework.ai.openai.api.OpenAiApi.chatCompletionEntity(OpenAiApi.java:778) ~[spring-ai-openai-1.0.0-M1.jar:1.0.0-M1]
	at org.springframework.ai.openai.OpenAiChatModel.doChatCompletion(OpenAiChatModel.java:376) ~[spring-ai-openai-1.0.0-M1.jar:1.0.0-M1]
	at org.springframework.ai.openai.OpenAiChatModel.doChatCompletion(OpenAiChatModel.java:76) ~[spring-ai-openai-1.0.0-M1.jar:1.0.0-M1]
	at org.springframework.ai.model.function.AbstractFunctionCallSupport.callWithFunctionSupport(AbstractFunctionCallSupport.java:127) ~[spring-ai-core-1.0.0-M1.jar:1.0.0-M1]
	at org.springframework.ai.openai.OpenAiChatModel.lambda$call$1(OpenAiChatModel.java:144) ~[spring-ai-openai-1.0.0-M1.jar:1.0.0-M1]
	at org.springframework.retry.support.RetryTemplate.doExecute(RetryTemplate.java:344) ~[spring-retry-2.0.6.jar:na]
	at org.springframework.retry.support.RetryTemplate.execute(RetryTemplate.java:217) ~[spring-retry-2.0.6.jar:na]
	at org.springframework.ai.openai.OpenAiChatModel.call(OpenAiChatModel.java:142) ~[spring-ai-openai-1.0.0-M1.jar:1.0.0-M1]
	at org.springframework.ai.chat.client.ChatClient$ChatClientRequest$CallResponseSpec.doGetChatResponse(ChatClient.java:616) ~[spring-ai-core-1.0.0-M1.jar:1.0.0-M1]
	at org.springframework.ai.chat.client.ChatClient$ChatClientRequest$CallResponseSpec.doGetChatResponse(ChatClient.java:569) ~[spring-ai-core-1.0.0-M1.jar:1.0.0-M1]
	at org.springframework.ai.chat.client.ChatClient$ChatClientRequest$CallResponseSpec.content(ChatClient.java:635) ~[spring-ai-core-1.0.0-M1.jar:1.0.0-M1]
	at com.logistics.platform.service.AiService.getChatResponse(AiService.java:21) ~[classes/:na]
	at com.logistics.platform.controller.AiController.chat(AiController.java:19) ~[classes/:na]
	at java.base/jdk.internal.reflect.NativeMethodAccessorImpl.invoke0(Native Method) ~[na:na]
	at java.base/jdk.internal.reflect.NativeMethodAccessorImpl.invoke(NativeMethodAccessorImpl.java:77) ~[na:na]
	at java.base/jdk.internal.reflect.DelegatingMethodAccessorImpl.invoke(DelegatingMethodAccessorImpl.java:43) ~[na:na]
	at java.base/java.lang.reflect.Method.invoke(Method.java:568) ~[na:na]
	at org.springframework.web.method.support.InvocableHandlerMethod.doInvoke(InvocableHandlerMethod.java:255) ~[spring-web-6.1.8.jar:6.1.8]
	at org.springframework.web.method.support.InvocableHandlerMethod.invokeForRequest(InvocableHandlerMethod.java:188) ~[spring-web-6.1.8.jar:6.1.8]
	at org.springframework.web.servlet.mvc.method.annotation.ServletInvocableHandlerMethod.invokeAndHandle(ServletInvocableHandlerMethod.java:118) ~[spring-webmvc-6.1.8.jar:6.1.8]
	at org.springframework.web.servlet.mvc.method.annotation.RequestMappingHandlerAdapter.invokeHandlerMethod(RequestMappingHandlerAdapter.java:926) ~[spring-webmvc-6.1.8.jar:6.1.8]
	at org.springframework.web.servlet.mvc.method.annotation.RequestMappingHandlerAdapter.handleInternal(RequestMappingHandlerAdapter.java:831) ~[spring-webmvc-6.1.8.jar:6.1.8]
	at org.springframework.web.servlet.mvc.method.AbstractHandlerMethodAdapter.handle(AbstractHandlerMethodAdapter.java:87) ~[spring-webmvc-6.1.8.jar:6.1.8]
	at org.springframework.web.servlet.DispatcherServlet.doDispatch(DispatcherServlet.java:1089) ~[spring-webmvc-6.1.8.jar:6.1.8]
	at org.springframework.web.servlet.DispatcherServlet.doService(DispatcherServlet.java:979) ~[spring-webmvc-6.1.8.jar:6.1.8]
	at org.springframework.web.servlet.FrameworkServlet.processRequest(FrameworkServlet.java:1014) ~[spring-webmvc-6.1.8.jar:6.1.8]
	at org.springframework.web.servlet.FrameworkServlet.doGet(FrameworkServlet.java:903) ~[spring-webmvc-6.1.8.jar:6.1.8]
	at jakarta.servlet.http.HttpServlet.service(HttpServlet.java:564) ~[tomcat-embed-core-10.1.24.jar:6.0]
	at org.springframework.web.servlet.FrameworkServlet.service(FrameworkServlet.java:885) ~[spring-webmvc-6.1.8.jar:6.1.8]
	at jakarta.servlet.http.HttpServlet.service(HttpServlet.java:658) ~[tomcat-embed-core-10.1.24.jar:6.0]
	at org.apache.catalina.core.ApplicationFilterChain.internalDoFilter(ApplicationFilterChain.java:195) ~[tomcat-embed-core-10.1.24.jar:10.1.24]
	at org.apache.catalina.core.ApplicationFilterChain.doFilter(ApplicationFilterChain.java:140) ~[tomcat-embed-core-10.1.24.jar:10.1.24]
	at org.apache.tomcat.websocket.server.WsFilter.doFilter(WsFilter.java:51) ~[tomcat-embed-websocket-10.1.24.jar:10.1.24]
	at org.apache.catalina.core.ApplicationFilterChain.internalDoFilter(ApplicationFilterChain.java:164) ~[tomcat-embed-core-10.1.24.jar:10.1.24]
	at org.apache.catalina.core.ApplicationFilterChain.doFilter(ApplicationFilterChain.java:140) ~[tomcat-embed-core-10.1.24.jar:10.1.24]
	at org.springframework.web.filter.OncePerRequestFilter.doFilter(OncePerRequestFilter.java:110) ~[spring-web-6.1.8.jar:6.1.8]
	at org.apache.catalina.core.ApplicationFilterChain.internalDoFilter(ApplicationFilterChain.java:164) ~[tomcat-embed-core-10.1.24.jar:10.1.24]
	at org.apache.catalina.core.ApplicationFilterChain.doFilter(ApplicationFilterChain.java:140) ~[tomcat-embed-core-10.1.24.jar:10.1.24]
	at org.springframework.web.filter.CompositeFilter$VirtualFilterChain.doFilter(CompositeFilter.java:108) ~[spring-web-6.1.8.jar:6.1.8]
	at org.springframework.security.web.FilterChainProxy.lambda$doFilterInternal$3(FilterChainProxy.java:231) ~[spring-security-web-6.3.0.jar:6.3.0]
	at org.springframework.security.web.FilterChainProxy$VirtualFilterChain.doFilter(FilterChainProxy.java:365) ~[spring-security-web-6.3.0.jar:6.3.0]
	at org.springframework.security.web.access.intercept.AuthorizationFilter.doFilter(AuthorizationFilter.java:100) ~[spring-security-web-6.3.0.jar:6.3.0]
	at org.springframework.security.web.FilterChainProxy$VirtualFilterChain.doFilter(FilterChainProxy.java:374) ~[spring-security-web-6.3.0.jar:6.3.0]
	at org.springframework.security.web.access.ExceptionTranslationFilter.doFilter(ExceptionTranslationFilter.java:126) ~[spring-security-web-6.3.0.jar:6.3.0]
	at org.springframework.security.web.access.ExceptionTranslationFilter.doFilter(ExceptionTranslationFilter.java:120) ~[spring-security-web-6.3.0.jar:6.3.0]
	at org.springframework.security.web.FilterChainProxy$VirtualFilterChain.doFilter(FilterChainProxy.java:374) ~[spring-security-web-6.3.0.jar:6.3.0]
	at org.springframework.security.web.session.SessionManagementFilter.doFilter(SessionManagementFilter.java:131) ~[spring-security-web-6.3.0.jar:6.3.0]
	at org.springframework.security.web.session.SessionManagementFilter.doFilter(SessionManagementFilter.java:85) ~[spring-security-web-6.3.0.jar:6.3.0]
	at org.springframework.security.web.FilterChainProxy$VirtualFilterChain.doFilter(FilterChainProxy.java:374) ~[spring-security-web-6.3.0.jar:6.3.0]
	at org.springframework.security.web.authentication.AnonymousAuthenticationFilter.doFilter(AnonymousAuthenticationFilter.java:100) ~[spring-security-web-6.3.0.jar:6.3.0]
	at org.springframework.security.web.FilterChainProxy$VirtualFilterChain.doFilter(FilterChainProxy.java:374) ~[spring-security-web-6.3.0.jar:6.3.0]
	at org.springframework.security.web.servletapi.SecurityContextHolderAwareRequestFilter.doFilter(SecurityContextHolderAwareRequestFilter.java:179) ~[spring-security-web-6.3.0.jar:6.3.0]
	at org.springframework.security.web.FilterChainProxy$VirtualFilterChain.doFilter(FilterChainProxy.java:374) ~[spring-security-web-6.3.0.jar:6.3.0]
	at org.springframework.security.web.savedrequest.RequestCacheAwareFilter.doFilter(RequestCacheAwareFilter.java:63) ~[spring-security-web-6.3.0.jar:6.3.0]
	at org.springframework.security.web.FilterChainProxy$VirtualFilterChain.doFilter(FilterChainProxy.java:374) ~[spring-security-web-6.3.0.jar:6.3.0]
	at com.logistics.platform.security.JwtAuthenticationFilter.doFilterInternal(JwtAuthenticationFilter.java:45) ~[classes/:na]
	at org.springframework.web.filter.OncePerRequestFilter.doFilter(OncePerRequestFilter.java:116) ~[spring-web-6.1.8.jar:6.1.8]
	at org.springframework.security.web.FilterChainProxy$VirtualFilterChain.doFilter(FilterChainProxy.java:374) ~[spring-security-web-6.3.0.jar:6.3.0]
	at org.springframework.security.web.authentication.logout.LogoutFilter.doFilter(LogoutFilter.java:107) ~[spring-security-web-6.3.0.jar:6.3.0]
	at org.springframework.security.web.authentication.logout.LogoutFilter.doFilter(LogoutFilter.java:93) ~[spring-security-web-6.3.0.jar:6.3.0]
	at org.springframework.security.web.FilterChainProxy$VirtualFilterChain.doFilter(FilterChainProxy.java:374) ~[spring-security-web-6.3.0.jar:6.3.0]
	at org.springframework.web.filter.CorsFilter.doFilterInternal(CorsFilter.java:91) ~[spring-web-6.1.8.jar:6.1.8]
	at org.springframework.web.filter.OncePerRequestFilter.doFilter(OncePerRequestFilter.java:116) ~[spring-web-6.1.8.jar:6.1.8]
	at org.springframework.security.web.FilterChainProxy$VirtualFilterChain.doFilter(FilterChainProxy.java:374) ~[spring-security-web-6.3.0.jar:6.3.0]
	at org.springframework.security.web.header.HeaderWriterFilter.doHeadersAfter(HeaderWriterFilter.java:90) ~[spring-security-web-6.3.0.jar:6.3.0]
	at org.springframework.security.web.header.HeaderWriterFilter.doFilterInternal(HeaderWriterFilter.java:75) ~[spring-security-web-6.3.0.jar:6.3.0]
	at org.springframework.web.filter.OncePerRequestFilter.doFilter(OncePerRequestFilter.java:116) ~[spring-web-6.1.8.jar:6.1.8]
	at org.springframework.security.web.FilterChainProxy$VirtualFilterChain.doFilter(FilterChainProxy.java:374) ~[spring-security-web-6.3.0.jar:6.3.0]
	at org.springframework.security.web.context.SecurityContextHolderFilter.doFilter(SecurityContextHolderFilter.java:82) ~[spring-security-web-6.3.0.jar:6.3.0]
	at org.springframework.security.web.context.SecurityContextHolderFilter.doFilter(SecurityContextHolderFilter.java:69) ~[spring-security-web-6.3.0.jar:6.3.0]
	at org.springframework.security.web.FilterChainProxy$VirtualFilterChain.doFilter(FilterChainProxy.java:374) ~[spring-security-web-6.3.0.jar:6.3.0]
	at org.springframework.security.web.context.request.async.WebAsyncManagerIntegrationFilter.doFilterInternal(WebAsyncManagerIntegrationFilter.java:62) ~[spring-security-web-6.3.0.jar:6.3.0]
	at org.springframework.web.filter.OncePerRequestFilter.doFilter(OncePerRequestFilter.java:116) ~[spring-web-6.1.8.jar:6.1.8]
	at org.springframework.security.web.FilterChainProxy$VirtualFilterChain.doFilter(FilterChainProxy.java:374) ~[spring-security-web-6.3.0.jar:6.3.0]
	at org.springframework.security.web.session.DisableEncodeUrlFilter.doFilterInternal(DisableEncodeUrlFilter.java:42) ~[spring-security-web-6.3.0.jar:6.3.0]
	at org.springframework.web.filter.OncePerRequestFilter.doFilter(OncePerRequestFilter.java:116) ~[spring-web-6.1.8.jar:6.1.8]
	at org.springframework.security.web.FilterChainProxy$VirtualFilterChain.doFilter(FilterChainProxy.java:374) ~[spring-security-web-6.3.0.jar:6.3.0]
	at org.springframework.security.web.FilterChainProxy.doFilterInternal(FilterChainProxy.java:233) ~[spring-security-web-6.3.0.jar:6.3.0]
	at org.springframework.security.web.FilterChainProxy.doFilter(FilterChainProxy.java:191) ~[spring-security-web-6.3.0.jar:6.3.0]
	at org.springframework.web.filter.CompositeFilter$VirtualFilterChain.doFilter(CompositeFilter.java:113) ~[spring-web-6.1.8.jar:6.1.8]
	at org.springframework.web.servlet.handler.HandlerMappingIntrospector.lambda$createCacheFilter$3(HandlerMappingIntrospector.java:195) ~[spring-webmvc-6.1.8.jar:6.1.8]
	at org.springframework.web.filter.CompositeFilter$VirtualFilterChain.doFilter(CompositeFilter.java:113) ~[spring-web-6.1.8.jar:6.1.8]
	at org.springframework.web.filter.CompositeFilter.doFilter(CompositeFilter.java:74) ~[spring-web-6.1.8.jar:6.1.8]
	at org.springframework.security.config.annotation.web.configuration.WebMvcSecurityConfiguration$CompositeFilterChainProxy.doFilter(WebMvcSecurityConfiguration.java:230) ~[spring-security-config-6.3.0.jar:6.3.0]
	at org.springframework.web.filter.DelegatingFilterProxy.invokeDelegate(DelegatingFilterProxy.java:352) ~[spring-web-6.1.8.jar:6.1.8]
	at org.springframework.web.filter.DelegatingFilterProxy.doFilter(DelegatingFilterProxy.java:268) ~[spring-web-6.1.8.jar:6.1.8]
	at org.apache.catalina.core.ApplicationFilterChain.internalDoFilter(ApplicationFilterChain.java:164) ~[tomcat-embed-core-10.1.24.jar:10.1.24]
	at org.apache.catalina.core.ApplicationFilterChain.doFilter(ApplicationFilterChain.java:140) ~[tomcat-embed-core-10.1.24.jar:10.1.24]
	at org.springframework.web.filter.RequestContextFilter.doFilterInternal(RequestContextFilter.java:100) ~[spring-web-6.1.8.jar:6.1.8]
	at org.springframework.web.filter.OncePerRequestFilter.doFilter(OncePerRequestFilter.java:116) ~[spring-web-6.1.8.jar:6.1.8]
	at org.apache.catalina.core.ApplicationFilterChain.internalDoFilter(ApplicationFilterChain.java:164) ~[tomcat-embed-core-10.1.24.jar:10.1.24]
	at org.apache.catalina.core.ApplicationFilterChain.doFilter(ApplicationFilterChain.java:140) ~[tomcat-embed-core-10.1.24.jar:10.1.24]
	at org.springframework.web.filter.FormContentFilter.doFilterInternal(FormContentFilter.java:93) ~[spring-web-6.1.8.jar:6.1.8]
	at org.springframework.web.filter.OncePerRequestFilter.doFilter(OncePerRequestFilter.java:116) ~[spring-web-6.1.8.jar:6.1.8]
	at org.apache.catalina.core.ApplicationFilterChain.internalDoFilter(ApplicationFilterChain.java:164) ~[tomcat-embed-core-10.1.24.jar:10.1.24]
	at org.apache.catalina.core.ApplicationFilterChain.doFilter(ApplicationFilterChain.java:140) ~[tomcat-embed-core-10.1.24.jar:10.1.24]
	at org.springframework.web.filter.CharacterEncodingFilter.doFilterInternal(CharacterEncodingFilter.java:201) ~[spring-web-6.1.8.jar:6.1.8]
	at org.springframework.web.filter.OncePerRequestFilter.doFilter(OncePerRequestFilter.java:116) ~[spring-web-6.1.8.jar:6.1.8]
	at org.apache.catalina.core.ApplicationFilterChain.internalDoFilter(ApplicationFilterChain.java:164) ~[tomcat-embed-core-10.1.24.jar:10.1.24]
	at org.apache.catalina.core.ApplicationFilterChain.doFilter(ApplicationFilterChain.java:140) ~[tomcat-embed-core-10.1.24.jar:10.1.24]
	at org.apache.catalina.core.StandardWrapperValve.invoke(StandardWrapperValve.java:167) ~[tomcat-embed-core-10.1.24.jar:10.1.24]
	at org.apache.catalina.core.StandardContextValve.invoke(StandardContextValve.java:90) ~[tomcat-embed-core-10.1.24.jar:10.1.24]
	at org.apache.catalina.authenticator.AuthenticatorBase.invoke(AuthenticatorBase.java:482) ~[tomcat-embed-core-10.1.24.jar:10.1.24]
	at org.apache.catalina.core.StandardHostValve.invoke(StandardHostValve.java:115) ~[tomcat-embed-core-10.1.24.jar:10.1.24]
	at org.apache.catalina.valves.ErrorReportValve.invoke(ErrorReportValve.java:93) ~[tomcat-embed-core-10.1.24.jar:10.1.24]
	at org.apache.catalina.core.StandardEngineValve.invoke(StandardEngineValve.java:74) ~[tomcat-embed-core-10.1.24.jar:10.1.24]
	at org.apache.catalina.connector.CoyoteAdapter.service(CoyoteAdapter.java:344) ~[tomcat-embed-core-10.1.24.jar:10.1.24]
	at org.apache.coyote.http11.Http11Processor.service(Http11Processor.java:389) ~[tomcat-embed-core-10.1.24.jar:10.1.24]
	at org.apache.coyote.AbstractProcessorLight.process(AbstractProcessorLight.java:63) ~[tomcat-embed-core-10.1.24.jar:10.1.24]
	at org.apache.coyote.AbstractProtocol$ConnectionHandler.process(AbstractProtocol.java:896) ~[tomcat-embed-core-10.1.24.jar:10.1.24]
	at org.apache.tomcat.util.net.NioEndpoint$SocketProcessor.doRun(NioEndpoint.java:1741) ~[tomcat-embed-core-10.1.24.jar:10.1.24]
	at org.apache.tomcat.util.net.SocketProcessorBase.run(SocketProcessorBase.java:52) ~[tomcat-embed-core-10.1.24.jar:10.1.24]
	at org.apache.tomcat.util.threads.ThreadPoolExecutor.runWorker(ThreadPoolExecutor.java:1190) ~[tomcat-embed-core-10.1.24.jar:10.1.24]
	at org.apache.tomcat.util.threads.ThreadPoolExecutor$Worker.run(ThreadPoolExecutor.java:659) ~[tomcat-embed-core-10.1.24.jar:10.1.24]
	at org.apache.tomcat.util.threads.TaskThread$WrappingRunnable.run(TaskThread.java:63) ~[tomcat-embed-core-10.1.24.jar:10.1.24]
	at java.base/java.lang.Thread.run(Thread.java:840) ~[na:na]

2026-05-29T12:09:09.253+05:30 DEBUG 33348 --- [EasyRoute_Backend] [http-nio-8080-exec-3] o.s.web.client.DefaultRestClient         : Writing [ChatCompletionRequest[messages=[ChatCompletionMessage[rawContent=[{type=text, text=You are an expert Logistics and Supply Chain Assistant. You help users with shipping, warehousing, inventory management, and transportation queries. Provide concise, professional, and accurate answers.}], role=SYSTEM, name=null, toolCallId=null, toolCalls=null], ChatCompletionMessage[rawContent=[{type=text, text=what is the promlem}], role=USER, name=null, toolCallId=null, toolCalls=null]], model=gpt-3.5-turbo, frequencyPenalty=null, logitBias=null, logprobs=null, topLogprobs=null, maxTokens=null, n=null, presencePenalty=null, responseFormat=null, seed=null, stop=null, stream=false, temperature=0.7, topP=null, tools=null, toolChoice=null, user=null]] as "application/json" with org.springframework.http.converter.json.MappingJackson2HttpMessageConverter
2026-05-29T12:09:10.068+05:30  WARN 33348 --- [EasyRoute_Backend] [http-nio-8080-exec-3] o.s.a.a.r.SpringAiRetryAutoConfiguration : Retry error. Retry count:5

org.springframework.ai.retry.NonTransientAiException: 429 - {
    "error": {
        "message": "You exceeded your current quota, please check your plan and billing details. For more information on this error, read the docs: https://platform.openai.com/docs/guides/error-codes/api-errors.",
        "type": "insufficient_quota",
        "param": null,
        "code": "insufficient_quota"
    }
}

	at org.springframework.ai.autoconfigure.retry.SpringAiRetryAutoConfiguration$2.handleError(SpringAiRetryAutoConfiguration.java:95) ~[spring-ai-spring-boot-autoconfigure-1.0.0-M1.jar:1.0.0-M1]
	at org.springframework.web.client.ResponseErrorHandler.handleError(ResponseErrorHandler.java:63) ~[spring-web-6.1.8.jar:6.1.8]
	at org.springframework.web.client.StatusHandler.lambda$fromErrorHandler$1(StatusHandler.java:71) ~[spring-web-6.1.8.jar:6.1.8]
	at org.springframework.web.client.StatusHandler.handle(StatusHandler.java:146) ~[spring-web-6.1.8.jar:6.1.8]
	at org.springframework.web.client.DefaultRestClient$DefaultResponseSpec.applyStatusHandlers(DefaultRestClient.java:701) ~[spring-web-6.1.8.jar:6.1.8]
	at org.springframework.web.client.DefaultRestClient.readWithMessageConverters(DefaultRestClient.java:200) ~[spring-web-6.1.8.jar:6.1.8]
	at org.springframework.web.client.DefaultRestClient$DefaultResponseSpec.readBody(DefaultRestClient.java:688) ~[spring-web-6.1.8.jar:6.1.8]
	at org.springframework.web.client.DefaultRestClient$DefaultResponseSpec.toEntityInternal(DefaultRestClient.java:658) ~[spring-web-6.1.8.jar:6.1.8]
	at org.springframework.web.client.DefaultRestClient$DefaultResponseSpec.toEntity(DefaultRestClient.java:647) ~[spring-web-6.1.8.jar:6.1.8]
	at org.springframework.ai.openai.api.OpenAiApi.chatCompletionEntity(OpenAiApi.java:778) ~[spring-ai-openai-1.0.0-M1.jar:1.0.0-M1]
	at org.springframework.ai.openai.OpenAiChatModel.doChatCompletion(OpenAiChatModel.java:376) ~[spring-ai-openai-1.0.0-M1.jar:1.0.0-M1]
	at org.springframework.ai.openai.OpenAiChatModel.doChatCompletion(OpenAiChatModel.java:76) ~[spring-ai-openai-1.0.0-M1.jar:1.0.0-M1]
	at org.springframework.ai.model.function.AbstractFunctionCallSupport.callWithFunctionSupport(AbstractFunctionCallSupport.java:127) ~[spring-ai-core-1.0.0-M1.jar:1.0.0-M1]
	at org.springframework.ai.openai.OpenAiChatModel.lambda$call$1(OpenAiChatModel.java:144) ~[spring-ai-openai-1.0.0-M1.jar:1.0.0-M1]
	at org.springframework.retry.support.RetryTemplate.doExecute(RetryTemplate.java:344) ~[spring-retry-2.0.6.jar:na]
	at org.springframework.retry.support.RetryTemplate.execute(RetryTemplate.java:217) ~[spring-retry-2.0.6.jar:na]
	at org.springframework.ai.openai.OpenAiChatModel.call(OpenAiChatModel.java:142) ~[spring-ai-openai-1.0.0-M1.jar:1.0.0-M1]
	at org.springframework.ai.chat.client.ChatClient$ChatClientRequest$CallResponseSpec.doGetChatResponse(ChatClient.java:616) ~[spring-ai-core-1.0.0-M1.jar:1.0.0-M1]
	at org.springframework.ai.chat.client.ChatClient$ChatClientRequest$CallResponseSpec.doGetChatResponse(ChatClient.java:569) ~[spring-ai-core-1.0.0-M1.jar:1.0.0-M1]
	at org.springframework.ai.chat.client.ChatClient$ChatClientRequest$CallResponseSpec.content(ChatClient.java:635) ~[spring-ai-core-1.0.0-M1.jar:1.0.0-M1]
	at com.logistics.platform.service.AiService.getChatResponse(AiService.java:21) ~[classes/:na]
	at com.logistics.platform.controller.AiController.chat(AiController.java:19) ~[classes/:na]
	at java.base/jdk.internal.reflect.NativeMethodAccessorImpl.invoke0(Native Method) ~[na:na]
	at java.base/jdk.internal.reflect.NativeMethodAccessorImpl.invoke(NativeMethodAccessorImpl.java:77) ~[na:na]
	at java.base/jdk.internal.reflect.DelegatingMethodAccessorImpl.invoke(DelegatingMethodAccessorImpl.java:43) ~[na:na]
	at java.base/java.lang.reflect.Method.invoke(Method.java:568) ~[na:na]
	at org.springframework.web.method.support.InvocableHandlerMethod.doInvoke(InvocableHandlerMethod.java:255) ~[spring-web-6.1.8.jar:6.1.8]
	at org.springframework.web.method.support.InvocableHandlerMethod.invokeForRequest(InvocableHandlerMethod.java:188) ~[spring-web-6.1.8.jar:6.1.8]
	at org.springframework.web.servlet.mvc.method.annotation.ServletInvocableHandlerMethod.invokeAndHandle(ServletInvocableHandlerMethod.java:118) ~[spring-webmvc-6.1.8.jar:6.1.8]
	at org.springframework.web.servlet.mvc.method.annotation.RequestMappingHandlerAdapter.invokeHandlerMethod(RequestMappingHandlerAdapter.java:926) ~[spring-webmvc-6.1.8.jar:6.1.8]
	at org.springframework.web.servlet.mvc.method.annotation.RequestMappingHandlerAdapter.handleInternal(RequestMappingHandlerAdapter.java:831) ~[spring-webmvc-6.1.8.jar:6.1.8]
	at org.springframework.web.servlet.mvc.method.AbstractHandlerMethodAdapter.handle(AbstractHandlerMethodAdapter.java:87) ~[spring-webmvc-6.1.8.jar:6.1.8]
	at org.springframework.web.servlet.DispatcherServlet.doDispatch(DispatcherServlet.java:1089) ~[spring-webmvc-6.1.8.jar:6.1.8]
	at org.springframework.web.servlet.DispatcherServlet.doService(DispatcherServlet.java:979) ~[spring-webmvc-6.1.8.jar:6.1.8]
	at org.springframework.web.servlet.FrameworkServlet.processRequest(FrameworkServlet.java:1014) ~[spring-webmvc-6.1.8.jar:6.1.8]
	at org.springframework.web.servlet.FrameworkServlet.doGet(FrameworkServlet.java:903) ~[spring-webmvc-6.1.8.jar:6.1.8]
	at jakarta.servlet.http.HttpServlet.service(HttpServlet.java:564) ~[tomcat-embed-core-10.1.24.jar:6.0]
	at org.springframework.web.servlet.FrameworkServlet.service(FrameworkServlet.java:885) ~[spring-webmvc-6.1.8.jar:6.1.8]
	at jakarta.servlet.http.HttpServlet.service(HttpServlet.java:658) ~[tomcat-embed-core-10.1.24.jar:6.0]
	at org.apache.catalina.core.ApplicationFilterChain.internalDoFilter(ApplicationFilterChain.java:195) ~[tomcat-embed-core-10.1.24.jar:10.1.24]
	at org.apache.catalina.core.ApplicationFilterChain.doFilter(ApplicationFilterChain.java:140) ~[tomcat-embed-core-10.1.24.jar:10.1.24]
	at org.apache.tomcat.websocket.server.WsFilter.doFilter(WsFilter.java:51) ~[tomcat-embed-websocket-10.1.24.jar:10.1.24]
	at org.apache.catalina.core.ApplicationFilterChain.internalDoFilter(ApplicationFilterChain.java:164) ~[tomcat-embed-core-10.1.24.jar:10.1.24]
	at org.apache.catalina.core.ApplicationFilterChain.doFilter(ApplicationFilterChain.java:140) ~[tomcat-embed-core-10.1.24.jar:10.1.24]
	at org.springframework.web.filter.OncePerRequestFilter.doFilter(OncePerRequestFilter.java:110) ~[spring-web-6.1.8.jar:6.1.8]
	at org.apache.catalina.core.ApplicationFilterChain.internalDoFilter(ApplicationFilterChain.java:164) ~[tomcat-embed-core-10.1.24.jar:10.1.24]
	at org.apache.catalina.core.ApplicationFilterChain.doFilter(ApplicationFilterChain.java:140) ~[tomcat-embed-core-10.1.24.jar:10.1.24]
	at org.springframework.web.filter.CompositeFilter$VirtualFilterChain.doFilter(CompositeFilter.java:108) ~[spring-web-6.1.8.jar:6.1.8]
	at org.springframework.security.web.FilterChainProxy.lambda$doFilterInternal$3(FilterChainProxy.java:231) ~[spring-security-web-6.3.0.jar:6.3.0]
	at org.springframework.security.web.FilterChainProxy$VirtualFilterChain.doFilter(FilterChainProxy.java:365) ~[spring-security-web-6.3.0.jar:6.3.0]
	at org.springframework.security.web.access.intercept.AuthorizationFilter.doFilter(AuthorizationFilter.java:100) ~[spring-security-web-6.3.0.jar:6.3.0]
	at org.springframework.security.web.FilterChainProxy$VirtualFilterChain.doFilter(FilterChainProxy.java:374) ~[spring-security-web-6.3.0.jar:6.3.0]
	at org.springframework.security.web.access.ExceptionTranslationFilter.doFilter(ExceptionTranslationFilter.java:126) ~[spring-security-web-6.3.0.jar:6.3.0]
	at org.springframework.security.web.access.ExceptionTranslationFilter.doFilter(ExceptionTranslationFilter.java:120) ~[spring-security-web-6.3.0.jar:6.3.0]
	at org.springframework.security.web.FilterChainProxy$VirtualFilterChain.doFilter(FilterChainProxy.java:374) ~[spring-security-web-6.3.0.jar:6.3.0]
	at org.springframework.security.web.session.SessionManagementFilter.doFilter(SessionManagementFilter.java:131) ~[spring-security-web-6.3.0.jar:6.3.0]
	at org.springframework.security.web.session.SessionManagementFilter.doFilter(SessionManagementFilter.java:85) ~[spring-security-web-6.3.0.jar:6.3.0]
	at org.springframework.security.web.FilterChainProxy$VirtualFilterChain.doFilter(FilterChainProxy.java:374) ~[spring-security-web-6.3.0.jar:6.3.0]
	at org.springframework.security.web.authentication.AnonymousAuthenticationFilter.doFilter(AnonymousAuthenticationFilter.java:100) ~[spring-security-web-6.3.0.jar:6.3.0]
	at org.springframework.security.web.FilterChainProxy$VirtualFilterChain.doFilter(FilterChainProxy.java:374) ~[spring-security-web-6.3.0.jar:6.3.0]
	at org.springframework.security.web.servletapi.SecurityContextHolderAwareRequestFilter.doFilter(SecurityContextHolderAwareRequestFilter.java:179) ~[spring-security-web-6.3.0.jar:6.3.0]
	at org.springframework.security.web.FilterChainProxy$VirtualFilterChain.doFilter(FilterChainProxy.java:374) ~[spring-security-web-6.3.0.jar:6.3.0]
	at org.springframework.security.web.savedrequest.RequestCacheAwareFilter.doFilter(RequestCacheAwareFilter.java:63) ~[spring-security-web-6.3.0.jar:6.3.0]
	at org.springframework.security.web.FilterChainProxy$VirtualFilterChain.doFilter(FilterChainProxy.java:374) ~[spring-security-web-6.3.0.jar:6.3.0]
	at com.logistics.platform.security.JwtAuthenticationFilter.doFilterInternal(JwtAuthenticationFilter.java:45) ~[classes/:na]
	at org.springframework.web.filter.OncePerRequestFilter.doFilter(OncePerRequestFilter.java:116) ~[spring-web-6.1.8.jar:6.1.8]
	at org.springframework.security.web.FilterChainProxy$VirtualFilterChain.doFilter(FilterChainProxy.java:374) ~[spring-security-web-6.3.0.jar:6.3.0]
	at org.springframework.security.web.authentication.logout.LogoutFilter.doFilter(LogoutFilter.java:107) ~[spring-security-web-6.3.0.jar:6.3.0]
	at org.springframework.security.web.authentication.logout.LogoutFilter.doFilter(LogoutFilter.java:93) ~[spring-security-web-6.3.0.jar:6.3.0]
	at org.springframework.security.web.FilterChainProxy$VirtualFilterChain.doFilter(FilterChainProxy.java:374) ~[spring-security-web-6.3.0.jar:6.3.0]
	at org.springframework.web.filter.CorsFilter.doFilterInternal(CorsFilter.java:91) ~[spring-web-6.1.8.jar:6.1.8]
	at org.springframework.web.filter.OncePerRequestFilter.doFilter(OncePerRequestFilter.java:116) ~[spring-web-6.1.8.jar:6.1.8]
	at org.springframework.security.web.FilterChainProxy$VirtualFilterChain.doFilter(FilterChainProxy.java:374) ~[spring-security-web-6.3.0.jar:6.3.0]
	at org.springframework.security.web.header.HeaderWriterFilter.doHeadersAfter(HeaderWriterFilter.java:90) ~[spring-security-web-6.3.0.jar:6.3.0]
	at org.springframework.security.web.header.HeaderWriterFilter.doFilterInternal(HeaderWriterFilter.java:75) ~[spring-security-web-6.3.0.jar:6.3.0]
	at org.springframework.web.filter.OncePerRequestFilter.doFilter(OncePerRequestFilter.java:116) ~[spring-web-6.1.8.jar:6.1.8]
	at org.springframework.security.web.FilterChainProxy$VirtualFilterChain.doFilter(FilterChainProxy.java:374) ~[spring-security-web-6.3.0.jar:6.3.0]
	at org.springframework.security.web.context.SecurityContextHolderFilter.doFilter(SecurityContextHolderFilter.java:82) ~[spring-security-web-6.3.0.jar:6.3.0]
	at org.springframework.security.web.context.SecurityContextHolderFilter.doFilter(SecurityContextHolderFilter.java:69) ~[spring-security-web-6.3.0.jar:6.3.0]
	at org.springframework.security.web.FilterChainProxy$VirtualFilterChain.doFilter(FilterChainProxy.java:374) ~[spring-security-web-6.3.0.jar:6.3.0]
	at org.springframework.security.web.context.request.async.WebAsyncManagerIntegrationFilter.doFilterInternal(WebAsyncManagerIntegrationFilter.java:62) ~[spring-security-web-6.3.0.jar:6.3.0]
	at org.springframework.web.filter.OncePerRequestFilter.doFilter(OncePerRequestFilter.java:116) ~[spring-web-6.1.8.jar:6.1.8]
	at org.springframework.security.web.FilterChainProxy$VirtualFilterChain.doFilter(FilterChainProxy.java:374) ~[spring-security-web-6.3.0.jar:6.3.0]
	at org.springframework.security.web.session.DisableEncodeUrlFilter.doFilterInternal(DisableEncodeUrlFilter.java:42) ~[spring-security-web-6.3.0.jar:6.3.0]
	at org.springframework.web.filter.OncePerRequestFilter.doFilter(OncePerRequestFilter.java:116) ~[spring-web-6.1.8.jar:6.1.8]
	at org.springframework.security.web.FilterChainProxy$VirtualFilterChain.doFilter(FilterChainProxy.java:374) ~[spring-security-web-6.3.0.jar:6.3.0]
	at org.springframework.security.web.FilterChainProxy.doFilterInternal(FilterChainProxy.java:233) ~[spring-security-web-6.3.0.jar:6.3.0]
	at org.springframework.security.web.FilterChainProxy.doFilter(FilterChainProxy.java:191) ~[spring-security-web-6.3.0.jar:6.3.0]
	at org.springframework.web.filter.CompositeFilter$VirtualFilterChain.doFilter(CompositeFilter.java:113) ~[spring-web-6.1.8.jar:6.1.8]
	at org.springframework.web.servlet.handler.HandlerMappingIntrospector.lambda$createCacheFilter$3(HandlerMappingIntrospector.java:195) ~[spring-webmvc-6.1.8.jar:6.1.8]
	at org.springframework.web.filter.CompositeFilter$VirtualFilterChain.doFilter(CompositeFilter.java:113) ~[spring-web-6.1.8.jar:6.1.8]
	at org.springframework.web.filter.CompositeFilter.doFilter(CompositeFilter.java:74) ~[spring-web-6.1.8.jar:6.1.8]
	at org.springframework.security.config.annotation.web.configuration.WebMvcSecurityConfiguration$CompositeFilterChainProxy.doFilter(WebMvcSecurityConfiguration.java:230) ~[spring-security-config-6.3.0.jar:6.3.0]
	at org.springframework.web.filter.DelegatingFilterProxy.invokeDelegate(DelegatingFilterProxy.java:352) ~[spring-web-6.1.8.jar:6.1.8]
	at org.springframework.web.filter.DelegatingFilterProxy.doFilter(DelegatingFilterProxy.java:268) ~[spring-web-6.1.8.jar:6.1.8]
	at org.apache.catalina.core.ApplicationFilterChain.internalDoFilter(ApplicationFilterChain.java:164) ~[tomcat-embed-core-10.1.24.jar:10.1.24]
	at org.apache.catalina.core.ApplicationFilterChain.doFilter(ApplicationFilterChain.java:140) ~[tomcat-embed-core-10.1.24.jar:10.1.24]
	at org.springframework.web.filter.RequestContextFilter.doFilterInternal(RequestContextFilter.java:100) ~[spring-web-6.1.8.jar:6.1.8]
	at org.springframework.web.filter.OncePerRequestFilter.doFilter(OncePerRequestFilter.java:116) ~[spring-web-6.1.8.jar:6.1.8]
	at org.apache.catalina.core.ApplicationFilterChain.internalDoFilter(ApplicationFilterChain.java:164) ~[tomcat-embed-core-10.1.24.jar:10.1.24]
	at org.apache.catalina.core.ApplicationFilterChain.doFilter(ApplicationFilterChain.java:140) ~[tomcat-embed-core-10.1.24.jar:10.1.24]
	at org.springframework.web.filter.FormContentFilter.doFilterInternal(FormContentFilter.java:93) ~[spring-web-6.1.8.jar:6.1.8]
	at org.springframework.web.filter.OncePerRequestFilter.doFilter(OncePerRequestFilter.java:116) ~[spring-web-6.1.8.jar:6.1.8]
	at org.apache.catalina.core.ApplicationFilterChain.internalDoFilter(ApplicationFilterChain.java:164) ~[tomcat-embed-core-10.1.24.jar:10.1.24]
	at org.apache.catalina.core.ApplicationFilterChain.doFilter(ApplicationFilterChain.java:140) ~[tomcat-embed-core-10.1.24.jar:10.1.24]
	at org.springframework.web.filter.CharacterEncodingFilter.doFilterInternal(CharacterEncodingFilter.java:201) ~[spring-web-6.1.8.jar:6.1.8]
	at org.springframework.web.filter.OncePerRequestFilter.doFilter(OncePerRequestFilter.java:116) ~[spring-web-6.1.8.jar:6.1.8]
	at org.apache.catalina.core.ApplicationFilterChain.internalDoFilter(ApplicationFilterChain.java:164) ~[tomcat-embed-core-10.1.24.jar:10.1.24]
	at org.apache.catalina.core.ApplicationFilterChain.doFilter(ApplicationFilterChain.java:140) ~[tomcat-embed-core-10.1.24.jar:10.1.24]
	at org.apache.catalina.core.StandardWrapperValve.invoke(StandardWrapperValve.java:167) ~[tomcat-embed-core-10.1.24.jar:10.1.24]
	at org.apache.catalina.core.StandardContextValve.invoke(StandardContextValve.java:90) ~[tomcat-embed-core-10.1.24.jar:10.1.24]
	at org.apache.catalina.authenticator.AuthenticatorBase.invoke(AuthenticatorBase.java:482) ~[tomcat-embed-core-10.1.24.jar:10.1.24]
	at org.apache.catalina.core.StandardHostValve.invoke(StandardHostValve.java:115) ~[tomcat-embed-core-10.1.24.jar:10.1.24]
	at org.apache.catalina.valves.ErrorReportValve.invoke(ErrorReportValve.java:93) ~[tomcat-embed-core-10.1.24.jar:10.1.24]
	at org.apache.catalina.core.StandardEngineValve.invoke(StandardEngineValve.java:74) ~[tomcat-embed-core-10.1.24.jar:10.1.24]
	at org.apache.catalina.connector.CoyoteAdapter.service(CoyoteAdapter.java:344) ~[tomcat-embed-core-10.1.24.jar:10.1.24]
	at org.apache.coyote.http11.Http11Processor.service(Http11Processor.java:389) ~[tomcat-embed-core-10.1.24.jar:10.1.24]
	at org.apache.coyote.AbstractProcessorLight.process(AbstractProcessorLight.java:63) ~[tomcat-embed-core-10.1.24.jar:10.1.24]
	at org.apache.coyote.AbstractProtocol$ConnectionHandler.process(AbstractProtocol.java:896) ~[tomcat-embed-core-10.1.24.jar:10.1.24]
	at org.apache.tomcat.util.net.NioEndpoint$SocketProcessor.doRun(NioEndpoint.java:1741) ~[tomcat-embed-core-10.1.24.jar:10.1.24]
	at org.apache.tomcat.util.net.SocketProcessorBase.run(SocketProcessorBase.java:52) ~[tomcat-embed-core-10.1.24.jar:10.1.24]
	at org.apache.tomcat.util.threads.ThreadPoolExecutor.runWorker(ThreadPoolExecutor.java:1190) ~[tomcat-embed-core-10.1.24.jar:10.1.24]
	at org.apache.tomcat.util.threads.ThreadPoolExecutor$Worker.run(ThreadPoolExecutor.java:659) ~[tomcat-embed-core-10.1.24.jar:10.1.24]
	at org.apache.tomcat.util.threads.TaskThread$WrappingRunnable.run(TaskThread.java:63) ~[tomcat-embed-core-10.1.24.jar:10.1.24]
	at java.base/java.lang.Thread.run(Thread.java:840) ~[na:na]

2026-05-29T12:09:25.905+05:30  INFO 33348 --- [EasyRoute_Backend] [RMI TCP Connection(14)-127.0.0.1] inMXBeanRegistrar$SpringApplicationAdmin : Application shutdown requested.
2026-05-29T12:09:25.920+05:30  INFO 33348 --- [EasyRoute_Backend] [RMI TCP Connection(14)-127.0.0.1] j.LocalContainerEntityManagerFactoryBean : Closing JPA EntityManagerFactory for persistence unit 'default'
2026-05-29T12:09:25.922+05:30  INFO 33348 --- [EasyRoute_Backend] [RMI TCP Connection(14)-127.0.0.1] com.zaxxer.hikari.HikariDataSource       : HikariPool-1 - Shutdown initiated...
2026-05-29T12:09:25.924+05:30  INFO 33348 --- [EasyRoute_Backend] [RMI TCP Connection(14)-127.0.0.1] com.zaxxer.hikari.HikariDataSource       : HikariPool-1 - Shutdown completed.
2026-05-29T12:09:32.765+05:30  INFO 30912 --- [EasyRoute_Backend] [main] c.l.p.LogisticsPlatformApplication       : Starting LogisticsPlatformApplication using Java 17.0.10 with PID 30912 (C:\Users\2531038\Desktop\LogisticsApplication\EasyRoute_backend\target\classes started by 2531038 in C:\Users\2531038\Desktop\LogisticsApplication\EasyRoute_backend)
2026-05-29T12:09:32.768+05:30 DEBUG 30912 --- [EasyRoute_Backend] [main] c.l.p.LogisticsPlatformApplication       : Running with Spring Boot v3.3.0, Spring v6.1.8
2026-05-29T12:09:32.769+05:30  INFO 30912 --- [EasyRoute_Backend] [main] c.l.p.LogisticsPlatformApplication       : No active profile set, falling back to 1 default profile: "default"
2026-05-29T12:09:33.395+05:30  INFO 30912 --- [EasyRoute_Backend] [main] .s.d.r.c.RepositoryConfigurationDelegate : Bootstrapping Spring Data JPA repositories in DEFAULT mode.
2026-05-29T12:09:33.486+05:30  INFO 30912 --- [EasyRoute_Backend] [main] .s.d.r.c.RepositoryConfigurationDelegate : Finished Spring Data repository scanning in 87 ms. Found 13 JPA repository interfaces.
2026-05-29T12:09:33.918+05:30  INFO 30912 --- [EasyRoute_Backend] [main] o.s.b.w.embedded.tomcat.TomcatWebServer  : Tomcat initialized with port 8080 (http)
2026-05-29T12:09:33.926+05:30  INFO 30912 --- [EasyRoute_Backend] [main] o.apache.catalina.core.StandardService   : Starting service [Tomcat]
2026-05-29T12:09:33.926+05:30  INFO 30912 --- [EasyRoute_Backend] [main] o.apache.catalina.core.StandardEngine    : Starting Servlet engine: [Apache Tomcat/10.1.24]
2026-05-29T12:09:33.965+05:30  INFO 30912 --- [EasyRoute_Backend] [main] o.a.c.c.C.[Tomcat].[localhost].[/]       : Initializing Spring embedded WebApplicationContext
2026-05-29T12:09:33.965+05:30  INFO 30912 --- [EasyRoute_Backend] [main] w.s.c.ServletWebServerApplicationContext : Root WebApplicationContext: initialization completed in 1050 ms
2026-05-29T12:09:34.063+05:30  INFO 30912 --- [EasyRoute_Backend] [main] o.hibernate.jpa.internal.util.LogHelper  : HHH000204: Processing PersistenceUnitInfo [name: default]
2026-05-29T12:09:34.102+05:30  INFO 30912 --- [EasyRoute_Backend] [main] org.hibernate.Version                    : HHH000412: Hibernate ORM core version 6.5.2.Final
2026-05-29T12:09:34.128+05:30  INFO 30912 --- [EasyRoute_Backend] [main] o.h.c.internal.RegionFactoryInitiator    : HHH000026: Second-level cache disabled
2026-05-29T12:09:34.317+05:30  INFO 30912 --- [EasyRoute_Backend] [main] o.s.o.j.p.SpringPersistenceUnitInfo      : No LoadTimeWeaver setup: ignoring JPA class transformer
2026-05-29T12:09:34.337+05:30  INFO 30912 --- [EasyRoute_Backend] [main] com.zaxxer.hikari.HikariDataSource       : HikariPool-1 - Starting...
2026-05-29T12:09:34.381+05:30  INFO 30912 --- [EasyRoute_Backend] [main] com.zaxxer.hikari.pool.HikariPool        : HikariPool-1 - Added connection org.postgresql.jdbc.PgConnection@3e63bd6b
2026-05-29T12:09:34.382+05:30  INFO 30912 --- [EasyRoute_Backend] [main] com.zaxxer.hikari.HikariDataSource       : HikariPool-1 - Start completed.
2026-05-29T12:09:34.405+05:30  WARN 30912 --- [EasyRoute_Backend] [main] org.hibernate.orm.deprecation            : HHH90000025: PostgreSQLDialect does not need to be specified explicitly using 'hibernate.dialect' (remove the property setting and it will be selected by default)
2026-05-29T12:09:35.267+05:30  INFO 30912 --- [EasyRoute_Backend] [main] o.h.e.t.j.p.i.JtaPlatformInitiator       : HHH000489: No JTA platform available (set 'hibernate.transaction.jta.platform' to enable JTA platform integration)
2026-05-29T12:09:35.302+05:30 DEBUG 30912 --- [EasyRoute_Backend] [main] org.hibernate.SQL                        : 
    alter table if exists audit_logs 
       alter column notes set data type TEXT
2026-05-29T12:09:35.306+05:30 DEBUG 30912 --- [EasyRoute_Backend] [main] org.hibernate.SQL                        : 
    alter table if exists shipment_items 
       alter column description set data type TEXT
2026-05-29T12:09:35.308+05:30 DEBUG 30912 --- [EasyRoute_Backend] [main] org.hibernate.SQL                        : 
    alter table if exists support_tickets 
       alter column admin_reply set data type TEXT
2026-05-29T12:09:35.308+05:30 DEBUG 30912 --- [EasyRoute_Backend] [main] org.hibernate.SQL                        : 
    alter table if exists support_tickets 
       alter column description set data type TEXT
2026-05-29T12:09:35.311+05:30 DEBUG 30912 --- [EasyRoute_Backend] [main] org.hibernate.SQL                        : 
    alter table if exists trucks 
       alter column insurance_url set data type TEXT
2026-05-29T12:09:35.313+05:30 DEBUG 30912 --- [EasyRoute_Backend] [main] org.hibernate.SQL                        : 
    alter table if exists trucks 
       alter column license_url set data type TEXT
2026-05-29T12:09:35.314+05:30 DEBUG 30912 --- [EasyRoute_Backend] [main] org.hibernate.SQL                        : 
    alter table if exists trucks 
       alter column rc_document_url set data type TEXT
2026-05-29T12:09:35.315+05:30 DEBUG 30912 --- [EasyRoute_Backend] [main] org.hibernate.SQL                        : 
    alter table if exists users 
       alter column bio set data type TEXT
2026-05-29T12:09:35.404+05:30  INFO 30912 --- [EasyRoute_Backend] [main] j.LocalContainerEntityManagerFactoryBean : Initialized JPA EntityManagerFactory for persistence unit 'default'
2026-05-29T12:09:35.882+05:30 DEBUG 30912 --- [EasyRoute_Backend] [main] c.l.p.security.JwtAuthenticationFilter   : Filter 'jwtAuthenticationFilter' configured for use
2026-05-29T12:09:37.162+05:30  INFO 30912 --- [EasyRoute_Backend] [main] r$InitializeUserDetailsManagerConfigurer : Global AuthenticationManager configured with UserDetailsService bean with name customUserDetailsService
2026-05-29T12:09:37.953+05:30 DEBUG 30912 --- [EasyRoute_Backend] [main] s.w.s.m.m.a.RequestMappingHandlerMapping : 48 mappings in 'requestMappingHandlerMapping'
2026-05-29T12:09:38.009+05:30 DEBUG 30912 --- [EasyRoute_Backend] [main] o.s.w.s.handler.SimpleUrlHandlerMapping  : Patterns [/webjars/**, /**, /swagger-ui*/*swagger-initializer.js, /swagger-ui*/**] in 'resourceHandlerMapping'
2026-05-29T12:09:38.109+05:30  INFO 30912 --- [EasyRoute_Backend] [main] o.s.s.web.DefaultSecurityFilterChain     : Will secure any request with [org.springframework.security.web.session.DisableEncodeUrlFilter@470a2845, org.springframework.security.web.context.request.async.WebAsyncManagerIntegrationFilter@589c648, org.springframework.security.web.context.SecurityContextHolderFilter@1d07fb2, org.springframework.security.web.header.HeaderWriterFilter@237e61ac, org.springframework.web.filter.CorsFilter@21e72fb2, org.springframework.security.web.authentication.logout.LogoutFilter@4df5b562, com.logistics.platform.security.JwtAuthenticationFilter@5112858c, org.springframework.security.web.savedrequest.RequestCacheAwareFilter@18b77ec9, org.springframework.security.web.servletapi.SecurityContextHolderAwareRequestFilter@358caf3a, org.springframework.security.web.authentication.AnonymousAuthenticationFilter@219a9b16, org.springframework.security.web.session.SessionManagementFilter@75564689, org.springframework.security.web.access.ExceptionTranslationFilter@35c55050, org.springframework.security.web.access.intercept.AuthorizationFilter@193b6f5b]
2026-05-29T12:09:38.309+05:30 DEBUG 30912 --- [EasyRoute_Backend] [main] s.w.s.m.m.a.RequestMappingHandlerAdapter : ControllerAdvice beans: 0 @ModelAttribute, 0 @InitBinder, 1 RequestBodyAdvice, 1 ResponseBodyAdvice
2026-05-29T12:09:38.372+05:30 DEBUG 30912 --- [EasyRoute_Backend] [main] .m.m.a.ExceptionHandlerExceptionResolver : ControllerAdvice beans: 2 @ExceptionHandler, 1 ResponseBodyAdvice
2026-05-29T12:09:39.018+05:30  INFO 30912 --- [EasyRoute_Backend] [main] o.s.b.w.embedded.tomcat.TomcatWebServer  : Tomcat started on port 8080 (http) with context path '/'
2026-05-29T12:09:39.073+05:30  INFO 30912 --- [EasyRoute_Backend] [main] c.l.p.LogisticsPlatformApplication       : Started LogisticsPlatformApplication in 6.654 seconds (process running for 7.045)
2026-05-29T12:09:39.333+05:30 DEBUG 30912 --- [EasyRoute_Backend] [main] org.hibernate.SQL                        : 
    select
        u1_0.id 
    from
        users u1_0 
    where
        u1_0.email=? 
    fetch
        first ? rows only
2026-05-29T12:09:39.689+05:30 DEBUG 30912 --- [EasyRoute_Backend] [main] org.hibernate.SQL                        : 
    select
        count(*) 
    from
        user_rate_cards urc1_0
2026-05-29T12:09:39.703+05:30 DEBUG 30912 --- [EasyRoute_Backend] [main] org.hibernate.SQL                        : 
    select
        count(*) 
    from
        couriers c1_0
2026-05-29T12:09:42.899+05:30  INFO 30912 --- [EasyRoute_Backend] [http-nio-8080-exec-3] o.a.c.c.C.[Tomcat].[localhost].[/]       : Initializing Spring DispatcherServlet 'dispatcherServlet'
2026-05-29T12:09:42.900+05:30  INFO 30912 --- [EasyRoute_Backend] [http-nio-8080-exec-3] o.s.web.servlet.DispatcherServlet        : Initializing Servlet 'dispatcherServlet'
2026-05-29T12:09:42.900+05:30 DEBUG 30912 --- [EasyRoute_Backend] [http-nio-8080-exec-3] o.s.web.servlet.DispatcherServlet        : Detected StandardServletMultipartResolver
2026-05-29T12:09:42.900+05:30 DEBUG 30912 --- [EasyRoute_Backend] [http-nio-8080-exec-3] o.s.web.servlet.DispatcherServlet        : Detected AcceptHeaderLocaleResolver
2026-05-29T12:09:42.900+05:30 DEBUG 30912 --- [EasyRoute_Backend] [http-nio-8080-exec-3] o.s.web.servlet.DispatcherServlet        : Detected FixedThemeResolver
2026-05-29T12:09:42.903+05:30 DEBUG 30912 --- [EasyRoute_Backend] [http-nio-8080-exec-3] o.s.web.servlet.DispatcherServlet        : Detected org.springframework.web.servlet.view.DefaultRequestToViewNameTranslator@18cdacd
2026-05-29T12:09:42.903+05:30 DEBUG 30912 --- [EasyRoute_Backend] [http-nio-8080-exec-3] o.s.web.servlet.DispatcherServlet        : Detected org.springframework.web.servlet.support.SessionFlashMapManager@793f2b41
2026-05-29T12:09:42.903+05:30 DEBUG 30912 --- [EasyRoute_Backend] [http-nio-8080-exec-3] o.s.web.servlet.DispatcherServlet        : enableLoggingRequestDetails='false': request parameters and headers will be masked to prevent unsafe logging of potentially sensitive data
2026-05-29T12:09:42.903+05:30  INFO 30912 --- [EasyRoute_Backend] [http-nio-8080-exec-3] o.s.web.servlet.DispatcherServlet        : Completed initialization in 3 ms
2026-05-29T12:09:43.277+05:30 DEBUG 30912 --- [EasyRoute_Backend] [http-nio-8080-exec-7] org.hibernate.SQL                        : 
    select
        u1_0.id,
        u1_0.address,
        u1_0.bank_details,
        u1_0.bio,
        u1_0.city,
        u1_0.created_at,
        u1_0.email,
        u1_0.email_verified,
        u1_0.emergency_contacts,
        u1_0.gstin,
        u1_0.is_active,
        u1_0.name,
        u1_0.password,
        u1_0.phone,
        u1_0.pincode,
        u1_0.preferred_route_area,
        u1_0.profile_photo_url,
        u1_0.role,
        u1_0.state,
        u1_0.updated_at 
    from
        users u1_0 
    where
        u1_0.email=?
2026-05-29T12:09:43.277+05:30 DEBUG 30912 --- [EasyRoute_Backend] [http-nio-8080-exec-9] org.hibernate.SQL                        : 
    select
        u1_0.id,
        u1_0.address,
        u1_0.bank_details,
        u1_0.bio,
        u1_0.city,
        u1_0.created_at,
        u1_0.email,
        u1_0.email_verified,
        u1_0.emergency_contacts,
        u1_0.gstin,
        u1_0.is_active,
        u1_0.name,
        u1_0.password,
        u1_0.phone,
        u1_0.pincode,
        u1_0.preferred_route_area,
        u1_0.profile_photo_url,
        u1_0.role,
        u1_0.state,
        u1_0.updated_at 
    from
        users u1_0 
    where
        u1_0.email=?
2026-05-29T12:09:43.277+05:30 DEBUG 30912 --- [EasyRoute_Backend] [http-nio-8080-exec-8] org.hibernate.SQL                        : 
    select
        u1_0.id,
        u1_0.address,
        u1_0.bank_details,
        u1_0.bio,
        u1_0.city,
        u1_0.created_at,
        u1_0.email,
        u1_0.email_verified,
        u1_0.emergency_contacts,
        u1_0.gstin,
        u1_0.is_active,
        u1_0.name,
        u1_0.password,
        u1_0.phone,
        u1_0.pincode,
        u1_0.preferred_route_area,
        u1_0.profile_photo_url,
        u1_0.role,
        u1_0.state,
        u1_0.updated_at 
    from
        users u1_0 
    where
        u1_0.email=?
2026-05-29T12:09:43.316+05:30 DEBUG 30912 --- [EasyRoute_Backend] [http-nio-8080-exec-9] o.s.web.servlet.DispatcherServlet        : GET "/api/v1/config/maps-key", parameters={}
2026-05-29T12:09:43.316+05:30 DEBUG 30912 --- [EasyRoute_Backend] [http-nio-8080-exec-8] o.s.web.servlet.DispatcherServlet        : GET "/api/v1/rates/my-rate", parameters={}
2026-05-29T12:09:43.316+05:30 DEBUG 30912 --- [EasyRoute_Backend] [http-nio-8080-exec-7] o.s.web.servlet.DispatcherServlet        : GET "/api/v1/shipments", parameters={}
2026-05-29T12:09:43.317+05:30 DEBUG 30912 --- [EasyRoute_Backend] [http-nio-8080-exec-8] s.w.s.m.m.a.RequestMappingHandlerMapping : Mapped to com.logistics.platform.controller.PlatformRateController#getMyRate(Authentication)
2026-05-29T12:09:43.317+05:30 DEBUG 30912 --- [EasyRoute_Backend] [http-nio-8080-exec-7] s.w.s.m.m.a.RequestMappingHandlerMapping : Mapped to com.logistics.platform.controller.ShipmentController#getMyShipments(User, ShipmentStatus)
2026-05-29T12:09:43.317+05:30 DEBUG 30912 --- [EasyRoute_Backend] [http-nio-8080-exec-9] s.w.s.m.m.a.RequestMappingHandlerMapping : Mapped to com.logistics.platform.controller.ConfigController#getMapsKey()
2026-05-29T12:09:43.370+05:30 DEBUG 30912 --- [EasyRoute_Backend] [http-nio-8080-exec-7] org.hibernate.SQL                        : 
    select
        u1_0.id,
        u1_0.address,
        u1_0.bank_details,
        u1_0.bio,
        u1_0.city,
        u1_0.created_at,
        u1_0.email,
        u1_0.email_verified,
        u1_0.emergency_contacts,
        u1_0.gstin,
        u1_0.is_active,
        u1_0.name,
        u1_0.password,
        u1_0.phone,
        u1_0.pincode,
        u1_0.preferred_route_area,
        u1_0.profile_photo_url,
        u1_0.role,
        u1_0.state,
        u1_0.updated_at 
    from
        users u1_0 
    where
        u1_0.email=?
2026-05-29T12:09:43.403+05:30 DEBUG 30912 --- [EasyRoute_Backend] [http-nio-8080-exec-7] org.hibernate.SQL                        : 
    select
        s1_0.id,
        s1_0.actual_delivery_time,
        s1_0.actual_pickup_time,
        s1_0.cancellation_reason,
        s1_0.chargeable_weight,
        s1_0.cod_amount,
        s1_0.cod_charge,
        s1_0.courier_id,
        s1_0.created_at,
        s1_0.customer_id,
        s1_0.drop_address,
        s1_0.drop_city,
        s1_0.drop_lat,
        s1_0.drop_lng,
        s1_0.drop_pincode,
        s1_0.estimated_cost,
        s1_0.freight_charge,
        s1_0.fuel_charge,
        s1_0.gst_charge,
        s1_0.payment_mode,
        s1_0.pickup_address,
        s1_0.pickup_city,
        s1_0.pickup_lat,
        s1_0.pickup_lng,
        s1_0.pickup_partner_id,
        s1_0.pickup_pincode,
        s1_0.remote_charge,
        s1_0.scheduled_pickup_time,
        s1_0.status,
        s1_0.total_weight_kg,
        s1_0.tracking_number,
        s1_0.truck_id,
        s1_0.updated_at,
        s1_0.volumetric_weight 
    from
        shipments s1_0 
    where
        s1_0.customer_id=?
2026-05-29T12:09:43.416+05:30 DEBUG 30912 --- [EasyRoute_Backend] [http-nio-8080-exec-8] org.hibernate.SQL                        : 
    select
        urc1_0.id,
        urc1_0.is_active,
        urc1_0.base_fare,
        urc1_0.commission_percentage,
        urc1_0.created_at,
        urc1_0.fixed_fee,
        urc1_0.name,
        urc1_0.per_kg_rate,
        urc1_0.per_km_rate,
        urc1_0.target_role,
        urc1_0.updated_at,
        urc1_0.user_id 
    from
        user_rate_cards urc1_0 
    where
        urc1_0.user_id=? 
        and urc1_0.is_active
2026-05-29T12:09:43.417+05:30 DEBUG 30912 --- [EasyRoute_Backend] [http-nio-8080-exec-8] org.hibernate.SQL                        : 
    select
        urc1_0.id,
        urc1_0.is_active,
        urc1_0.base_fare,
        urc1_0.commission_percentage,
        urc1_0.created_at,
        urc1_0.fixed_fee,
        urc1_0.name,
        urc1_0.per_kg_rate,
        urc1_0.per_km_rate,
        urc1_0.target_role,
        urc1_0.updated_at,
        urc1_0.user_id 
    from
        user_rate_cards urc1_0 
    where
        urc1_0.target_role=? 
        and urc1_0.is_active
2026-05-29T12:09:43.458+05:30 DEBUG 30912 --- [EasyRoute_Backend] [http-nio-8080-exec-9] o.s.w.s.m.m.a.HttpEntityMethodProcessor  : Using 'application/json', given [application/json, text/plain, */*] and supported [application/json, application/*+json]
2026-05-29T12:09:43.460+05:30 DEBUG 30912 --- [EasyRoute_Backend] [http-nio-8080-exec-7] org.hibernate.SQL                        : 
    select
        i1_0.shipment_id,
        i1_0.id,
        i1_0.created_at,
        i1_0.description,
        i1_0.fragile,
        i1_0.item_name,
        i1_0.quantity,
        i1_0.updated_at,
        i1_0.weight_kg 
    from
        shipment_items i1_0 
    where
        i1_0.shipment_id=?
2026-05-29T12:09:43.467+05:30 DEBUG 30912 --- [EasyRoute_Backend] [http-nio-8080-exec-8] o.s.w.s.m.m.a.HttpEntityMethodProcessor  : Using 'application/json', given [application/json, text/plain, */*] and supported [application/json, application/*+json]
2026-05-29T12:09:43.467+05:30 DEBUG 30912 --- [EasyRoute_Backend] [http-nio-8080-exec-8] o.s.w.s.m.m.a.HttpEntityMethodProcessor  : Nothing to write: null body
2026-05-29T12:09:43.467+05:30 DEBUG 30912 --- [EasyRoute_Backend] [http-nio-8080-exec-9] o.s.w.s.m.m.a.HttpEntityMethodProcessor  : Writing [ApiResponse(success=true, message=Maps API Key retrieved successfully, data={apiKey=AIzaSyANarU6cEpt (truncated)...]
2026-05-29T12:09:43.467+05:30 DEBUG 30912 --- [EasyRoute_Backend] [http-nio-8080-exec-8] o.s.web.servlet.DispatcherServlet        : Completed 200 OK
2026-05-29T12:09:43.477+05:30 DEBUG 30912 --- [EasyRoute_Backend] [http-nio-8080-exec-10] org.hibernate.SQL                        : 
    select
        u1_0.id,
        u1_0.address,
        u1_0.bank_details,
        u1_0.bio,
        u1_0.city,
        u1_0.created_at,
        u1_0.email,
        u1_0.email_verified,
        u1_0.emergency_contacts,
        u1_0.gstin,
        u1_0.is_active,
        u1_0.name,
        u1_0.password,
        u1_0.phone,
        u1_0.pincode,
        u1_0.preferred_route_area,
        u1_0.profile_photo_url,
        u1_0.role,
        u1_0.state,
        u1_0.updated_at 
    from
        users u1_0 
    where
        u1_0.email=?
2026-05-29T12:09:43.480+05:30 DEBUG 30912 --- [EasyRoute_Backend] [http-nio-8080-exec-10] o.s.web.servlet.DispatcherServlet        : GET "/api/v1/rates/my-rate", parameters={}
2026-05-29T12:09:43.480+05:30 DEBUG 30912 --- [EasyRoute_Backend] [http-nio-8080-exec-10] s.w.s.m.m.a.RequestMappingHandlerMapping : Mapped to com.logistics.platform.controller.PlatformRateController#getMyRate(Authentication)
2026-05-29T12:09:43.482+05:30 DEBUG 30912 --- [EasyRoute_Backend] [http-nio-8080-exec-7] org.hibernate.SQL                        : 
    select
        t1_0.id,
        t1_0.capacity_tons,
        t1_0.created_at,
        t1_0.current_route_area,
        t1_0.insurance_url,
        t1_0.is_available,
        t1_0.is_rejected,
        t1_0.is_verified,
        t1_0.license_url,
        t1_0.owner_id,
        t1_0.rate_card_accepted,
        t1_0.rc_document_url,
        t1_0.registration_number,
        t1_0.truck_type,
        t1_0.updated_at 
    from
        trucks t1_0 
    where
        t1_0.id=?
2026-05-29T12:09:43.484+05:30 DEBUG 30912 --- [EasyRoute_Backend] [http-nio-8080-exec-10] org.hibernate.SQL                        : 
    select
        urc1_0.id,
        urc1_0.is_active,
        urc1_0.base_fare,
        urc1_0.commission_percentage,
        urc1_0.created_at,
        urc1_0.fixed_fee,
        urc1_0.name,
        urc1_0.per_kg_rate,
        urc1_0.per_km_rate,
        urc1_0.target_role,
        urc1_0.updated_at,
        urc1_0.user_id 
    from
        user_rate_cards urc1_0 
    where
        urc1_0.user_id=? 
        and urc1_0.is_active
2026-05-29T12:09:43.484+05:30 DEBUG 30912 --- [EasyRoute_Backend] [http-nio-8080-exec-7] org.hibernate.SQL                        : 
    select
        u1_0.id,
        u1_0.address,
        u1_0.bank_details,
        u1_0.bio,
        u1_0.city,
        u1_0.created_at,
        u1_0.email,
        u1_0.email_verified,
        u1_0.emergency_contacts,
        u1_0.gstin,
        u1_0.is_active,
        u1_0.name,
        u1_0.password,
        u1_0.phone,
        u1_0.pincode,
        u1_0.preferred_route_area,
        u1_0.profile_photo_url,
        u1_0.role,
        u1_0.state,
        u1_0.updated_at 
    from
        users u1_0 
    where
        u1_0.id=?
2026-05-29T12:09:43.484+05:30 DEBUG 30912 --- [EasyRoute_Backend] [http-nio-8080-exec-7] org.hibernate.SQL                        : 
    select
        u1_0.id,
        u1_0.address,
        u1_0.bank_details,
        u1_0.bio,
        u1_0.city,
        u1_0.created_at,
        u1_0.email,
        u1_0.email_verified,
        u1_0.emergency_contacts,
        u1_0.gstin,
        u1_0.is_active,
        u1_0.name,
        u1_0.password,
        u1_0.phone,
        u1_0.pincode,
        u1_0.preferred_route_area,
        u1_0.profile_photo_url,
        u1_0.role,
        u1_0.state,
        u1_0.updated_at 
    from
        users u1_0 
    where
        u1_0.id=?
2026-05-29T12:09:43.484+05:30 DEBUG 30912 --- [EasyRoute_Backend] [http-nio-8080-exec-10] org.hibernate.SQL                        : 
    select
        urc1_0.id,
        urc1_0.is_active,
        urc1_0.base_fare,
        urc1_0.commission_percentage,
        urc1_0.created_at,
        urc1_0.fixed_fee,
        urc1_0.name,
        urc1_0.per_kg_rate,
        urc1_0.per_km_rate,
        urc1_0.target_role,
        urc1_0.updated_at,
        urc1_0.user_id 
    from
        user_rate_cards urc1_0 
    where
        urc1_0.target_role=? 
        and urc1_0.is_active
2026-05-29T12:09:43.484+05:30 DEBUG 30912 --- [EasyRoute_Backend] [http-nio-8080-exec-10] o.s.w.s.m.m.a.HttpEntityMethodProcessor  : Using 'application/json', given [application/json, text/plain, */*] and supported [application/json, application/*+json]
2026-05-29T12:09:43.484+05:30 DEBUG 30912 --- [EasyRoute_Backend] [http-nio-8080-exec-7] org.hibernate.SQL                        : 
    select
        i1_0.shipment_id,
        i1_0.id,
        i1_0.created_at,
        i1_0.description,
        i1_0.fragile,
        i1_0.item_name,
        i1_0.quantity,
        i1_0.updated_at,
        i1_0.weight_kg 
    from
        shipment_items i1_0 
    where
        i1_0.shipment_id=?
2026-05-29T12:09:43.484+05:30 DEBUG 30912 --- [EasyRoute_Backend] [http-nio-8080-exec-10] o.s.w.s.m.m.a.HttpEntityMethodProcessor  : Nothing to write: null body
2026-05-29T12:09:43.484+05:30 DEBUG 30912 --- [EasyRoute_Backend] [http-nio-8080-exec-10] o.s.web.servlet.DispatcherServlet        : Completed 200 OK
2026-05-29T12:09:43.493+05:30 DEBUG 30912 --- [EasyRoute_Backend] [http-nio-8080-exec-9] o.s.web.servlet.DispatcherServlet        : Completed 200 OK
2026-05-29T12:09:43.494+05:30 DEBUG 30912 --- [EasyRoute_Backend] [http-nio-8080-exec-7] o.s.w.s.m.m.a.HttpEntityMethodProcessor  : Using 'application/json', given [application/json, text/plain, */*] and supported [application/json, application/*+json]
2026-05-29T12:09:43.500+05:30 DEBUG 30912 --- [EasyRoute_Backend] [http-nio-8080-exec-2] org.hibernate.SQL                        : 
    select
        u1_0.id,
        u1_0.address,
        u1_0.bank_details,
        u1_0.bio,
        u1_0.city,
        u1_0.created_at,
        u1_0.email,
        u1_0.email_verified,
        u1_0.emergency_contacts,
        u1_0.gstin,
        u1_0.is_active,
        u1_0.name,
        u1_0.password,
        u1_0.phone,
        u1_0.pincode,
        u1_0.preferred_route_area,
        u1_0.profile_photo_url,
        u1_0.role,
        u1_0.state,
        u1_0.updated_at 
    from
        users u1_0 
    where
        u1_0.email=?
2026-05-29T12:09:43.504+05:30 DEBUG 30912 --- [EasyRoute_Backend] [http-nio-8080-exec-2] o.s.web.servlet.DispatcherServlet        : GET "/api/v1/config/maps-key", parameters={}
2026-05-29T12:09:43.504+05:30 DEBUG 30912 --- [EasyRoute_Backend] [http-nio-8080-exec-2] s.w.s.m.m.a.RequestMappingHandlerMapping : Mapped to com.logistics.platform.controller.ConfigController#getMapsKey()
2026-05-29T12:09:43.504+05:30 DEBUG 30912 --- [EasyRoute_Backend] [http-nio-8080-exec-2] o.s.w.s.m.m.a.HttpEntityMethodProcessor  : Using 'application/json', given [application/json, text/plain, */*] and supported [application/json, application/*+json]
2026-05-29T12:09:43.504+05:30 DEBUG 30912 --- [EasyRoute_Backend] [http-nio-8080-exec-2] o.s.w.s.m.m.a.HttpEntityMethodProcessor  : Writing [ApiResponse(success=true, message=Maps API Key retrieved successfully, data={apiKey=AIzaSyANarU6cEpt (truncated)...]
2026-05-29T12:09:43.504+05:30 DEBUG 30912 --- [EasyRoute_Backend] [http-nio-8080-exec-2] o.s.web.servlet.DispatcherServlet        : Completed 200 OK
2026-05-29T12:09:43.517+05:30 DEBUG 30912 --- [EasyRoute_Backend] [http-nio-8080-exec-7] o.s.w.s.m.m.a.HttpEntityMethodProcessor  : Writing [ApiResponse(success=true, message=Shipments retrieved successfully, data=[ShipmentResponse(id=440150 (truncated)...]
2026-05-29T12:09:43.548+05:30 DEBUG 30912 --- [EasyRoute_Backend] [http-nio-8080-exec-7] o.s.web.servlet.DispatcherServlet        : Completed 200 OK
2026-05-29T12:09:43.553+05:30 DEBUG 30912 --- [EasyRoute_Backend] [http-nio-8080-exec-3] org.hibernate.SQL                        : 
    select
        u1_0.id,
        u1_0.address,
        u1_0.bank_details,
        u1_0.bio,
        u1_0.city,
        u1_0.created_at,
        u1_0.email,
        u1_0.email_verified,
        u1_0.emergency_contacts,
        u1_0.gstin,
        u1_0.is_active,
        u1_0.name,
        u1_0.password,
        u1_0.phone,
        u1_0.pincode,
        u1_0.preferred_route_area,
        u1_0.profile_photo_url,
        u1_0.role,
        u1_0.state,
        u1_0.updated_at 
    from
        users u1_0 
    where
        u1_0.email=?
2026-05-29T12:09:43.553+05:30 DEBUG 30912 --- [EasyRoute_Backend] [http-nio-8080-exec-3] o.s.web.servlet.DispatcherServlet        : GET "/api/v1/shipments", parameters={}
2026-05-29T12:09:43.553+05:30 DEBUG 30912 --- [EasyRoute_Backend] [http-nio-8080-exec-3] s.w.s.m.m.a.RequestMappingHandlerMapping : Mapped to com.logistics.platform.controller.ShipmentController#getMyShipments(User, ShipmentStatus)
2026-05-29T12:09:43.560+05:30 DEBUG 30912 --- [EasyRoute_Backend] [http-nio-8080-exec-3] org.hibernate.SQL                        : 
    select
        u1_0.id,
        u1_0.address,
        u1_0.bank_details,
        u1_0.bio,
        u1_0.city,
        u1_0.created_at,
        u1_0.email,
        u1_0.email_verified,
        u1_0.emergency_contacts,
        u1_0.gstin,
        u1_0.is_active,
        u1_0.name,
        u1_0.password,
        u1_0.phone,
        u1_0.pincode,
        u1_0.preferred_route_area,
        u1_0.profile_photo_url,
        u1_0.role,
        u1_0.state,
        u1_0.updated_at 
    from
        users u1_0 
    where
        u1_0.email=?
2026-05-29T12:09:43.565+05:30 DEBUG 30912 --- [EasyRoute_Backend] [http-nio-8080-exec-3] org.hibernate.SQL                        : 
    select
        s1_0.id,
        s1_0.actual_delivery_time,
        s1_0.actual_pickup_time,
        s1_0.cancellation_reason,
        s1_0.chargeable_weight,
        s1_0.cod_amount,
        s1_0.cod_charge,
        s1_0.courier_id,
        s1_0.created_at,
        s1_0.customer_id,
        s1_0.drop_address,
        s1_0.drop_city,
        s1_0.drop_lat,
        s1_0.drop_lng,
        s1_0.drop_pincode,
        s1_0.estimated_cost,
        s1_0.freight_charge,
        s1_0.fuel_charge,
        s1_0.gst_charge,
        s1_0.payment_mode,
        s1_0.pickup_address,
        s1_0.pickup_city,
        s1_0.pickup_lat,
        s1_0.pickup_lng,
        s1_0.pickup_partner_id,
        s1_0.pickup_pincode,
        s1_0.remote_charge,
        s1_0.scheduled_pickup_time,
        s1_0.status,
        s1_0.total_weight_kg,
        s1_0.tracking_number,
        s1_0.truck_id,
        s1_0.updated_at,
        s1_0.volumetric_weight 
    from
        shipments s1_0 
    where
        s1_0.customer_id=?
2026-05-29T12:09:43.568+05:30 DEBUG 30912 --- [EasyRoute_Backend] [http-nio-8080-exec-3] org.hibernate.SQL                        : 
    select
        i1_0.shipment_id,
        i1_0.id,
        i1_0.created_at,
        i1_0.description,
        i1_0.fragile,
        i1_0.item_name,
        i1_0.quantity,
        i1_0.updated_at,
        i1_0.weight_kg 
    from
        shipment_items i1_0 
    where
        i1_0.shipment_id=?
2026-05-29T12:09:43.568+05:30 DEBUG 30912 --- [EasyRoute_Backend] [http-nio-8080-exec-3] org.hibernate.SQL                        : 
    select
        t1_0.id,
        t1_0.capacity_tons,
        t1_0.created_at,
        t1_0.current_route_area,
        t1_0.insurance_url,
        t1_0.is_available,
        t1_0.is_rejected,
        t1_0.is_verified,
        t1_0.license_url,
        t1_0.owner_id,
        t1_0.rate_card_accepted,
        t1_0.rc_document_url,
        t1_0.registration_number,
        t1_0.truck_type,
        t1_0.updated_at 
    from
        trucks t1_0 
    where
        t1_0.id=?
2026-05-29T12:09:43.568+05:30 DEBUG 30912 --- [EasyRoute_Backend] [http-nio-8080-exec-3] org.hibernate.SQL                        : 
    select
        u1_0.id,
        u1_0.address,
        u1_0.bank_details,
        u1_0.bio,
        u1_0.city,
        u1_0.created_at,
        u1_0.email,
        u1_0.email_verified,
        u1_0.emergency_contacts,
        u1_0.gstin,
        u1_0.is_active,
        u1_0.name,
        u1_0.password,
        u1_0.phone,
        u1_0.pincode,
        u1_0.preferred_route_area,
        u1_0.profile_photo_url,
        u1_0.role,
        u1_0.state,
        u1_0.updated_at 
    from
        users u1_0 
    where
        u1_0.id=?
2026-05-29T12:09:43.576+05:30 DEBUG 30912 --- [EasyRoute_Backend] [http-nio-8080-exec-3] org.hibernate.SQL                        : 
    select
        u1_0.id,
        u1_0.address,
        u1_0.bank_details,
        u1_0.bio,
        u1_0.city,
        u1_0.created_at,
        u1_0.email,
        u1_0.email_verified,
        u1_0.emergency_contacts,
        u1_0.gstin,
        u1_0.is_active,
        u1_0.name,
        u1_0.password,
        u1_0.phone,
        u1_0.pincode,
        u1_0.preferred_route_area,
        u1_0.profile_photo_url,
        u1_0.role,
        u1_0.state,
        u1_0.updated_at 
    from
        users u1_0 
    where
        u1_0.id=?
2026-05-29T12:09:43.578+05:30 DEBUG 30912 --- [EasyRoute_Backend] [http-nio-8080-exec-3] org.hibernate.SQL                        : 
    select
        i1_0.shipment_id,
        i1_0.id,
        i1_0.created_at,
        i1_0.description,
        i1_0.fragile,
        i1_0.item_name,
        i1_0.quantity,
        i1_0.updated_at,
        i1_0.weight_kg 
    from
        shipment_items i1_0 
    where
        i1_0.shipment_id=?
2026-05-29T12:09:43.583+05:30 DEBUG 30912 --- [EasyRoute_Backend] [http-nio-8080-exec-3] o.s.w.s.m.m.a.HttpEntityMethodProcessor  : Using 'application/json', given [application/json, text/plain, */*] and supported [application/json, application/*+json]
2026-05-29T12:09:43.584+05:30 DEBUG 30912 --- [EasyRoute_Backend] [http-nio-8080-exec-3] o.s.w.s.m.m.a.HttpEntityMethodProcessor  : Writing [ApiResponse(success=true, message=Shipments retrieved successfully, data=[ShipmentResponse(id=440150 (truncated)...]
2026-05-29T12:09:43.584+05:30 DEBUG 30912 --- [EasyRoute_Backend] [http-nio-8080-exec-3] o.s.web.servlet.DispatcherServlet        : Completed 200 OK
2026-05-29T12:09:48.177+05:30 DEBUG 30912 --- [EasyRoute_Backend] [http-nio-8080-exec-6] org.hibernate.SQL                        : 
    select
        u1_0.id,
        u1_0.address,
        u1_0.bank_details,
        u1_0.bio,
        u1_0.city,
        u1_0.created_at,
        u1_0.email,
        u1_0.email_verified,
        u1_0.emergency_contacts,
        u1_0.gstin,
        u1_0.is_active,
        u1_0.name,
        u1_0.password,
        u1_0.phone,
        u1_0.pincode,
        u1_0.preferred_route_area,
        u1_0.profile_photo_url,
        u1_0.role,
        u1_0.state,
        u1_0.updated_at 
    from
        users u1_0 
    where
        u1_0.email=?
2026-05-29T12:09:48.187+05:30 DEBUG 30912 --- [EasyRoute_Backend] [http-nio-8080-exec-6] o.s.web.servlet.DispatcherServlet        : GET "/api/v1/ai/chat?message=Hello", parameters={masked}
2026-05-29T12:09:48.188+05:30 DEBUG 30912 --- [EasyRoute_Backend] [http-nio-8080-exec-6] s.w.s.m.m.a.RequestMappingHandlerMapping : Mapped to com.logistics.platform.controller.AiController#chat(String)
2026-05-29T12:09:48.439+05:30 DEBUG 30912 --- [EasyRoute_Backend] [http-nio-8080-exec-6] o.s.web.client.DefaultRestClient         : Writing [ChatCompletionRequest[messages=[ChatCompletionMessage[rawContent=[{type=text, text=You are an expert Logistics and Supply Chain Assistant. You help users with shipping, warehousing, inventory management, and transportation queries. Provide concise, professional, and accurate answers.}], role=SYSTEM, name=null, toolCallId=null, toolCalls=null], ChatCompletionMessage[rawContent=[{type=text, text=Hello}], role=USER, name=null, toolCallId=null, toolCalls=null]], model=llama3-8b-8192, frequencyPenalty=null, logitBias=null, logprobs=null, topLogprobs=null, maxTokens=null, n=null, presencePenalty=null, responseFormat=null, seed=null, stop=null, stream=false, temperature=0.7, topP=null, tools=null, toolChoice=null, user=null]] as "application/json" with org.springframework.http.converter.json.MappingJackson2HttpMessageConverter
2026-05-29T12:09:49.000+05:30  WARN 30912 --- [EasyRoute_Backend] [http-nio-8080-exec-6] o.s.a.a.r.SpringAiRetryAutoConfiguration : Retry error. Retry count:1

org.springframework.ai.retry.NonTransientAiException: 404 - {"error":{"message":"Unknown request URL: POST /openai/v1/v1/chat/completions. Please check the URL for typos, or see the docs at https://console.groq.com/docs/","type":"invalid_request_error","code":"unknown_url"}}

	at org.springframework.ai.autoconfigure.retry.SpringAiRetryAutoConfiguration$2.handleError(SpringAiRetryAutoConfiguration.java:95) ~[spring-ai-spring-boot-autoconfigure-1.0.0-M1.jar:1.0.0-M1]
	at org.springframework.web.client.ResponseErrorHandler.handleError(ResponseErrorHandler.java:63) ~[spring-web-6.1.8.jar:6.1.8]
	at org.springframework.web.client.StatusHandler.lambda$fromErrorHandler$1(StatusHandler.java:71) ~[spring-web-6.1.8.jar:6.1.8]
	at org.springframework.web.client.StatusHandler.handle(StatusHandler.java:146) ~[spring-web-6.1.8.jar:6.1.8]
	at org.springframework.web.client.DefaultRestClient$DefaultResponseSpec.applyStatusHandlers(DefaultRestClient.java:701) ~[spring-web-6.1.8.jar:6.1.8]
	at org.springframework.web.client.DefaultRestClient.readWithMessageConverters(DefaultRestClient.java:200) ~[spring-web-6.1.8.jar:6.1.8]
	at org.springframework.web.client.DefaultRestClient$DefaultResponseSpec.readBody(DefaultRestClient.java:688) ~[spring-web-6.1.8.jar:6.1.8]
	at org.springframework.web.client.DefaultRestClient$DefaultResponseSpec.toEntityInternal(DefaultRestClient.java:658) ~[spring-web-6.1.8.jar:6.1.8]
	at org.springframework.web.client.DefaultRestClient$DefaultResponseSpec.toEntity(DefaultRestClient.java:647) ~[spring-web-6.1.8.jar:6.1.8]
	at org.springframework.ai.openai.api.OpenAiApi.chatCompletionEntity(OpenAiApi.java:778) ~[spring-ai-openai-1.0.0-M1.jar:1.0.0-M1]
	at org.springframework.ai.openai.OpenAiChatModel.doChatCompletion(OpenAiChatModel.java:376) ~[spring-ai-openai-1.0.0-M1.jar:1.0.0-M1]
	at org.springframework.ai.openai.OpenAiChatModel.doChatCompletion(OpenAiChatModel.java:76) ~[spring-ai-openai-1.0.0-M1.jar:1.0.0-M1]
	at org.springframework.ai.model.function.AbstractFunctionCallSupport.callWithFunctionSupport(AbstractFunctionCallSupport.java:127) ~[spring-ai-core-1.0.0-M1.jar:1.0.0-M1]
	at org.springframework.ai.openai.OpenAiChatModel.lambda$call$1(OpenAiChatModel.java:144) ~[spring-ai-openai-1.0.0-M1.jar:1.0.0-M1]
	at org.springframework.retry.support.RetryTemplate.doExecute(RetryTemplate.java:344) ~[spring-retry-2.0.6.jar:na]
	at org.springframework.retry.support.RetryTemplate.execute(RetryTemplate.java:217) ~[spring-retry-2.0.6.jar:na]
	at org.springframework.ai.openai.OpenAiChatModel.call(OpenAiChatModel.java:142) ~[spring-ai-openai-1.0.0-M1.jar:1.0.0-M1]
	at org.springframework.ai.chat.client.ChatClient$ChatClientRequest$CallResponseSpec.doGetChatResponse(ChatClient.java:616) ~[spring-ai-core-1.0.0-M1.jar:1.0.0-M1]
	at org.springframework.ai.chat.client.ChatClient$ChatClientRequest$CallResponseSpec.doGetChatResponse(ChatClient.java:569) ~[spring-ai-core-1.0.0-M1.jar:1.0.0-M1]
	at org.springframework.ai.chat.client.ChatClient$ChatClientRequest$CallResponseSpec.content(ChatClient.java:635) ~[spring-ai-core-1.0.0-M1.jar:1.0.0-M1]
	at com.logistics.platform.service.AiService.getChatResponse(AiService.java:21) ~[classes/:na]
	at com.logistics.platform.controller.AiController.chat(AiController.java:19) ~[classes/:na]
	at java.base/jdk.internal.reflect.NativeMethodAccessorImpl.invoke0(Native Method) ~[na:na]
	at java.base/jdk.internal.reflect.NativeMethodAccessorImpl.invoke(NativeMethodAccessorImpl.java:77) ~[na:na]
	at java.base/jdk.internal.reflect.DelegatingMethodAccessorImpl.invoke(DelegatingMethodAccessorImpl.java:43) ~[na:na]
	at java.base/java.lang.reflect.Method.invoke(Method.java:568) ~[na:na]
	at org.springframework.web.method.support.InvocableHandlerMethod.doInvoke(InvocableHandlerMethod.java:255) ~[spring-web-6.1.8.jar:6.1.8]
	at org.springframework.web.method.support.InvocableHandlerMethod.invokeForRequest(InvocableHandlerMethod.java:188) ~[spring-web-6.1.8.jar:6.1.8]
	at org.springframework.web.servlet.mvc.method.annotation.ServletInvocableHandlerMethod.invokeAndHandle(ServletInvocableHandlerMethod.java:118) ~[spring-webmvc-6.1.8.jar:6.1.8]
	at org.springframework.web.servlet.mvc.method.annotation.RequestMappingHandlerAdapter.invokeHandlerMethod(RequestMappingHandlerAdapter.java:926) ~[spring-webmvc-6.1.8.jar:6.1.8]
	at org.springframework.web.servlet.mvc.method.annotation.RequestMappingHandlerAdapter.handleInternal(RequestMappingHandlerAdapter.java:831) ~[spring-webmvc-6.1.8.jar:6.1.8]
	at org.springframework.web.servlet.mvc.method.AbstractHandlerMethodAdapter.handle(AbstractHandlerMethodAdapter.java:87) ~[spring-webmvc-6.1.8.jar:6.1.8]
	at org.springframework.web.servlet.DispatcherServlet.doDispatch(DispatcherServlet.java:1089) ~[spring-webmvc-6.1.8.jar:6.1.8]
	at org.springframework.web.servlet.DispatcherServlet.doService(DispatcherServlet.java:979) ~[spring-webmvc-6.1.8.jar:6.1.8]
	at org.springframework.web.servlet.FrameworkServlet.processRequest(FrameworkServlet.java:1014) ~[spring-webmvc-6.1.8.jar:6.1.8]
	at org.springframework.web.servlet.FrameworkServlet.doGet(FrameworkServlet.java:903) ~[spring-webmvc-6.1.8.jar:6.1.8]
	at jakarta.servlet.http.HttpServlet.service(HttpServlet.java:564) ~[tomcat-embed-core-10.1.24.jar:6.0]
	at org.springframework.web.servlet.FrameworkServlet.service(FrameworkServlet.java:885) ~[spring-webmvc-6.1.8.jar:6.1.8]
	at jakarta.servlet.http.HttpServlet.service(HttpServlet.java:658) ~[tomcat-embed-core-10.1.24.jar:6.0]
	at org.apache.catalina.core.ApplicationFilterChain.internalDoFilter(ApplicationFilterChain.java:195) ~[tomcat-embed-core-10.1.24.jar:10.1.24]
	at org.apache.catalina.core.ApplicationFilterChain.doFilter(ApplicationFilterChain.java:140) ~[tomcat-embed-core-10.1.24.jar:10.1.24]
	at org.apache.tomcat.websocket.server.WsFilter.doFilter(WsFilter.java:51) ~[tomcat-embed-websocket-10.1.24.jar:10.1.24]
	at org.apache.catalina.core.ApplicationFilterChain.internalDoFilter(ApplicationFilterChain.java:164) ~[tomcat-embed-core-10.1.24.jar:10.1.24]
	at org.apache.catalina.core.ApplicationFilterChain.doFilter(ApplicationFilterChain.java:140) ~[tomcat-embed-core-10.1.24.jar:10.1.24]
	at org.springframework.web.filter.OncePerRequestFilter.doFilter(OncePerRequestFilter.java:110) ~[spring-web-6.1.8.jar:6.1.8]
	at org.apache.catalina.core.ApplicationFilterChain.internalDoFilter(ApplicationFilterChain.java:164) ~[tomcat-embed-core-10.1.24.jar:10.1.24]
	at org.apache.catalina.core.ApplicationFilterChain.doFilter(ApplicationFilterChain.java:140) ~[tomcat-embed-core-10.1.24.jar:10.1.24]
	at org.springframework.web.filter.CompositeFilter$VirtualFilterChain.doFilter(CompositeFilter.java:108) ~[spring-web-6.1.8.jar:6.1.8]
	at org.springframework.security.web.FilterChainProxy.lambda$doFilterInternal$3(FilterChainProxy.java:231) ~[spring-security-web-6.3.0.jar:6.3.0]
	at org.springframework.security.web.FilterChainProxy$VirtualFilterChain.doFilter(FilterChainProxy.java:365) ~[spring-security-web-6.3.0.jar:6.3.0]
	at org.springframework.security.web.access.intercept.AuthorizationFilter.doFilter(AuthorizationFilter.java:100) ~[spring-security-web-6.3.0.jar:6.3.0]
	at org.springframework.security.web.FilterChainProxy$VirtualFilterChain.doFilter(FilterChainProxy.java:374) ~[spring-security-web-6.3.0.jar:6.3.0]
	at org.springframework.security.web.access.ExceptionTranslationFilter.doFilter(ExceptionTranslationFilter.java:126) ~[spring-security-web-6.3.0.jar:6.3.0]
	at org.springframework.security.web.access.ExceptionTranslationFilter.doFilter(ExceptionTranslationFilter.java:120) ~[spring-security-web-6.3.0.jar:6.3.0]
	at org.springframework.security.web.FilterChainProxy$VirtualFilterChain.doFilter(FilterChainProxy.java:374) ~[spring-security-web-6.3.0.jar:6.3.0]
	at org.springframework.security.web.session.SessionManagementFilter.doFilter(SessionManagementFilter.java:131) ~[spring-security-web-6.3.0.jar:6.3.0]
	at org.springframework.security.web.session.SessionManagementFilter.doFilter(SessionManagementFilter.java:85) ~[spring-security-web-6.3.0.jar:6.3.0]
	at org.springframework.security.web.FilterChainProxy$VirtualFilterChain.doFilter(FilterChainProxy.java:374) ~[spring-security-web-6.3.0.jar:6.3.0]
	at org.springframework.security.web.authentication.AnonymousAuthenticationFilter.doFilter(AnonymousAuthenticationFilter.java:100) ~[spring-security-web-6.3.0.jar:6.3.0]
	at org.springframework.security.web.FilterChainProxy$VirtualFilterChain.doFilter(FilterChainProxy.java:374) ~[spring-security-web-6.3.0.jar:6.3.0]
	at org.springframework.security.web.servletapi.SecurityContextHolderAwareRequestFilter.doFilter(SecurityContextHolderAwareRequestFilter.java:179) ~[spring-security-web-6.3.0.jar:6.3.0]
	at org.springframework.security.web.FilterChainProxy$VirtualFilterChain.doFilter(FilterChainProxy.java:374) ~[spring-security-web-6.3.0.jar:6.3.0]
	at org.springframework.security.web.savedrequest.RequestCacheAwareFilter.doFilter(RequestCacheAwareFilter.java:63) ~[spring-security-web-6.3.0.jar:6.3.0]
	at org.springframework.security.web.FilterChainProxy$VirtualFilterChain.doFilter(FilterChainProxy.java:374) ~[spring-security-web-6.3.0.jar:6.3.0]
	at com.logistics.platform.security.JwtAuthenticationFilter.doFilterInternal(JwtAuthenticationFilter.java:45) ~[classes/:na]
	at org.springframework.web.filter.OncePerRequestFilter.doFilter(OncePerRequestFilter.java:116) ~[spring-web-6.1.8.jar:6.1.8]
	at org.springframework.security.web.FilterChainProxy$VirtualFilterChain.doFilter(FilterChainProxy.java:374) ~[spring-security-web-6.3.0.jar:6.3.0]
	at org.springframework.security.web.authentication.logout.LogoutFilter.doFilter(LogoutFilter.java:107) ~[spring-security-web-6.3.0.jar:6.3.0]
	at org.springframework.security.web.authentication.logout.LogoutFilter.doFilter(LogoutFilter.java:93) ~[spring-security-web-6.3.0.jar:6.3.0]
	at org.springframework.security.web.FilterChainProxy$VirtualFilterChain.doFilter(FilterChainProxy.java:374) ~[spring-security-web-6.3.0.jar:6.3.0]
	at org.springframework.web.filter.CorsFilter.doFilterInternal(CorsFilter.java:91) ~[spring-web-6.1.8.jar:6.1.8]
	at org.springframework.web.filter.OncePerRequestFilter.doFilter(OncePerRequestFilter.java:116) ~[spring-web-6.1.8.jar:6.1.8]
	at org.springframework.security.web.FilterChainProxy$VirtualFilterChain.doFilter(FilterChainProxy.java:374) ~[spring-security-web-6.3.0.jar:6.3.0]
	at org.springframework.security.web.header.HeaderWriterFilter.doHeadersAfter(HeaderWriterFilter.java:90) ~[spring-security-web-6.3.0.jar:6.3.0]
	at org.springframework.security.web.header.HeaderWriterFilter.doFilterInternal(HeaderWriterFilter.java:75) ~[spring-security-web-6.3.0.jar:6.3.0]
	at org.springframework.web.filter.OncePerRequestFilter.doFilter(OncePerRequestFilter.java:116) ~[spring-web-6.1.8.jar:6.1.8]
	at org.springframework.security.web.FilterChainProxy$VirtualFilterChain.doFilter(FilterChainProxy.java:374) ~[spring-security-web-6.3.0.jar:6.3.0]
	at org.springframework.security.web.context.SecurityContextHolderFilter.doFilter(SecurityContextHolderFilter.java:82) ~[spring-security-web-6.3.0.jar:6.3.0]
	at org.springframework.security.web.context.SecurityContextHolderFilter.doFilter(SecurityContextHolderFilter.java:69) ~[spring-security-web-6.3.0.jar:6.3.0]
	at org.springframework.security.web.FilterChainProxy$VirtualFilterChain.doFilter(FilterChainProxy.java:374) ~[spring-security-web-6.3.0.jar:6.3.0]
	at org.springframework.security.web.context.request.async.WebAsyncManagerIntegrationFilter.doFilterInternal(WebAsyncManagerIntegrationFilter.java:62) ~[spring-security-web-6.3.0.jar:6.3.0]
	at org.springframework.web.filter.OncePerRequestFilter.doFilter(OncePerRequestFilter.java:116) ~[spring-web-6.1.8.jar:6.1.8]
	at org.springframework.security.web.FilterChainProxy$VirtualFilterChain.doFilter(FilterChainProxy.java:374) ~[spring-security-web-6.3.0.jar:6.3.0]
	at org.springframework.security.web.session.DisableEncodeUrlFilter.doFilterInternal(DisableEncodeUrlFilter.java:42) ~[spring-security-web-6.3.0.jar:6.3.0]
	at org.springframework.web.filter.OncePerRequestFilter.doFilter(OncePerRequestFilter.java:116) ~[spring-web-6.1.8.jar:6.1.8]
	at org.springframework.security.web.FilterChainProxy$VirtualFilterChain.doFilter(FilterChainProxy.java:374) ~[spring-security-web-6.3.0.jar:6.3.0]
	at org.springframework.security.web.FilterChainProxy.doFilterInternal(FilterChainProxy.java:233) ~[spring-security-web-6.3.0.jar:6.3.0]
	at org.springframework.security.web.FilterChainProxy.doFilter(FilterChainProxy.java:191) ~[spring-security-web-6.3.0.jar:6.3.0]
	at org.springframework.web.filter.CompositeFilter$VirtualFilterChain.doFilter(CompositeFilter.java:113) ~[spring-web-6.1.8.jar:6.1.8]
	at org.springframework.web.servlet.handler.HandlerMappingIntrospector.lambda$createCacheFilter$3(HandlerMappingIntrospector.java:195) ~[spring-webmvc-6.1.8.jar:6.1.8]
	at org.springframework.web.filter.CompositeFilter$VirtualFilterChain.doFilter(CompositeFilter.java:113) ~[spring-web-6.1.8.jar:6.1.8]
	at org.springframework.web.filter.CompositeFilter.doFilter(CompositeFilter.java:74) ~[spring-web-6.1.8.jar:6.1.8]
	at org.springframework.security.config.annotation.web.configuration.WebMvcSecurityConfiguration$CompositeFilterChainProxy.doFilter(WebMvcSecurityConfiguration.java:230) ~[spring-security-config-6.3.0.jar:6.3.0]
	at org.springframework.web.filter.DelegatingFilterProxy.invokeDelegate(DelegatingFilterProxy.java:352) ~[spring-web-6.1.8.jar:6.1.8]
	at org.springframework.web.filter.DelegatingFilterProxy.doFilter(DelegatingFilterProxy.java:268) ~[spring-web-6.1.8.jar:6.1.8]
	at org.apache.catalina.core.ApplicationFilterChain.internalDoFilter(ApplicationFilterChain.java:164) ~[tomcat-embed-core-10.1.24.jar:10.1.24]
	at org.apache.catalina.core.ApplicationFilterChain.doFilter(ApplicationFilterChain.java:140) ~[tomcat-embed-core-10.1.24.jar:10.1.24]
	at org.springframework.web.filter.RequestContextFilter.doFilterInternal(RequestContextFilter.java:100) ~[spring-web-6.1.8.jar:6.1.8]
	at org.springframework.web.filter.OncePerRequestFilter.doFilter(OncePerRequestFilter.java:116) ~[spring-web-6.1.8.jar:6.1.8]
	at org.apache.catalina.core.ApplicationFilterChain.internalDoFilter(ApplicationFilterChain.java:164) ~[tomcat-embed-core-10.1.24.jar:10.1.24]
	at org.apache.catalina.core.ApplicationFilterChain.doFilter(ApplicationFilterChain.java:140) ~[tomcat-embed-core-10.1.24.jar:10.1.24]
	at org.springframework.web.filter.FormContentFilter.doFilterInternal(FormContentFilter.java:93) ~[spring-web-6.1.8.jar:6.1.8]
	at org.springframework.web.filter.OncePerRequestFilter.doFilter(OncePerRequestFilter.java:116) ~[spring-web-6.1.8.jar:6.1.8]
	at org.apache.catalina.core.ApplicationFilterChain.internalDoFilter(ApplicationFilterChain.java:164) ~[tomcat-embed-core-10.1.24.jar:10.1.24]
	at org.apache.catalina.core.ApplicationFilterChain.doFilter(ApplicationFilterChain.java:140) ~[tomcat-embed-core-10.1.24.jar:10.1.24]
	at org.springframework.web.filter.CharacterEncodingFilter.doFilterInternal(CharacterEncodingFilter.java:201) ~[spring-web-6.1.8.jar:6.1.8]
	at org.springframework.web.filter.OncePerRequestFilter.doFilter(OncePerRequestFilter.java:116) ~[spring-web-6.1.8.jar:6.1.8]
	at org.apache.catalina.core.ApplicationFilterChain.internalDoFilter(ApplicationFilterChain.java:164) ~[tomcat-embed-core-10.1.24.jar:10.1.24]
	at org.apache.catalina.core.ApplicationFilterChain.doFilter(ApplicationFilterChain.java:140) ~[tomcat-embed-core-10.1.24.jar:10.1.24]
	at org.apache.catalina.core.StandardWrapperValve.invoke(StandardWrapperValve.java:167) ~[tomcat-embed-core-10.1.24.jar:10.1.24]
	at org.apache.catalina.core.StandardContextValve.invoke(StandardContextValve.java:90) ~[tomcat-embed-core-10.1.24.jar:10.1.24]
	at org.apache.catalina.authenticator.AuthenticatorBase.invoke(AuthenticatorBase.java:482) ~[tomcat-embed-core-10.1.24.jar:10.1.24]
	at org.apache.catalina.core.StandardHostValve.invoke(StandardHostValve.java:115) ~[tomcat-embed-core-10.1.24.jar:10.1.24]
	at org.apache.catalina.valves.ErrorReportValve.invoke(ErrorReportValve.java:93) ~[tomcat-embed-core-10.1.24.jar:10.1.24]
	at org.apache.catalina.core.StandardEngineValve.invoke(StandardEngineValve.java:74) ~[tomcat-embed-core-10.1.24.jar:10.1.24]
	at org.apache.catalina.connector.CoyoteAdapter.service(CoyoteAdapter.java:344) ~[tomcat-embed-core-10.1.24.jar:10.1.24]
	at org.apache.coyote.http11.Http11Processor.service(Http11Processor.java:389) ~[tomcat-embed-core-10.1.24.jar:10.1.24]
	at org.apache.coyote.AbstractProcessorLight.process(AbstractProcessorLight.java:63) ~[tomcat-embed-core-10.1.24.jar:10.1.24]
	at org.apache.coyote.AbstractProtocol$ConnectionHandler.process(AbstractProtocol.java:896) ~[tomcat-embed-core-10.1.24.jar:10.1.24]
	at org.apache.tomcat.util.net.NioEndpoint$SocketProcessor.doRun(NioEndpoint.java:1741) ~[tomcat-embed-core-10.1.24.jar:10.1.24]
	at org.apache.tomcat.util.net.SocketProcessorBase.run(SocketProcessorBase.java:52) ~[tomcat-embed-core-10.1.24.jar:10.1.24]
	at org.apache.tomcat.util.threads.ThreadPoolExecutor.runWorker(ThreadPoolExecutor.java:1190) ~[tomcat-embed-core-10.1.24.jar:10.1.24]
	at org.apache.tomcat.util.threads.ThreadPoolExecutor$Worker.run(ThreadPoolExecutor.java:659) ~[tomcat-embed-core-10.1.24.jar:10.1.24]
	at org.apache.tomcat.util.threads.TaskThread$WrappingRunnable.run(TaskThread.java:63) ~[tomcat-embed-core-10.1.24.jar:10.1.24]
	at java.base/java.lang.Thread.run(Thread.java:840) ~[na:na]

2026-05-29T12:09:51.019+05:30 DEBUG 30912 --- [EasyRoute_Backend] [http-nio-8080-exec-6] o.s.web.client.DefaultRestClient         : Writing [ChatCompletionRequest[messages=[ChatCompletionMessage[rawContent=[{type=text, text=You are an expert Logistics and Supply Chain Assistant. You help users with shipping, warehousing, inventory management, and transportation queries. Provide concise, professional, and accurate answers.}], role=SYSTEM, name=null, toolCallId=null, toolCalls=null], ChatCompletionMessage[rawContent=[{type=text, text=Hello}], role=USER, name=null, toolCallId=null, toolCalls=null]], model=llama3-8b-8192, frequencyPenalty=null, logitBias=null, logprobs=null, topLogprobs=null, maxTokens=null, n=null, presencePenalty=null, responseFormat=null, seed=null, stop=null, stream=false, temperature=0.7, topP=null, tools=null, toolChoice=null, user=null]] as "application/json" with org.springframework.http.converter.json.MappingJackson2HttpMessageConverter
2026-05-29T12:09:51.714+05:30  WARN 30912 --- [EasyRoute_Backend] [http-nio-8080-exec-6] o.s.a.a.r.SpringAiRetryAutoConfiguration : Retry error. Retry count:2

org.springframework.ai.retry.NonTransientAiException: 404 - {"error":{"message":"Unknown request URL: POST /openai/v1/v1/chat/completions. Please check the URL for typos, or see the docs at https://console.groq.com/docs/","type":"invalid_request_error","code":"unknown_url"}}

	at org.springframework.ai.autoconfigure.retry.SpringAiRetryAutoConfiguration$2.handleError(SpringAiRetryAutoConfiguration.java:95) ~[spring-ai-spring-boot-autoconfigure-1.0.0-M1.jar:1.0.0-M1]
	at org.springframework.web.client.ResponseErrorHandler.handleError(ResponseErrorHandler.java:63) ~[spring-web-6.1.8.jar:6.1.8]
	at org.springframework.web.client.StatusHandler.lambda$fromErrorHandler$1(StatusHandler.java:71) ~[spring-web-6.1.8.jar:6.1.8]
	at org.springframework.web.client.StatusHandler.handle(StatusHandler.java:146) ~[spring-web-6.1.8.jar:6.1.8]
	at org.springframework.web.client.DefaultRestClient$DefaultResponseSpec.applyStatusHandlers(DefaultRestClient.java:701) ~[spring-web-6.1.8.jar:6.1.8]
	at org.springframework.web.client.DefaultRestClient.readWithMessageConverters(DefaultRestClient.java:200) ~[spring-web-6.1.8.jar:6.1.8]
	at org.springframework.web.client.DefaultRestClient$DefaultResponseSpec.readBody(DefaultRestClient.java:688) ~[spring-web-6.1.8.jar:6.1.8]
	at org.springframework.web.client.DefaultRestClient$DefaultResponseSpec.toEntityInternal(DefaultRestClient.java:658) ~[spring-web-6.1.8.jar:6.1.8]
	at org.springframework.web.client.DefaultRestClient$DefaultResponseSpec.toEntity(DefaultRestClient.java:647) ~[spring-web-6.1.8.jar:6.1.8]
	at org.springframework.ai.openai.api.OpenAiApi.chatCompletionEntity(OpenAiApi.java:778) ~[spring-ai-openai-1.0.0-M1.jar:1.0.0-M1]
	at org.springframework.ai.openai.OpenAiChatModel.doChatCompletion(OpenAiChatModel.java:376) ~[spring-ai-openai-1.0.0-M1.jar:1.0.0-M1]
	at org.springframework.ai.openai.OpenAiChatModel.doChatCompletion(OpenAiChatModel.java:76) ~[spring-ai-openai-1.0.0-M1.jar:1.0.0-M1]
	at org.springframework.ai.model.function.AbstractFunctionCallSupport.callWithFunctionSupport(AbstractFunctionCallSupport.java:127) ~[spring-ai-core-1.0.0-M1.jar:1.0.0-M1]
	at org.springframework.ai.openai.OpenAiChatModel.lambda$call$1(OpenAiChatModel.java:144) ~[spring-ai-openai-1.0.0-M1.jar:1.0.0-M1]
	at org.springframework.retry.support.RetryTemplate.doExecute(RetryTemplate.java:344) ~[spring-retry-2.0.6.jar:na]
	at org.springframework.retry.support.RetryTemplate.execute(RetryTemplate.java:217) ~[spring-retry-2.0.6.jar:na]
	at org.springframework.ai.openai.OpenAiChatModel.call(OpenAiChatModel.java:142) ~[spring-ai-openai-1.0.0-M1.jar:1.0.0-M1]
	at org.springframework.ai.chat.client.ChatClient$ChatClientRequest$CallResponseSpec.doGetChatResponse(ChatClient.java:616) ~[spring-ai-core-1.0.0-M1.jar:1.0.0-M1]
	at org.springframework.ai.chat.client.ChatClient$ChatClientRequest$CallResponseSpec.doGetChatResponse(ChatClient.java:569) ~[spring-ai-core-1.0.0-M1.jar:1.0.0-M1]
	at org.springframework.ai.chat.client.ChatClient$ChatClientRequest$CallResponseSpec.content(ChatClient.java:635) ~[spring-ai-core-1.0.0-M1.jar:1.0.0-M1]
	at com.logistics.platform.service.AiService.getChatResponse(AiService.java:21) ~[classes/:na]
	at com.logistics.platform.controller.AiController.chat(AiController.java:19) ~[classes/:na]
	at java.base/jdk.internal.reflect.NativeMethodAccessorImpl.invoke0(Native Method) ~[na:na]
	at java.base/jdk.internal.reflect.NativeMethodAccessorImpl.invoke(NativeMethodAccessorImpl.java:77) ~[na:na]
	at java.base/jdk.internal.reflect.DelegatingMethodAccessorImpl.invoke(DelegatingMethodAccessorImpl.java:43) ~[na:na]
	at java.base/java.lang.reflect.Method.invoke(Method.java:568) ~[na:na]
	at org.springframework.web.method.support.InvocableHandlerMethod.doInvoke(InvocableHandlerMethod.java:255) ~[spring-web-6.1.8.jar:6.1.8]
	at org.springframework.web.method.support.InvocableHandlerMethod.invokeForRequest(InvocableHandlerMethod.java:188) ~[spring-web-6.1.8.jar:6.1.8]
	at org.springframework.web.servlet.mvc.method.annotation.ServletInvocableHandlerMethod.invokeAndHandle(ServletInvocableHandlerMethod.java:118) ~[spring-webmvc-6.1.8.jar:6.1.8]
	at org.springframework.web.servlet.mvc.method.annotation.RequestMappingHandlerAdapter.invokeHandlerMethod(RequestMappingHandlerAdapter.java:926) ~[spring-webmvc-6.1.8.jar:6.1.8]
	at org.springframework.web.servlet.mvc.method.annotation.RequestMappingHandlerAdapter.handleInternal(RequestMappingHandlerAdapter.java:831) ~[spring-webmvc-6.1.8.jar:6.1.8]
	at org.springframework.web.servlet.mvc.method.AbstractHandlerMethodAdapter.handle(AbstractHandlerMethodAdapter.java:87) ~[spring-webmvc-6.1.8.jar:6.1.8]
	at org.springframework.web.servlet.DispatcherServlet.doDispatch(DispatcherServlet.java:1089) ~[spring-webmvc-6.1.8.jar:6.1.8]
	at org.springframework.web.servlet.DispatcherServlet.doService(DispatcherServlet.java:979) ~[spring-webmvc-6.1.8.jar:6.1.8]
	at org.springframework.web.servlet.FrameworkServlet.processRequest(FrameworkServlet.java:1014) ~[spring-webmvc-6.1.8.jar:6.1.8]
	at org.springframework.web.servlet.FrameworkServlet.doGet(FrameworkServlet.java:903) ~[spring-webmvc-6.1.8.jar:6.1.8]
	at jakarta.servlet.http.HttpServlet.service(HttpServlet.java:564) ~[tomcat-embed-core-10.1.24.jar:6.0]
	at org.springframework.web.servlet.FrameworkServlet.service(FrameworkServlet.java:885) ~[spring-webmvc-6.1.8.jar:6.1.8]
	at jakarta.servlet.http.HttpServlet.service(HttpServlet.java:658) ~[tomcat-embed-core-10.1.24.jar:6.0]
	at org.apache.catalina.core.ApplicationFilterChain.internalDoFilter(ApplicationFilterChain.java:195) ~[tomcat-embed-core-10.1.24.jar:10.1.24]
	at org.apache.catalina.core.ApplicationFilterChain.doFilter(ApplicationFilterChain.java:140) ~[tomcat-embed-core-10.1.24.jar:10.1.24]
	at org.apache.tomcat.websocket.server.WsFilter.doFilter(WsFilter.java:51) ~[tomcat-embed-websocket-10.1.24.jar:10.1.24]
	at org.apache.catalina.core.ApplicationFilterChain.internalDoFilter(ApplicationFilterChain.java:164) ~[tomcat-embed-core-10.1.24.jar:10.1.24]
	at org.apache.catalina.core.ApplicationFilterChain.doFilter(ApplicationFilterChain.java:140) ~[tomcat-embed-core-10.1.24.jar:10.1.24]
	at org.springframework.web.filter.OncePerRequestFilter.doFilter(OncePerRequestFilter.java:110) ~[spring-web-6.1.8.jar:6.1.8]
	at org.apache.catalina.core.ApplicationFilterChain.internalDoFilter(ApplicationFilterChain.java:164) ~[tomcat-embed-core-10.1.24.jar:10.1.24]
	at org.apache.catalina.core.ApplicationFilterChain.doFilter(ApplicationFilterChain.java:140) ~[tomcat-embed-core-10.1.24.jar:10.1.24]
	at org.springframework.web.filter.CompositeFilter$VirtualFilterChain.doFilter(CompositeFilter.java:108) ~[spring-web-6.1.8.jar:6.1.8]
	at org.springframework.security.web.FilterChainProxy.lambda$doFilterInternal$3(FilterChainProxy.java:231) ~[spring-security-web-6.3.0.jar:6.3.0]
	at org.springframework.security.web.FilterChainProxy$VirtualFilterChain.doFilter(FilterChainProxy.java:365) ~[spring-security-web-6.3.0.jar:6.3.0]
	at org.springframework.security.web.access.intercept.AuthorizationFilter.doFilter(AuthorizationFilter.java:100) ~[spring-security-web-6.3.0.jar:6.3.0]
	at org.springframework.security.web.FilterChainProxy$VirtualFilterChain.doFilter(FilterChainProxy.java:374) ~[spring-security-web-6.3.0.jar:6.3.0]
	at org.springframework.security.web.access.ExceptionTranslationFilter.doFilter(ExceptionTranslationFilter.java:126) ~[spring-security-web-6.3.0.jar:6.3.0]
	at org.springframework.security.web.access.ExceptionTranslationFilter.doFilter(ExceptionTranslationFilter.java:120) ~[spring-security-web-6.3.0.jar:6.3.0]
	at org.springframework.security.web.FilterChainProxy$VirtualFilterChain.doFilter(FilterChainProxy.java:374) ~[spring-security-web-6.3.0.jar:6.3.0]
	at org.springframework.security.web.session.SessionManagementFilter.doFilter(SessionManagementFilter.java:131) ~[spring-security-web-6.3.0.jar:6.3.0]
	at org.springframework.security.web.session.SessionManagementFilter.doFilter(SessionManagementFilter.java:85) ~[spring-security-web-6.3.0.jar:6.3.0]
	at org.springframework.security.web.FilterChainProxy$VirtualFilterChain.doFilter(FilterChainProxy.java:374) ~[spring-security-web-6.3.0.jar:6.3.0]
	at org.springframework.security.web.authentication.AnonymousAuthenticationFilter.doFilter(AnonymousAuthenticationFilter.java:100) ~[spring-security-web-6.3.0.jar:6.3.0]
	at org.springframework.security.web.FilterChainProxy$VirtualFilterChain.doFilter(FilterChainProxy.java:374) ~[spring-security-web-6.3.0.jar:6.3.0]
	at org.springframework.security.web.servletapi.SecurityContextHolderAwareRequestFilter.doFilter(SecurityContextHolderAwareRequestFilter.java:179) ~[spring-security-web-6.3.0.jar:6.3.0]
	at org.springframework.security.web.FilterChainProxy$VirtualFilterChain.doFilter(FilterChainProxy.java:374) ~[spring-security-web-6.3.0.jar:6.3.0]
	at org.springframework.security.web.savedrequest.RequestCacheAwareFilter.doFilter(RequestCacheAwareFilter.java:63) ~[spring-security-web-6.3.0.jar:6.3.0]
	at org.springframework.security.web.FilterChainProxy$VirtualFilterChain.doFilter(FilterChainProxy.java:374) ~[spring-security-web-6.3.0.jar:6.3.0]
	at com.logistics.platform.security.JwtAuthenticationFilter.doFilterInternal(JwtAuthenticationFilter.java:45) ~[classes/:na]
	at org.springframework.web.filter.OncePerRequestFilter.doFilter(OncePerRequestFilter.java:116) ~[spring-web-6.1.8.jar:6.1.8]
	at org.springframework.security.web.FilterChainProxy$VirtualFilterChain.doFilter(FilterChainProxy.java:374) ~[spring-security-web-6.3.0.jar:6.3.0]
	at org.springframework.security.web.authentication.logout.LogoutFilter.doFilter(LogoutFilter.java:107) ~[spring-security-web-6.3.0.jar:6.3.0]
	at org.springframework.security.web.authentication.logout.LogoutFilter.doFilter(LogoutFilter.java:93) ~[spring-security-web-6.3.0.jar:6.3.0]
	at org.springframework.security.web.FilterChainProxy$VirtualFilterChain.doFilter(FilterChainProxy.java:374) ~[spring-security-web-6.3.0.jar:6.3.0]
	at org.springframework.web.filter.CorsFilter.doFilterInternal(CorsFilter.java:91) ~[spring-web-6.1.8.jar:6.1.8]
	at org.springframework.web.filter.OncePerRequestFilter.doFilter(OncePerRequestFilter.java:116) ~[spring-web-6.1.8.jar:6.1.8]
	at org.springframework.security.web.FilterChainProxy$VirtualFilterChain.doFilter(FilterChainProxy.java:374) ~[spring-security-web-6.3.0.jar:6.3.0]
	at org.springframework.security.web.header.HeaderWriterFilter.doHeadersAfter(HeaderWriterFilter.java:90) ~[spring-security-web-6.3.0.jar:6.3.0]
	at org.springframework.security.web.header.HeaderWriterFilter.doFilterInternal(HeaderWriterFilter.java:75) ~[spring-security-web-6.3.0.jar:6.3.0]
	at org.springframework.web.filter.OncePerRequestFilter.doFilter(OncePerRequestFilter.java:116) ~[spring-web-6.1.8.jar:6.1.8]
	at org.springframework.security.web.FilterChainProxy$VirtualFilterChain.doFilter(FilterChainProxy.java:374) ~[spring-security-web-6.3.0.jar:6.3.0]
	at org.springframework.security.web.context.SecurityContextHolderFilter.doFilter(SecurityContextHolderFilter.java:82) ~[spring-security-web-6.3.0.jar:6.3.0]
	at org.springframework.security.web.context.SecurityContextHolderFilter.doFilter(SecurityContextHolderFilter.java:69) ~[spring-security-web-6.3.0.jar:6.3.0]
	at org.springframework.security.web.FilterChainProxy$VirtualFilterChain.doFilter(FilterChainProxy.java:374) ~[spring-security-web-6.3.0.jar:6.3.0]
	at org.springframework.security.web.context.request.async.WebAsyncManagerIntegrationFilter.doFilterInternal(WebAsyncManagerIntegrationFilter.java:62) ~[spring-security-web-6.3.0.jar:6.3.0]
	at org.springframework.web.filter.OncePerRequestFilter.doFilter(OncePerRequestFilter.java:116) ~[spring-web-6.1.8.jar:6.1.8]
	at org.springframework.security.web.FilterChainProxy$VirtualFilterChain.doFilter(FilterChainProxy.java:374) ~[spring-security-web-6.3.0.jar:6.3.0]
	at org.springframework.security.web.session.DisableEncodeUrlFilter.doFilterInternal(DisableEncodeUrlFilter.java:42) ~[spring-security-web-6.3.0.jar:6.3.0]
	at org.springframework.web.filter.OncePerRequestFilter.doFilter(OncePerRequestFilter.java:116) ~[spring-web-6.1.8.jar:6.1.8]
	at org.springframework.security.web.FilterChainProxy$VirtualFilterChain.doFilter(FilterChainProxy.java:374) ~[spring-security-web-6.3.0.jar:6.3.0]
	at org.springframework.security.web.FilterChainProxy.doFilterInternal(FilterChainProxy.java:233) ~[spring-security-web-6.3.0.jar:6.3.0]
	at org.springframework.security.web.FilterChainProxy.doFilter(FilterChainProxy.java:191) ~[spring-security-web-6.3.0.jar:6.3.0]
	at org.springframework.web.filter.CompositeFilter$VirtualFilterChain.doFilter(CompositeFilter.java:113) ~[spring-web-6.1.8.jar:6.1.8]
	at org.springframework.web.servlet.handler.HandlerMappingIntrospector.lambda$createCacheFilter$3(HandlerMappingIntrospector.java:195) ~[spring-webmvc-6.1.8.jar:6.1.8]
	at org.springframework.web.filter.CompositeFilter$VirtualFilterChain.doFilter(CompositeFilter.java:113) ~[spring-web-6.1.8.jar:6.1.8]
	at org.springframework.web.filter.CompositeFilter.doFilter(CompositeFilter.java:74) ~[spring-web-6.1.8.jar:6.1.8]
	at org.springframework.security.config.annotation.web.configuration.WebMvcSecurityConfiguration$CompositeFilterChainProxy.doFilter(WebMvcSecurityConfiguration.java:230) ~[spring-security-config-6.3.0.jar:6.3.0]
	at org.springframework.web.filter.DelegatingFilterProxy.invokeDelegate(DelegatingFilterProxy.java:352) ~[spring-web-6.1.8.jar:6.1.8]
	at org.springframework.web.filter.DelegatingFilterProxy.doFilter(DelegatingFilterProxy.java:268) ~[spring-web-6.1.8.jar:6.1.8]
	at org.apache.catalina.core.ApplicationFilterChain.internalDoFilter(ApplicationFilterChain.java:164) ~[tomcat-embed-core-10.1.24.jar:10.1.24]
	at org.apache.catalina.core.ApplicationFilterChain.doFilter(ApplicationFilterChain.java:140) ~[tomcat-embed-core-10.1.24.jar:10.1.24]
	at org.springframework.web.filter.RequestContextFilter.doFilterInternal(RequestContextFilter.java:100) ~[spring-web-6.1.8.jar:6.1.8]
	at org.springframework.web.filter.OncePerRequestFilter.doFilter(OncePerRequestFilter.java:116) ~[spring-web-6.1.8.jar:6.1.8]
	at org.apache.catalina.core.ApplicationFilterChain.internalDoFilter(ApplicationFilterChain.java:164) ~[tomcat-embed-core-10.1.24.jar:10.1.24]
	at org.apache.catalina.core.ApplicationFilterChain.doFilter(ApplicationFilterChain.java:140) ~[tomcat-embed-core-10.1.24.jar:10.1.24]
	at org.springframework.web.filter.FormContentFilter.doFilterInternal(FormContentFilter.java:93) ~[spring-web-6.1.8.jar:6.1.8]
	at org.springframework.web.filter.OncePerRequestFilter.doFilter(OncePerRequestFilter.java:116) ~[spring-web-6.1.8.jar:6.1.8]
	at org.apache.catalina.core.ApplicationFilterChain.internalDoFilter(ApplicationFilterChain.java:164) ~[tomcat-embed-core-10.1.24.jar:10.1.24]
	at org.apache.catalina.core.ApplicationFilterChain.doFilter(ApplicationFilterChain.java:140) ~[tomcat-embed-core-10.1.24.jar:10.1.24]
	at org.springframework.web.filter.CharacterEncodingFilter.doFilterInternal(CharacterEncodingFilter.java:201) ~[spring-web-6.1.8.jar:6.1.8]
	at org.springframework.web.filter.OncePerRequestFilter.doFilter(OncePerRequestFilter.java:116) ~[spring-web-6.1.8.jar:6.1.8]
	at org.apache.catalina.core.ApplicationFilterChain.internalDoFilter(ApplicationFilterChain.java:164) ~[tomcat-embed-core-10.1.24.jar:10.1.24]
	at org.apache.catalina.core.ApplicationFilterChain.doFilter(ApplicationFilterChain.java:140) ~[tomcat-embed-core-10.1.24.jar:10.1.24]
	at org.apache.catalina.core.StandardWrapperValve.invoke(StandardWrapperValve.java:167) ~[tomcat-embed-core-10.1.24.jar:10.1.24]
	at org.apache.catalina.core.StandardContextValve.invoke(StandardContextValve.java:90) ~[tomcat-embed-core-10.1.24.jar:10.1.24]
	at org.apache.catalina.authenticator.AuthenticatorBase.invoke(AuthenticatorBase.java:482) ~[tomcat-embed-core-10.1.24.jar:10.1.24]
	at org.apache.catalina.core.StandardHostValve.invoke(StandardHostValve.java:115) ~[tomcat-embed-core-10.1.24.jar:10.1.24]
	at org.apache.catalina.valves.ErrorReportValve.invoke(ErrorReportValve.java:93) ~[tomcat-embed-core-10.1.24.jar:10.1.24]
	at org.apache.catalina.core.StandardEngineValve.invoke(StandardEngineValve.java:74) ~[tomcat-embed-core-10.1.24.jar:10.1.24]
	at org.apache.catalina.connector.CoyoteAdapter.service(CoyoteAdapter.java:344) ~[tomcat-embed-core-10.1.24.jar:10.1.24]
	at org.apache.coyote.http11.Http11Processor.service(Http11Processor.java:389) ~[tomcat-embed-core-10.1.24.jar:10.1.24]
	at org.apache.coyote.AbstractProcessorLight.process(AbstractProcessorLight.java:63) ~[tomcat-embed-core-10.1.24.jar:10.1.24]
	at org.apache.coyote.AbstractProtocol$ConnectionHandler.process(AbstractProtocol.java:896) ~[tomcat-embed-core-10.1.24.jar:10.1.24]
	at org.apache.tomcat.util.net.NioEndpoint$SocketProcessor.doRun(NioEndpoint.java:1741) ~[tomcat-embed-core-10.1.24.jar:10.1.24]
	at org.apache.tomcat.util.net.SocketProcessorBase.run(SocketProcessorBase.java:52) ~[tomcat-embed-core-10.1.24.jar:10.1.24]
	at org.apache.tomcat.util.threads.ThreadPoolExecutor.runWorker(ThreadPoolExecutor.java:1190) ~[tomcat-embed-core-10.1.24.jar:10.1.24]
	at org.apache.tomcat.util.threads.ThreadPoolExecutor$Worker.run(ThreadPoolExecutor.java:659) ~[tomcat-embed-core-10.1.24.jar:10.1.24]
	at org.apache.tomcat.util.threads.TaskThread$WrappingRunnable.run(TaskThread.java:63) ~[tomcat-embed-core-10.1.24.jar:10.1.24]
	at java.base/java.lang.Thread.run(Thread.java:840) ~[na:na]

2026-05-29T12:10:01.728+05:30 DEBUG 30912 --- [EasyRoute_Backend] [http-nio-8080-exec-6] o.s.web.client.DefaultRestClient         : Writing [ChatCompletionRequest[messages=[ChatCompletionMessage[rawContent=[{type=text, text=You are an expert Logistics and Supply Chain Assistant. You help users with shipping, warehousing, inventory management, and transportation queries. Provide concise, professional, and accurate answers.}], role=SYSTEM, name=null, toolCallId=null, toolCalls=null], ChatCompletionMessage[rawContent=[{type=text, text=Hello}], role=USER, name=null, toolCallId=null, toolCalls=null]], model=llama3-8b-8192, frequencyPenalty=null, logitBias=null, logprobs=null, topLogprobs=null, maxTokens=null, n=null, presencePenalty=null, responseFormat=null, seed=null, stop=null, stream=false, temperature=0.7, topP=null, tools=null, toolChoice=null, user=null]] as "application/json" with org.springframework.http.converter.json.MappingJackson2HttpMessageConverter
2026-05-29T12:10:02.029+05:30  WARN 30912 --- [EasyRoute_Backend] [http-nio-8080-exec-6] o.s.a.a.r.SpringAiRetryAutoConfiguration : Retry error. Retry count:3

org.springframework.ai.retry.NonTransientAiException: 404 - {"error":{"message":"Unknown request URL: POST /openai/v1/v1/chat/completions. Please check the URL for typos, or see the docs at https://console.groq.com/docs/","type":"invalid_request_error","code":"unknown_url"}}

	at org.springframework.ai.autoconfigure.retry.SpringAiRetryAutoConfiguration$2.handleError(SpringAiRetryAutoConfiguration.java:95) ~[spring-ai-spring-boot-autoconfigure-1.0.0-M1.jar:1.0.0-M1]
	at org.springframework.web.client.ResponseErrorHandler.handleError(ResponseErrorHandler.java:63) ~[spring-web-6.1.8.jar:6.1.8]
	at org.springframework.web.client.StatusHandler.lambda$fromErrorHandler$1(StatusHandler.java:71) ~[spring-web-6.1.8.jar:6.1.8]
	at org.springframework.web.client.StatusHandler.handle(StatusHandler.java:146) ~[spring-web-6.1.8.jar:6.1.8]
	at org.springframework.web.client.DefaultRestClient$DefaultResponseSpec.applyStatusHandlers(DefaultRestClient.java:701) ~[spring-web-6.1.8.jar:6.1.8]
	at org.springframework.web.client.DefaultRestClient.readWithMessageConverters(DefaultRestClient.java:200) ~[spring-web-6.1.8.jar:6.1.8]
	at org.springframework.web.client.DefaultRestClient$DefaultResponseSpec.readBody(DefaultRestClient.java:688) ~[spring-web-6.1.8.jar:6.1.8]
	at org.springframework.web.client.DefaultRestClient$DefaultResponseSpec.toEntityInternal(DefaultRestClient.java:658) ~[spring-web-6.1.8.jar:6.1.8]
	at org.springframework.web.client.DefaultRestClient$DefaultResponseSpec.toEntity(DefaultRestClient.java:647) ~[spring-web-6.1.8.jar:6.1.8]
	at org.springframework.ai.openai.api.OpenAiApi.chatCompletionEntity(OpenAiApi.java:778) ~[spring-ai-openai-1.0.0-M1.jar:1.0.0-M1]
	at org.springframework.ai.openai.OpenAiChatModel.doChatCompletion(OpenAiChatModel.java:376) ~[spring-ai-openai-1.0.0-M1.jar:1.0.0-M1]
	at org.springframework.ai.openai.OpenAiChatModel.doChatCompletion(OpenAiChatModel.java:76) ~[spring-ai-openai-1.0.0-M1.jar:1.0.0-M1]
	at org.springframework.ai.model.function.AbstractFunctionCallSupport.callWithFunctionSupport(AbstractFunctionCallSupport.java:127) ~[spring-ai-core-1.0.0-M1.jar:1.0.0-M1]
	at org.springframework.ai.openai.OpenAiChatModel.lambda$call$1(OpenAiChatModel.java:144) ~[spring-ai-openai-1.0.0-M1.jar:1.0.0-M1]
	at org.springframework.retry.support.RetryTemplate.doExecute(RetryTemplate.java:344) ~[spring-retry-2.0.6.jar:na]
	at org.springframework.retry.support.RetryTemplate.execute(RetryTemplate.java:217) ~[spring-retry-2.0.6.jar:na]
	at org.springframework.ai.openai.OpenAiChatModel.call(OpenAiChatModel.java:142) ~[spring-ai-openai-1.0.0-M1.jar:1.0.0-M1]
	at org.springframework.ai.chat.client.ChatClient$ChatClientRequest$CallResponseSpec.doGetChatResponse(ChatClient.java:616) ~[spring-ai-core-1.0.0-M1.jar:1.0.0-M1]
	at org.springframework.ai.chat.client.ChatClient$ChatClientRequest$CallResponseSpec.doGetChatResponse(ChatClient.java:569) ~[spring-ai-core-1.0.0-M1.jar:1.0.0-M1]
	at org.springframework.ai.chat.client.ChatClient$ChatClientRequest$CallResponseSpec.content(ChatClient.java:635) ~[spring-ai-core-1.0.0-M1.jar:1.0.0-M1]
	at com.logistics.platform.service.AiService.getChatResponse(AiService.java:21) ~[classes/:na]
	at com.logistics.platform.controller.AiController.chat(AiController.java:19) ~[classes/:na]
	at java.base/jdk.internal.reflect.NativeMethodAccessorImpl.invoke0(Native Method) ~[na:na]
	at java.base/jdk.internal.reflect.NativeMethodAccessorImpl.invoke(NativeMethodAccessorImpl.java:77) ~[na:na]
	at java.base/jdk.internal.reflect.DelegatingMethodAccessorImpl.invoke(DelegatingMethodAccessorImpl.java:43) ~[na:na]
	at java.base/java.lang.reflect.Method.invoke(Method.java:568) ~[na:na]
	at org.springframework.web.method.support.InvocableHandlerMethod.doInvoke(InvocableHandlerMethod.java:255) ~[spring-web-6.1.8.jar:6.1.8]
	at org.springframework.web.method.support.InvocableHandlerMethod.invokeForRequest(InvocableHandlerMethod.java:188) ~[spring-web-6.1.8.jar:6.1.8]
	at org.springframework.web.servlet.mvc.method.annotation.ServletInvocableHandlerMethod.invokeAndHandle(ServletInvocableHandlerMethod.java:118) ~[spring-webmvc-6.1.8.jar:6.1.8]
	at org.springframework.web.servlet.mvc.method.annotation.RequestMappingHandlerAdapter.invokeHandlerMethod(RequestMappingHandlerAdapter.java:926) ~[spring-webmvc-6.1.8.jar:6.1.8]
	at org.springframework.web.servlet.mvc.method.annotation.RequestMappingHandlerAdapter.handleInternal(RequestMappingHandlerAdapter.java:831) ~[spring-webmvc-6.1.8.jar:6.1.8]
	at org.springframework.web.servlet.mvc.method.AbstractHandlerMethodAdapter.handle(AbstractHandlerMethodAdapter.java:87) ~[spring-webmvc-6.1.8.jar:6.1.8]
	at org.springframework.web.servlet.DispatcherServlet.doDispatch(DispatcherServlet.java:1089) ~[spring-webmvc-6.1.8.jar:6.1.8]
	at org.springframework.web.servlet.DispatcherServlet.doService(DispatcherServlet.java:979) ~[spring-webmvc-6.1.8.jar:6.1.8]
	at org.springframework.web.servlet.FrameworkServlet.processRequest(FrameworkServlet.java:1014) ~[spring-webmvc-6.1.8.jar:6.1.8]
	at org.springframework.web.servlet.FrameworkServlet.doGet(FrameworkServlet.java:903) ~[spring-webmvc-6.1.8.jar:6.1.8]
	at jakarta.servlet.http.HttpServlet.service(HttpServlet.java:564) ~[tomcat-embed-core-10.1.24.jar:6.0]
	at org.springframework.web.servlet.FrameworkServlet.service(FrameworkServlet.java:885) ~[spring-webmvc-6.1.8.jar:6.1.8]
	at jakarta.servlet.http.HttpServlet.service(HttpServlet.java:658) ~[tomcat-embed-core-10.1.24.jar:6.0]
	at org.apache.catalina.core.ApplicationFilterChain.internalDoFilter(ApplicationFilterChain.java:195) ~[tomcat-embed-core-10.1.24.jar:10.1.24]
	at org.apache.catalina.core.ApplicationFilterChain.doFilter(ApplicationFilterChain.java:140) ~[tomcat-embed-core-10.1.24.jar:10.1.24]
	at org.apache.tomcat.websocket.server.WsFilter.doFilter(WsFilter.java:51) ~[tomcat-embed-websocket-10.1.24.jar:10.1.24]
	at org.apache.catalina.core.ApplicationFilterChain.internalDoFilter(ApplicationFilterChain.java:164) ~[tomcat-embed-core-10.1.24.jar:10.1.24]
	at org.apache.catalina.core.ApplicationFilterChain.doFilter(ApplicationFilterChain.java:140) ~[tomcat-embed-core-10.1.24.jar:10.1.24]
	at org.springframework.web.filter.OncePerRequestFilter.doFilter(OncePerRequestFilter.java:110) ~[spring-web-6.1.8.jar:6.1.8]
	at org.apache.catalina.core.ApplicationFilterChain.internalDoFilter(ApplicationFilterChain.java:164) ~[tomcat-embed-core-10.1.24.jar:10.1.24]
	at org.apache.catalina.core.ApplicationFilterChain.doFilter(ApplicationFilterChain.java:140) ~[tomcat-embed-core-10.1.24.jar:10.1.24]
	at org.springframework.web.filter.CompositeFilter$VirtualFilterChain.doFilter(CompositeFilter.java:108) ~[spring-web-6.1.8.jar:6.1.8]
	at org.springframework.security.web.FilterChainProxy.lambda$doFilterInternal$3(FilterChainProxy.java:231) ~[spring-security-web-6.3.0.jar:6.3.0]
	at org.springframework.security.web.FilterChainProxy$VirtualFilterChain.doFilter(FilterChainProxy.java:365) ~[spring-security-web-6.3.0.jar:6.3.0]
	at org.springframework.security.web.access.intercept.AuthorizationFilter.doFilter(AuthorizationFilter.java:100) ~[spring-security-web-6.3.0.jar:6.3.0]
	at org.springframework.security.web.FilterChainProxy$VirtualFilterChain.doFilter(FilterChainProxy.java:374) ~[spring-security-web-6.3.0.jar:6.3.0]
	at org.springframework.security.web.access.ExceptionTranslationFilter.doFilter(ExceptionTranslationFilter.java:126) ~[spring-security-web-6.3.0.jar:6.3.0]
	at org.springframework.security.web.access.ExceptionTranslationFilter.doFilter(ExceptionTranslationFilter.java:120) ~[spring-security-web-6.3.0.jar:6.3.0]
	at org.springframework.security.web.FilterChainProxy$VirtualFilterChain.doFilter(FilterChainProxy.java:374) ~[spring-security-web-6.3.0.jar:6.3.0]
	at org.springframework.security.web.session.SessionManagementFilter.doFilter(SessionManagementFilter.java:131) ~[spring-security-web-6.3.0.jar:6.3.0]
	at org.springframework.security.web.session.SessionManagementFilter.doFilter(SessionManagementFilter.java:85) ~[spring-security-web-6.3.0.jar:6.3.0]
	at org.springframework.security.web.FilterChainProxy$VirtualFilterChain.doFilter(FilterChainProxy.java:374) ~[spring-security-web-6.3.0.jar:6.3.0]
	at org.springframework.security.web.authentication.AnonymousAuthenticationFilter.doFilter(AnonymousAuthenticationFilter.java:100) ~[spring-security-web-6.3.0.jar:6.3.0]
	at org.springframework.security.web.FilterChainProxy$VirtualFilterChain.doFilter(FilterChainProxy.java:374) ~[spring-security-web-6.3.0.jar:6.3.0]
	at org.springframework.security.web.servletapi.SecurityContextHolderAwareRequestFilter.doFilter(SecurityContextHolderAwareRequestFilter.java:179) ~[spring-security-web-6.3.0.jar:6.3.0]
	at org.springframework.security.web.FilterChainProxy$VirtualFilterChain.doFilter(FilterChainProxy.java:374) ~[spring-security-web-6.3.0.jar:6.3.0]
	at org.springframework.security.web.savedrequest.RequestCacheAwareFilter.doFilter(RequestCacheAwareFilter.java:63) ~[spring-security-web-6.3.0.jar:6.3.0]
	at org.springframework.security.web.FilterChainProxy$VirtualFilterChain.doFilter(FilterChainProxy.java:374) ~[spring-security-web-6.3.0.jar:6.3.0]
	at com.logistics.platform.security.JwtAuthenticationFilter.doFilterInternal(JwtAuthenticationFilter.java:45) ~[classes/:na]
	at org.springframework.web.filter.OncePerRequestFilter.doFilter(OncePerRequestFilter.java:116) ~[spring-web-6.1.8.jar:6.1.8]
	at org.springframework.security.web.FilterChainProxy$VirtualFilterChain.doFilter(FilterChainProxy.java:374) ~[spring-security-web-6.3.0.jar:6.3.0]
	at org.springframework.security.web.authentication.logout.LogoutFilter.doFilter(LogoutFilter.java:107) ~[spring-security-web-6.3.0.jar:6.3.0]
	at org.springframework.security.web.authentication.logout.LogoutFilter.doFilter(LogoutFilter.java:93) ~[spring-security-web-6.3.0.jar:6.3.0]
	at org.springframework.security.web.FilterChainProxy$VirtualFilterChain.doFilter(FilterChainProxy.java:374) ~[spring-security-web-6.3.0.jar:6.3.0]
	at org.springframework.web.filter.CorsFilter.doFilterInternal(CorsFilter.java:91) ~[spring-web-6.1.8.jar:6.1.8]
	at org.springframework.web.filter.OncePerRequestFilter.doFilter(OncePerRequestFilter.java:116) ~[spring-web-6.1.8.jar:6.1.8]
	at org.springframework.security.web.FilterChainProxy$VirtualFilterChain.doFilter(FilterChainProxy.java:374) ~[spring-security-web-6.3.0.jar:6.3.0]
	at org.springframework.security.web.header.HeaderWriterFilter.doHeadersAfter(HeaderWriterFilter.java:90) ~[spring-security-web-6.3.0.jar:6.3.0]
	at org.springframework.security.web.header.HeaderWriterFilter.doFilterInternal(HeaderWriterFilter.java:75) ~[spring-security-web-6.3.0.jar:6.3.0]
	at org.springframework.web.filter.OncePerRequestFilter.doFilter(OncePerRequestFilter.java:116) ~[spring-web-6.1.8.jar:6.1.8]
	at org.springframework.security.web.FilterChainProxy$VirtualFilterChain.doFilter(FilterChainProxy.java:374) ~[spring-security-web-6.3.0.jar:6.3.0]
	at org.springframework.security.web.context.SecurityContextHolderFilter.doFilter(SecurityContextHolderFilter.java:82) ~[spring-security-web-6.3.0.jar:6.3.0]
	at org.springframework.security.web.context.SecurityContextHolderFilter.doFilter(SecurityContextHolderFilter.java:69) ~[spring-security-web-6.3.0.jar:6.3.0]
	at org.springframework.security.web.FilterChainProxy$VirtualFilterChain.doFilter(FilterChainProxy.java:374) ~[spring-security-web-6.3.0.jar:6.3.0]
	at org.springframework.security.web.context.request.async.WebAsyncManagerIntegrationFilter.doFilterInternal(WebAsyncManagerIntegrationFilter.java:62) ~[spring-security-web-6.3.0.jar:6.3.0]
	at org.springframework.web.filter.OncePerRequestFilter.doFilter(OncePerRequestFilter.java:116) ~[spring-web-6.1.8.jar:6.1.8]
	at org.springframework.security.web.FilterChainProxy$VirtualFilterChain.doFilter(FilterChainProxy.java:374) ~[spring-security-web-6.3.0.jar:6.3.0]
	at org.springframework.security.web.session.DisableEncodeUrlFilter.doFilterInternal(DisableEncodeUrlFilter.java:42) ~[spring-security-web-6.3.0.jar:6.3.0]
	at org.springframework.web.filter.OncePerRequestFilter.doFilter(OncePerRequestFilter.java:116) ~[spring-web-6.1.8.jar:6.1.8]
	at org.springframework.security.web.FilterChainProxy$VirtualFilterChain.doFilter(FilterChainProxy.java:374) ~[spring-security-web-6.3.0.jar:6.3.0]
	at org.springframework.security.web.FilterChainProxy.doFilterInternal(FilterChainProxy.java:233) ~[spring-security-web-6.3.0.jar:6.3.0]
	at org.springframework.security.web.FilterChainProxy.doFilter(FilterChainProxy.java:191) ~[spring-security-web-6.3.0.jar:6.3.0]
	at org.springframework.web.filter.CompositeFilter$VirtualFilterChain.doFilter(CompositeFilter.java:113) ~[spring-web-6.1.8.jar:6.1.8]
	at org.springframework.web.servlet.handler.HandlerMappingIntrospector.lambda$createCacheFilter$3(HandlerMappingIntrospector.java:195) ~[spring-webmvc-6.1.8.jar:6.1.8]
	at org.springframework.web.filter.CompositeFilter$VirtualFilterChain.doFilter(CompositeFilter.java:113) ~[spring-web-6.1.8.jar:6.1.8]
	at org.springframework.web.filter.CompositeFilter.doFilter(CompositeFilter.java:74) ~[spring-web-6.1.8.jar:6.1.8]
	at org.springframework.security.config.annotation.web.configuration.WebMvcSecurityConfiguration$CompositeFilterChainProxy.doFilter(WebMvcSecurityConfiguration.java:230) ~[spring-security-config-6.3.0.jar:6.3.0]
	at org.springframework.web.filter.DelegatingFilterProxy.invokeDelegate(DelegatingFilterProxy.java:352) ~[spring-web-6.1.8.jar:6.1.8]
	at org.springframework.web.filter.DelegatingFilterProxy.doFilter(DelegatingFilterProxy.java:268) ~[spring-web-6.1.8.jar:6.1.8]
	at org.apache.catalina.core.ApplicationFilterChain.internalDoFilter(ApplicationFilterChain.java:164) ~[tomcat-embed-core-10.1.24.jar:10.1.24]
	at org.apache.catalina.core.ApplicationFilterChain.doFilter(ApplicationFilterChain.java:140) ~[tomcat-embed-core-10.1.24.jar:10.1.24]
	at org.springframework.web.filter.RequestContextFilter.doFilterInternal(RequestContextFilter.java:100) ~[spring-web-6.1.8.jar:6.1.8]
	at org.springframework.web.filter.OncePerRequestFilter.doFilter(OncePerRequestFilter.java:116) ~[spring-web-6.1.8.jar:6.1.8]
	at org.apache.catalina.core.ApplicationFilterChain.internalDoFilter(ApplicationFilterChain.java:164) ~[tomcat-embed-core-10.1.24.jar:10.1.24]
	at org.apache.catalina.core.ApplicationFilterChain.doFilter(ApplicationFilterChain.java:140) ~[tomcat-embed-core-10.1.24.jar:10.1.24]
	at org.springframework.web.filter.FormContentFilter.doFilterInternal(FormContentFilter.java:93) ~[spring-web-6.1.8.jar:6.1.8]
	at org.springframework.web.filter.OncePerRequestFilter.doFilter(OncePerRequestFilter.java:116) ~[spring-web-6.1.8.jar:6.1.8]
	at org.apache.catalina.core.ApplicationFilterChain.internalDoFilter(ApplicationFilterChain.java:164) ~[tomcat-embed-core-10.1.24.jar:10.1.24]
	at org.apache.catalina.core.ApplicationFilterChain.doFilter(ApplicationFilterChain.java:140) ~[tomcat-embed-core-10.1.24.jar:10.1.24]
	at org.springframework.web.filter.CharacterEncodingFilter.doFilterInternal(CharacterEncodingFilter.java:201) ~[spring-web-6.1.8.jar:6.1.8]
	at org.springframework.web.filter.OncePerRequestFilter.doFilter(OncePerRequestFilter.java:116) ~[spring-web-6.1.8.jar:6.1.8]
	at org.apache.catalina.core.ApplicationFilterChain.internalDoFilter(ApplicationFilterChain.java:164) ~[tomcat-embed-core-10.1.24.jar:10.1.24]
	at org.apache.catalina.core.ApplicationFilterChain.doFilter(ApplicationFilterChain.java:140) ~[tomcat-embed-core-10.1.24.jar:10.1.24]
	at org.apache.catalina.core.StandardWrapperValve.invoke(StandardWrapperValve.java:167) ~[tomcat-embed-core-10.1.24.jar:10.1.24]
	at org.apache.catalina.core.StandardContextValve.invoke(StandardContextValve.java:90) ~[tomcat-embed-core-10.1.24.jar:10.1.24]
	at org.apache.catalina.authenticator.AuthenticatorBase.invoke(AuthenticatorBase.java:482) ~[tomcat-embed-core-10.1.24.jar:10.1.24]
	at org.apache.catalina.core.StandardHostValve.invoke(StandardHostValve.java:115) ~[tomcat-embed-core-10.1.24.jar:10.1.24]
	at org.apache.catalina.valves.ErrorReportValve.invoke(ErrorReportValve.java:93) ~[tomcat-embed-core-10.1.24.jar:10.1.24]
	at org.apache.catalina.core.StandardEngineValve.invoke(StandardEngineValve.java:74) ~[tomcat-embed-core-10.1.24.jar:10.1.24]
	at org.apache.catalina.connector.CoyoteAdapter.service(CoyoteAdapter.java:344) ~[tomcat-embed-core-10.1.24.jar:10.1.24]
	at org.apache.coyote.http11.Http11Processor.service(Http11Processor.java:389) ~[tomcat-embed-core-10.1.24.jar:10.1.24]
	at org.apache.coyote.AbstractProcessorLight.process(AbstractProcessorLight.java:63) ~[tomcat-embed-core-10.1.24.jar:10.1.24]
	at org.apache.coyote.AbstractProtocol$ConnectionHandler.process(AbstractProtocol.java:896) ~[tomcat-embed-core-10.1.24.jar:10.1.24]
	at org.apache.tomcat.util.net.NioEndpoint$SocketProcessor.doRun(NioEndpoint.java:1741) ~[tomcat-embed-core-10.1.24.jar:10.1.24]
	at org.apache.tomcat.util.net.SocketProcessorBase.run(SocketProcessorBase.java:52) ~[tomcat-embed-core-10.1.24.jar:10.1.24]
	at org.apache.tomcat.util.threads.ThreadPoolExecutor.runWorker(ThreadPoolExecutor.java:1190) ~[tomcat-embed-core-10.1.24.jar:10.1.24]
	at org.apache.tomcat.util.threads.ThreadPoolExecutor$Worker.run(ThreadPoolExecutor.java:659) ~[tomcat-embed-core-10.1.24.jar:10.1.24]
	at org.apache.tomcat.util.threads.TaskThread$WrappingRunnable.run(TaskThread.java:63) ~[tomcat-embed-core-10.1.24.jar:10.1.24]
	at java.base/java.lang.Thread.run(Thread.java:840) ~[na:na]

2026-05-29T12:10:52.044+05:30 DEBUG 30912 --- [EasyRoute_Backend] [http-nio-8080-exec-6] o.s.web.client.DefaultRestClient         : Writing [ChatCompletionRequest[messages=[ChatCompletionMessage[rawContent=[{type=text, text=You are an expert Logistics and Supply Chain Assistant. You help users with shipping, warehousing, inventory management, and transportation queries. Provide concise, professional, and accurate answers.}], role=SYSTEM, name=null, toolCallId=null, toolCalls=null], ChatCompletionMessage[rawContent=[{type=text, text=Hello}], role=USER, name=null, toolCallId=null, toolCalls=null]], model=llama3-8b-8192, frequencyPenalty=null, logitBias=null, logprobs=null, topLogprobs=null, maxTokens=null, n=null, presencePenalty=null, responseFormat=null, seed=null, stop=null, stream=false, temperature=0.7, topP=null, tools=null, toolChoice=null, user=null]] as "application/json" with org.springframework.http.converter.json.MappingJackson2HttpMessageConverter
2026-05-29T12:10:52.454+05:30  WARN 30912 --- [EasyRoute_Backend] [http-nio-8080-exec-6] o.s.a.a.r.SpringAiRetryAutoConfiguration : Retry error. Retry count:4

org.springframework.ai.retry.NonTransientAiException: 404 - {"error":{"message":"Unknown request URL: POST /openai/v1/v1/chat/completions. Please check the URL for typos, or see the docs at https://console.groq.com/docs/","type":"invalid_request_error","code":"unknown_url"}}

	at org.springframework.ai.autoconfigure.retry.SpringAiRetryAutoConfiguration$2.handleError(SpringAiRetryAutoConfiguration.java:95) ~[spring-ai-spring-boot-autoconfigure-1.0.0-M1.jar:1.0.0-M1]
	at org.springframework.web.client.ResponseErrorHandler.handleError(ResponseErrorHandler.java:63) ~[spring-web-6.1.8.jar:6.1.8]
	at org.springframework.web.client.StatusHandler.lambda$fromErrorHandler$1(StatusHandler.java:71) ~[spring-web-6.1.8.jar:6.1.8]
	at org.springframework.web.client.StatusHandler.handle(StatusHandler.java:146) ~[spring-web-6.1.8.jar:6.1.8]
	at org.springframework.web.client.DefaultRestClient$DefaultResponseSpec.applyStatusHandlers(DefaultRestClient.java:701) ~[spring-web-6.1.8.jar:6.1.8]
	at org.springframework.web.client.DefaultRestClient.readWithMessageConverters(DefaultRestClient.java:200) ~[spring-web-6.1.8.jar:6.1.8]
	at org.springframework.web.client.DefaultRestClient$DefaultResponseSpec.readBody(DefaultRestClient.java:688) ~[spring-web-6.1.8.jar:6.1.8]
	at org.springframework.web.client.DefaultRestClient$DefaultResponseSpec.toEntityInternal(DefaultRestClient.java:658) ~[spring-web-6.1.8.jar:6.1.8]
	at org.springframework.web.client.DefaultRestClient$DefaultResponseSpec.toEntity(DefaultRestClient.java:647) ~[spring-web-6.1.8.jar:6.1.8]
	at org.springframework.ai.openai.api.OpenAiApi.chatCompletionEntity(OpenAiApi.java:778) ~[spring-ai-openai-1.0.0-M1.jar:1.0.0-M1]
	at org.springframework.ai.openai.OpenAiChatModel.doChatCompletion(OpenAiChatModel.java:376) ~[spring-ai-openai-1.0.0-M1.jar:1.0.0-M1]
	at org.springframework.ai.openai.OpenAiChatModel.doChatCompletion(OpenAiChatModel.java:76) ~[spring-ai-openai-1.0.0-M1.jar:1.0.0-M1]
	at org.springframework.ai.model.function.AbstractFunctionCallSupport.callWithFunctionSupport(AbstractFunctionCallSupport.java:127) ~[spring-ai-core-1.0.0-M1.jar:1.0.0-M1]
	at org.springframework.ai.openai.OpenAiChatModel.lambda$call$1(OpenAiChatModel.java:144) ~[spring-ai-openai-1.0.0-M1.jar:1.0.0-M1]
	at org.springframework.retry.support.RetryTemplate.doExecute(RetryTemplate.java:344) ~[spring-retry-2.0.6.jar:na]
	at org.springframework.retry.support.RetryTemplate.execute(RetryTemplate.java:217) ~[spring-retry-2.0.6.jar:na]
	at org.springframework.ai.openai.OpenAiChatModel.call(OpenAiChatModel.java:142) ~[spring-ai-openai-1.0.0-M1.jar:1.0.0-M1]
	at org.springframework.ai.chat.client.ChatClient$ChatClientRequest$CallResponseSpec.doGetChatResponse(ChatClient.java:616) ~[spring-ai-core-1.0.0-M1.jar:1.0.0-M1]
	at org.springframework.ai.chat.client.ChatClient$ChatClientRequest$CallResponseSpec.doGetChatResponse(ChatClient.java:569) ~[spring-ai-core-1.0.0-M1.jar:1.0.0-M1]
	at org.springframework.ai.chat.client.ChatClient$ChatClientRequest$CallResponseSpec.content(ChatClient.java:635) ~[spring-ai-core-1.0.0-M1.jar:1.0.0-M1]
	at com.logistics.platform.service.AiService.getChatResponse(AiService.java:21) ~[classes/:na]
	at com.logistics.platform.controller.AiController.chat(AiController.java:19) ~[classes/:na]
	at java.base/jdk.internal.reflect.NativeMethodAccessorImpl.invoke0(Native Method) ~[na:na]
	at java.base/jdk.internal.reflect.NativeMethodAccessorImpl.invoke(NativeMethodAccessorImpl.java:77) ~[na:na]
	at java.base/jdk.internal.reflect.DelegatingMethodAccessorImpl.invoke(DelegatingMethodAccessorImpl.java:43) ~[na:na]
	at java.base/java.lang.reflect.Method.invoke(Method.java:568) ~[na:na]
	at org.springframework.web.method.support.InvocableHandlerMethod.doInvoke(InvocableHandlerMethod.java:255) ~[spring-web-6.1.8.jar:6.1.8]
	at org.springframework.web.method.support.InvocableHandlerMethod.invokeForRequest(InvocableHandlerMethod.java:188) ~[spring-web-6.1.8.jar:6.1.8]
	at org.springframework.web.servlet.mvc.method.annotation.ServletInvocableHandlerMethod.invokeAndHandle(ServletInvocableHandlerMethod.java:118) ~[spring-webmvc-6.1.8.jar:6.1.8]
	at org.springframework.web.servlet.mvc.method.annotation.RequestMappingHandlerAdapter.invokeHandlerMethod(RequestMappingHandlerAdapter.java:926) ~[spring-webmvc-6.1.8.jar:6.1.8]
	at org.springframework.web.servlet.mvc.method.annotation.RequestMappingHandlerAdapter.handleInternal(RequestMappingHandlerAdapter.java:831) ~[spring-webmvc-6.1.8.jar:6.1.8]
	at org.springframework.web.servlet.mvc.method.AbstractHandlerMethodAdapter.handle(AbstractHandlerMethodAdapter.java:87) ~[spring-webmvc-6.1.8.jar:6.1.8]
	at org.springframework.web.servlet.DispatcherServlet.doDispatch(DispatcherServlet.java:1089) ~[spring-webmvc-6.1.8.jar:6.1.8]
	at org.springframework.web.servlet.DispatcherServlet.doService(DispatcherServlet.java:979) ~[spring-webmvc-6.1.8.jar:6.1.8]
	at org.springframework.web.servlet.FrameworkServlet.processRequest(FrameworkServlet.java:1014) ~[spring-webmvc-6.1.8.jar:6.1.8]
	at org.springframework.web.servlet.FrameworkServlet.doGet(FrameworkServlet.java:903) ~[spring-webmvc-6.1.8.jar:6.1.8]
	at jakarta.servlet.http.HttpServlet.service(HttpServlet.java:564) ~[tomcat-embed-core-10.1.24.jar:6.0]
	at org.springframework.web.servlet.FrameworkServlet.service(FrameworkServlet.java:885) ~[spring-webmvc-6.1.8.jar:6.1.8]
	at jakarta.servlet.http.HttpServlet.service(HttpServlet.java:658) ~[tomcat-embed-core-10.1.24.jar:6.0]
	at org.apache.catalina.core.ApplicationFilterChain.internalDoFilter(ApplicationFilterChain.java:195) ~[tomcat-embed-core-10.1.24.jar:10.1.24]
	at org.apache.catalina.core.ApplicationFilterChain.doFilter(ApplicationFilterChain.java:140) ~[tomcat-embed-core-10.1.24.jar:10.1.24]
	at org.apache.tomcat.websocket.server.WsFilter.doFilter(WsFilter.java:51) ~[tomcat-embed-websocket-10.1.24.jar:10.1.24]
	at org.apache.catalina.core.ApplicationFilterChain.internalDoFilter(ApplicationFilterChain.java:164) ~[tomcat-embed-core-10.1.24.jar:10.1.24]
	at org.apache.catalina.core.ApplicationFilterChain.doFilter(ApplicationFilterChain.java:140) ~[tomcat-embed-core-10.1.24.jar:10.1.24]
	at org.springframework.web.filter.OncePerRequestFilter.doFilter(OncePerRequestFilter.java:110) ~[spring-web-6.1.8.jar:6.1.8]
	at org.apache.catalina.core.ApplicationFilterChain.internalDoFilter(ApplicationFilterChain.java:164) ~[tomcat-embed-core-10.1.24.jar:10.1.24]
	at org.apache.catalina.core.ApplicationFilterChain.doFilter(ApplicationFilterChain.java:140) ~[tomcat-embed-core-10.1.24.jar:10.1.24]
	at org.springframework.web.filter.CompositeFilter$VirtualFilterChain.doFilter(CompositeFilter.java:108) ~[spring-web-6.1.8.jar:6.1.8]
	at org.springframework.security.web.FilterChainProxy.lambda$doFilterInternal$3(FilterChainProxy.java:231) ~[spring-security-web-6.3.0.jar:6.3.0]
	at org.springframework.security.web.FilterChainProxy$VirtualFilterChain.doFilter(FilterChainProxy.java:365) ~[spring-security-web-6.3.0.jar:6.3.0]
	at org.springframework.security.web.access.intercept.AuthorizationFilter.doFilter(AuthorizationFilter.java:100) ~[spring-security-web-6.3.0.jar:6.3.0]
	at org.springframework.security.web.FilterChainProxy$VirtualFilterChain.doFilter(FilterChainProxy.java:374) ~[spring-security-web-6.3.0.jar:6.3.0]
	at org.springframework.security.web.access.ExceptionTranslationFilter.doFilter(ExceptionTranslationFilter.java:126) ~[spring-security-web-6.3.0.jar:6.3.0]
	at org.springframework.security.web.access.ExceptionTranslationFilter.doFilter(ExceptionTranslationFilter.java:120) ~[spring-security-web-6.3.0.jar:6.3.0]
	at org.springframework.security.web.FilterChainProxy$VirtualFilterChain.doFilter(FilterChainProxy.java:374) ~[spring-security-web-6.3.0.jar:6.3.0]
	at org.springframework.security.web.session.SessionManagementFilter.doFilter(SessionManagementFilter.java:131) ~[spring-security-web-6.3.0.jar:6.3.0]
	at org.springframework.security.web.session.SessionManagementFilter.doFilter(SessionManagementFilter.java:85) ~[spring-security-web-6.3.0.jar:6.3.0]
	at org.springframework.security.web.FilterChainProxy$VirtualFilterChain.doFilter(FilterChainProxy.java:374) ~[spring-security-web-6.3.0.jar:6.3.0]
	at org.springframework.security.web.authentication.AnonymousAuthenticationFilter.doFilter(AnonymousAuthenticationFilter.java:100) ~[spring-security-web-6.3.0.jar:6.3.0]
	at org.springframework.security.web.FilterChainProxy$VirtualFilterChain.doFilter(FilterChainProxy.java:374) ~[spring-security-web-6.3.0.jar:6.3.0]
	at org.springframework.security.web.servletapi.SecurityContextHolderAwareRequestFilter.doFilter(SecurityContextHolderAwareRequestFilter.java:179) ~[spring-security-web-6.3.0.jar:6.3.0]
	at org.springframework.security.web.FilterChainProxy$VirtualFilterChain.doFilter(FilterChainProxy.java:374) ~[spring-security-web-6.3.0.jar:6.3.0]
	at org.springframework.security.web.savedrequest.RequestCacheAwareFilter.doFilter(RequestCacheAwareFilter.java:63) ~[spring-security-web-6.3.0.jar:6.3.0]
	at org.springframework.security.web.FilterChainProxy$VirtualFilterChain.doFilter(FilterChainProxy.java:374) ~[spring-security-web-6.3.0.jar:6.3.0]
	at com.logistics.platform.security.JwtAuthenticationFilter.doFilterInternal(JwtAuthenticationFilter.java:45) ~[classes/:na]
	at org.springframework.web.filter.OncePerRequestFilter.doFilter(OncePerRequestFilter.java:116) ~[spring-web-6.1.8.jar:6.1.8]
	at org.springframework.security.web.FilterChainProxy$VirtualFilterChain.doFilter(FilterChainProxy.java:374) ~[spring-security-web-6.3.0.jar:6.3.0]
	at org.springframework.security.web.authentication.logout.LogoutFilter.doFilter(LogoutFilter.java:107) ~[spring-security-web-6.3.0.jar:6.3.0]
	at org.springframework.security.web.authentication.logout.LogoutFilter.doFilter(LogoutFilter.java:93) ~[spring-security-web-6.3.0.jar:6.3.0]
	at org.springframework.security.web.FilterChainProxy$VirtualFilterChain.doFilter(FilterChainProxy.java:374) ~[spring-security-web-6.3.0.jar:6.3.0]
	at org.springframework.web.filter.CorsFilter.doFilterInternal(CorsFilter.java:91) ~[spring-web-6.1.8.jar:6.1.8]
	at org.springframework.web.filter.OncePerRequestFilter.doFilter(OncePerRequestFilter.java:116) ~[spring-web-6.1.8.jar:6.1.8]
	at org.springframework.security.web.FilterChainProxy$VirtualFilterChain.doFilter(FilterChainProxy.java:374) ~[spring-security-web-6.3.0.jar:6.3.0]
	at org.springframework.security.web.header.HeaderWriterFilter.doHeadersAfter(HeaderWriterFilter.java:90) ~[spring-security-web-6.3.0.jar:6.3.0]
	at org.springframework.security.web.header.HeaderWriterFilter.doFilterInternal(HeaderWriterFilter.java:75) ~[spring-security-web-6.3.0.jar:6.3.0]
	at org.springframework.web.filter.OncePerRequestFilter.doFilter(OncePerRequestFilter.java:116) ~[spring-web-6.1.8.jar:6.1.8]
	at org.springframework.security.web.FilterChainProxy$VirtualFilterChain.doFilter(FilterChainProxy.java:374) ~[spring-security-web-6.3.0.jar:6.3.0]
	at org.springframework.security.web.context.SecurityContextHolderFilter.doFilter(SecurityContextHolderFilter.java:82) ~[spring-security-web-6.3.0.jar:6.3.0]
	at org.springframework.security.web.context.SecurityContextHolderFilter.doFilter(SecurityContextHolderFilter.java:69) ~[spring-security-web-6.3.0.jar:6.3.0]
	at org.springframework.security.web.FilterChainProxy$VirtualFilterChain.doFilter(FilterChainProxy.java:374) ~[spring-security-web-6.3.0.jar:6.3.0]
	at org.springframework.security.web.context.request.async.WebAsyncManagerIntegrationFilter.doFilterInternal(WebAsyncManagerIntegrationFilter.java:62) ~[spring-security-web-6.3.0.jar:6.3.0]
	at org.springframework.web.filter.OncePerRequestFilter.doFilter(OncePerRequestFilter.java:116) ~[spring-web-6.1.8.jar:6.1.8]
	at org.springframework.security.web.FilterChainProxy$VirtualFilterChain.doFilter(FilterChainProxy.java:374) ~[spring-security-web-6.3.0.jar:6.3.0]
	at org.springframework.security.web.session.DisableEncodeUrlFilter.doFilterInternal(DisableEncodeUrlFilter.java:42) ~[spring-security-web-6.3.0.jar:6.3.0]
	at org.springframework.web.filter.OncePerRequestFilter.doFilter(OncePerRequestFilter.java:116) ~[spring-web-6.1.8.jar:6.1.8]
	at org.springframework.security.web.FilterChainProxy$VirtualFilterChain.doFilter(FilterChainProxy.java:374) ~[spring-security-web-6.3.0.jar:6.3.0]
	at org.springframework.security.web.FilterChainProxy.doFilterInternal(FilterChainProxy.java:233) ~[spring-security-web-6.3.0.jar:6.3.0]
	at org.springframework.security.web.FilterChainProxy.doFilter(FilterChainProxy.java:191) ~[spring-security-web-6.3.0.jar:6.3.0]
	at org.springframework.web.filter.CompositeFilter$VirtualFilterChain.doFilter(CompositeFilter.java:113) ~[spring-web-6.1.8.jar:6.1.8]
	at org.springframework.web.servlet.handler.HandlerMappingIntrospector.lambda$createCacheFilter$3(HandlerMappingIntrospector.java:195) ~[spring-webmvc-6.1.8.jar:6.1.8]
	at org.springframework.web.filter.CompositeFilter$VirtualFilterChain.doFilter(CompositeFilter.java:113) ~[spring-web-6.1.8.jar:6.1.8]
	at org.springframework.web.filter.CompositeFilter.doFilter(CompositeFilter.java:74) ~[spring-web-6.1.8.jar:6.1.8]
	at org.springframework.security.config.annotation.web.configuration.WebMvcSecurityConfiguration$CompositeFilterChainProxy.doFilter(WebMvcSecurityConfiguration.java:230) ~[spring-security-config-6.3.0.jar:6.3.0]
	at org.springframework.web.filter.DelegatingFilterProxy.invokeDelegate(DelegatingFilterProxy.java:352) ~[spring-web-6.1.8.jar:6.1.8]
	at org.springframework.web.filter.DelegatingFilterProxy.doFilter(DelegatingFilterProxy.java:268) ~[spring-web-6.1.8.jar:6.1.8]
	at org.apache.catalina.core.ApplicationFilterChain.internalDoFilter(ApplicationFilterChain.java:164) ~[tomcat-embed-core-10.1.24.jar:10.1.24]
	at org.apache.catalina.core.ApplicationFilterChain.doFilter(ApplicationFilterChain.java:140) ~[tomcat-embed-core-10.1.24.jar:10.1.24]
	at org.springframework.web.filter.RequestContextFilter.doFilterInternal(RequestContextFilter.java:100) ~[spring-web-6.1.8.jar:6.1.8]
	at org.springframework.web.filter.OncePerRequestFilter.doFilter(OncePerRequestFilter.java:116) ~[spring-web-6.1.8.jar:6.1.8]
	at org.apache.catalina.core.ApplicationFilterChain.internalDoFilter(ApplicationFilterChain.java:164) ~[tomcat-embed-core-10.1.24.jar:10.1.24]
	at org.apache.catalina.core.ApplicationFilterChain.doFilter(ApplicationFilterChain.java:140) ~[tomcat-embed-core-10.1.24.jar:10.1.24]
	at org.springframework.web.filter.FormContentFilter.doFilterInternal(FormContentFilter.java:93) ~[spring-web-6.1.8.jar:6.1.8]
	at org.springframework.web.filter.OncePerRequestFilter.doFilter(OncePerRequestFilter.java:116) ~[spring-web-6.1.8.jar:6.1.8]
	at org.apache.catalina.core.ApplicationFilterChain.internalDoFilter(ApplicationFilterChain.java:164) ~[tomcat-embed-core-10.1.24.jar:10.1.24]
	at org.apache.catalina.core.ApplicationFilterChain.doFilter(ApplicationFilterChain.java:140) ~[tomcat-embed-core-10.1.24.jar:10.1.24]
	at org.springframework.web.filter.CharacterEncodingFilter.doFilterInternal(CharacterEncodingFilter.java:201) ~[spring-web-6.1.8.jar:6.1.8]
	at org.springframework.web.filter.OncePerRequestFilter.doFilter(OncePerRequestFilter.java:116) ~[spring-web-6.1.8.jar:6.1.8]
	at org.apache.catalina.core.ApplicationFilterChain.internalDoFilter(ApplicationFilterChain.java:164) ~[tomcat-embed-core-10.1.24.jar:10.1.24]
	at org.apache.catalina.core.ApplicationFilterChain.doFilter(ApplicationFilterChain.java:140) ~[tomcat-embed-core-10.1.24.jar:10.1.24]
	at org.apache.catalina.core.StandardWrapperValve.invoke(StandardWrapperValve.java:167) ~[tomcat-embed-core-10.1.24.jar:10.1.24]
	at org.apache.catalina.core.StandardContextValve.invoke(StandardContextValve.java:90) ~[tomcat-embed-core-10.1.24.jar:10.1.24]
	at org.apache.catalina.authenticator.AuthenticatorBase.invoke(AuthenticatorBase.java:482) ~[tomcat-embed-core-10.1.24.jar:10.1.24]
	at org.apache.catalina.core.StandardHostValve.invoke(StandardHostValve.java:115) ~[tomcat-embed-core-10.1.24.jar:10.1.24]
	at org.apache.catalina.valves.ErrorReportValve.invoke(ErrorReportValve.java:93) ~[tomcat-embed-core-10.1.24.jar:10.1.24]
	at org.apache.catalina.core.StandardEngineValve.invoke(StandardEngineValve.java:74) ~[tomcat-embed-core-10.1.24.jar:10.1.24]
	at org.apache.catalina.connector.CoyoteAdapter.service(CoyoteAdapter.java:344) ~[tomcat-embed-core-10.1.24.jar:10.1.24]
	at org.apache.coyote.http11.Http11Processor.service(Http11Processor.java:389) ~[tomcat-embed-core-10.1.24.jar:10.1.24]
	at org.apache.coyote.AbstractProcessorLight.process(AbstractProcessorLight.java:63) ~[tomcat-embed-core-10.1.24.jar:10.1.24]
	at org.apache.coyote.AbstractProtocol$ConnectionHandler.process(AbstractProtocol.java:896) ~[tomcat-embed-core-10.1.24.jar:10.1.24]
	at org.apache.tomcat.util.net.NioEndpoint$SocketProcessor.doRun(NioEndpoint.java:1741) ~[tomcat-embed-core-10.1.24.jar:10.1.24]
	at org.apache.tomcat.util.net.SocketProcessorBase.run(SocketProcessorBase.java:52) ~[tomcat-embed-core-10.1.24.jar:10.1.24]
	at org.apache.tomcat.util.threads.ThreadPoolExecutor.runWorker(ThreadPoolExecutor.java:1190) ~[tomcat-embed-core-10.1.24.jar:10.1.24]
	at org.apache.tomcat.util.threads.ThreadPoolExecutor$Worker.run(ThreadPoolExecutor.java:659) ~[tomcat-embed-core-10.1.24.jar:10.1.24]
	at org.apache.tomcat.util.threads.TaskThread$WrappingRunnable.run(TaskThread.java:63) ~[tomcat-embed-core-10.1.24.jar:10.1.24]
	at java.base/java.lang.Thread.run(Thread.java:840) ~[na:na]

2026-05-29T12:11:02.050+05:30  INFO 30912 --- [EasyRoute_Backend] [RMI TCP Connection(10)-127.0.0.1] inMXBeanRegistrar$SpringApplicationAdmin : Application shutdown requested.
2026-05-29T12:11:02.062+05:30  INFO 30912 --- [EasyRoute_Backend] [RMI TCP Connection(10)-127.0.0.1] j.LocalContainerEntityManagerFactoryBean : Closing JPA EntityManagerFactory for persistence unit 'default'
2026-05-29T12:11:02.064+05:30  INFO 30912 --- [EasyRoute_Backend] [RMI TCP Connection(10)-127.0.0.1] com.zaxxer.hikari.HikariDataSource       : HikariPool-1 - Shutdown initiated...
2026-05-29T12:11:02.067+05:30  INFO 30912 --- [EasyRoute_Backend] [RMI TCP Connection(10)-127.0.0.1] com.zaxxer.hikari.HikariDataSource       : HikariPool-1 - Shutdown completed.
2026-05-29T12:11:08.548+05:30  INFO 18436 --- [EasyRoute_Backend] [main] c.l.p.LogisticsPlatformApplication       : Starting LogisticsPlatformApplication using Java 17.0.10 with PID 18436 (C:\Users\2531038\Desktop\LogisticsApplication\EasyRoute_backend\target\classes started by 2531038 in C:\Users\2531038\Desktop\LogisticsApplication\EasyRoute_backend)
2026-05-29T12:11:08.552+05:30 DEBUG 18436 --- [EasyRoute_Backend] [main] c.l.p.LogisticsPlatformApplication       : Running with Spring Boot v3.3.0, Spring v6.1.8
2026-05-29T12:11:08.552+05:30  INFO 18436 --- [EasyRoute_Backend] [main] c.l.p.LogisticsPlatformApplication       : No active profile set, falling back to 1 default profile: "default"
2026-05-29T12:11:09.213+05:30  INFO 18436 --- [EasyRoute_Backend] [main] .s.d.r.c.RepositoryConfigurationDelegate : Bootstrapping Spring Data JPA repositories in DEFAULT mode.
2026-05-29T12:11:09.309+05:30  INFO 18436 --- [EasyRoute_Backend] [main] .s.d.r.c.RepositoryConfigurationDelegate : Finished Spring Data repository scanning in 92 ms. Found 13 JPA repository interfaces.
2026-05-29T12:11:09.685+05:30  INFO 18436 --- [EasyRoute_Backend] [main] o.s.b.w.embedded.tomcat.TomcatWebServer  : Tomcat initialized with port 8080 (http)
2026-05-29T12:11:09.692+05:30  INFO 18436 --- [EasyRoute_Backend] [main] o.apache.catalina.core.StandardService   : Starting service [Tomcat]
2026-05-29T12:11:09.692+05:30  INFO 18436 --- [EasyRoute_Backend] [main] o.apache.catalina.core.StandardEngine    : Starting Servlet engine: [Apache Tomcat/10.1.24]
2026-05-29T12:11:09.731+05:30  INFO 18436 --- [EasyRoute_Backend] [main] o.a.c.c.C.[Tomcat].[localhost].[/]       : Initializing Spring embedded WebApplicationContext
2026-05-29T12:11:09.732+05:30  INFO 18436 --- [EasyRoute_Backend] [main] w.s.c.ServletWebServerApplicationContext : Root WebApplicationContext: initialization completed in 1040 ms
2026-05-29T12:11:09.815+05:30  INFO 18436 --- [EasyRoute_Backend] [main] o.hibernate.jpa.internal.util.LogHelper  : HHH000204: Processing PersistenceUnitInfo [name: default]
2026-05-29T12:11:09.846+05:30  INFO 18436 --- [EasyRoute_Backend] [main] org.hibernate.Version                    : HHH000412: Hibernate ORM core version 6.5.2.Final
2026-05-29T12:11:09.864+05:30  INFO 18436 --- [EasyRoute_Backend] [main] o.h.c.internal.RegionFactoryInitiator    : HHH000026: Second-level cache disabled
2026-05-29T12:11:10.008+05:30  INFO 18436 --- [EasyRoute_Backend] [main] o.s.o.j.p.SpringPersistenceUnitInfo      : No LoadTimeWeaver setup: ignoring JPA class transformer
2026-05-29T12:11:10.023+05:30  INFO 18436 --- [EasyRoute_Backend] [main] com.zaxxer.hikari.HikariDataSource       : HikariPool-1 - Starting...
2026-05-29T12:11:10.060+05:30  INFO 18436 --- [EasyRoute_Backend] [main] com.zaxxer.hikari.pool.HikariPool        : HikariPool-1 - Added connection org.postgresql.jdbc.PgConnection@484876a1
2026-05-29T12:11:10.061+05:30  INFO 18436 --- [EasyRoute_Backend] [main] com.zaxxer.hikari.HikariDataSource       : HikariPool-1 - Start completed.
2026-05-29T12:11:10.083+05:30  WARN 18436 --- [EasyRoute_Backend] [main] org.hibernate.orm.deprecation            : HHH90000025: PostgreSQLDialect does not need to be specified explicitly using 'hibernate.dialect' (remove the property setting and it will be selected by default)
2026-05-29T12:11:10.852+05:30  INFO 18436 --- [EasyRoute_Backend] [main] o.h.e.t.j.p.i.JtaPlatformInitiator       : HHH000489: No JTA platform available (set 'hibernate.transaction.jta.platform' to enable JTA platform integration)
2026-05-29T12:11:10.886+05:30 DEBUG 18436 --- [EasyRoute_Backend] [main] org.hibernate.SQL                        : 
    alter table if exists audit_logs 
       alter column notes set data type TEXT
2026-05-29T12:11:10.890+05:30 DEBUG 18436 --- [EasyRoute_Backend] [main] org.hibernate.SQL                        : 
    alter table if exists shipment_items 
       alter column description set data type TEXT
2026-05-29T12:11:10.892+05:30 DEBUG 18436 --- [EasyRoute_Backend] [main] org.hibernate.SQL                        : 
    alter table if exists support_tickets 
       alter column admin_reply set data type TEXT
2026-05-29T12:11:10.892+05:30 DEBUG 18436 --- [EasyRoute_Backend] [main] org.hibernate.SQL                        : 
    alter table if exists support_tickets 
       alter column description set data type TEXT
2026-05-29T12:11:10.894+05:30 DEBUG 18436 --- [EasyRoute_Backend] [main] org.hibernate.SQL                        : 
    alter table if exists trucks 
       alter column insurance_url set data type TEXT
2026-05-29T12:11:10.895+05:30 DEBUG 18436 --- [EasyRoute_Backend] [main] org.hibernate.SQL                        : 
    alter table if exists trucks 
       alter column license_url set data type TEXT
2026-05-29T12:11:10.896+05:30 DEBUG 18436 --- [EasyRoute_Backend] [main] org.hibernate.SQL                        : 
    alter table if exists trucks 
       alter column rc_document_url set data type TEXT
2026-05-29T12:11:10.897+05:30 DEBUG 18436 --- [EasyRoute_Backend] [main] org.hibernate.SQL                        : 
    alter table if exists users 
       alter column bio set data type TEXT
2026-05-29T12:11:10.977+05:30  INFO 18436 --- [EasyRoute_Backend] [main] j.LocalContainerEntityManagerFactoryBean : Initialized JPA EntityManagerFactory for persistence unit 'default'
2026-05-29T12:11:11.152+05:30 DEBUG 18436 --- [EasyRoute_Backend] [main] c.l.p.security.JwtAuthenticationFilter   : Filter 'jwtAuthenticationFilter' configured for use
2026-05-29T12:11:11.541+05:30  INFO 18436 --- [EasyRoute_Backend] [main] r$InitializeUserDetailsManagerConfigurer : Global AuthenticationManager configured with UserDetailsService bean with name customUserDetailsService
2026-05-29T12:11:11.783+05:30 DEBUG 18436 --- [EasyRoute_Backend] [main] s.w.s.m.m.a.RequestMappingHandlerMapping : 48 mappings in 'requestMappingHandlerMapping'
2026-05-29T12:11:11.805+05:30 DEBUG 18436 --- [EasyRoute_Backend] [main] o.s.w.s.handler.SimpleUrlHandlerMapping  : Patterns [/webjars/**, /**, /swagger-ui*/*swagger-initializer.js, /swagger-ui*/**] in 'resourceHandlerMapping'
2026-05-29T12:11:11.847+05:30  INFO 18436 --- [EasyRoute_Backend] [main] o.s.s.web.DefaultSecurityFilterChain     : Will secure any request with [org.springframework.security.web.session.DisableEncodeUrlFilter@12b9d405, org.springframework.security.web.context.request.async.WebAsyncManagerIntegrationFilter@402d443d, org.springframework.security.web.context.SecurityContextHolderFilter@3095e9c6, org.springframework.security.web.header.HeaderWriterFilter@50e0541, org.springframework.web.filter.CorsFilter@32e0b990, org.springframework.security.web.authentication.logout.LogoutFilter@66c58c03, com.logistics.platform.security.JwtAuthenticationFilter@72e9c0a0, org.springframework.security.web.savedrequest.RequestCacheAwareFilter@50fd4246, org.springframework.security.web.servletapi.SecurityContextHolderAwareRequestFilter@307cf289, org.springframework.security.web.authentication.AnonymousAuthenticationFilter@7f6ba409, org.springframework.security.web.session.SessionManagementFilter@6a8a54f5, org.springframework.security.web.access.ExceptionTranslationFilter@34ceefb5, org.springframework.security.web.access.intercept.AuthorizationFilter@6a271c2b]
2026-05-29T12:11:11.909+05:30 DEBUG 18436 --- [EasyRoute_Backend] [main] s.w.s.m.m.a.RequestMappingHandlerAdapter : ControllerAdvice beans: 0 @ModelAttribute, 0 @InitBinder, 1 RequestBodyAdvice, 1 ResponseBodyAdvice
2026-05-29T12:11:11.935+05:30 DEBUG 18436 --- [EasyRoute_Backend] [main] .m.m.a.ExceptionHandlerExceptionResolver : ControllerAdvice beans: 2 @ExceptionHandler, 1 ResponseBodyAdvice
2026-05-29T12:11:12.116+05:30  INFO 18436 --- [EasyRoute_Backend] [main] o.s.b.w.embedded.tomcat.TomcatWebServer  : Tomcat started on port 8080 (http) with context path '/'
2026-05-29T12:11:12.125+05:30  INFO 18436 --- [EasyRoute_Backend] [main] c.l.p.LogisticsPlatformApplication       : Started LogisticsPlatformApplication in 3.918 seconds (process running for 4.313)
2026-05-29T12:11:12.198+05:30 DEBUG 18436 --- [EasyRoute_Backend] [main] org.hibernate.SQL                        : 
    select
        u1_0.id 
    from
        users u1_0 
    where
        u1_0.email=? 
    fetch
        first ? rows only
2026-05-29T12:11:12.296+05:30 DEBUG 18436 --- [EasyRoute_Backend] [main] org.hibernate.SQL                        : 
    select
        count(*) 
    from
        user_rate_cards urc1_0
2026-05-29T12:11:12.302+05:30 DEBUG 18436 --- [EasyRoute_Backend] [main] org.hibernate.SQL                        : 
    select
        count(*) 
    from
        couriers c1_0
2026-05-29T12:11:18.309+05:30  INFO 18436 --- [EasyRoute_Backend] [http-nio-8080-exec-5] o.a.c.c.C.[Tomcat].[localhost].[/]       : Initializing Spring DispatcherServlet 'dispatcherServlet'
2026-05-29T12:11:18.315+05:30  INFO 18436 --- [EasyRoute_Backend] [http-nio-8080-exec-5] o.s.web.servlet.DispatcherServlet        : Initializing Servlet 'dispatcherServlet'
2026-05-29T12:11:18.316+05:30 DEBUG 18436 --- [EasyRoute_Backend] [http-nio-8080-exec-5] o.s.web.servlet.DispatcherServlet        : Detected StandardServletMultipartResolver
2026-05-29T12:11:18.316+05:30 DEBUG 18436 --- [EasyRoute_Backend] [http-nio-8080-exec-5] o.s.web.servlet.DispatcherServlet        : Detected AcceptHeaderLocaleResolver
2026-05-29T12:11:18.318+05:30 DEBUG 18436 --- [EasyRoute_Backend] [http-nio-8080-exec-5] o.s.web.servlet.DispatcherServlet        : Detected FixedThemeResolver
2026-05-29T12:11:18.320+05:30 DEBUG 18436 --- [EasyRoute_Backend] [http-nio-8080-exec-5] o.s.web.servlet.DispatcherServlet        : Detected org.springframework.web.servlet.view.DefaultRequestToViewNameTranslator@4dbf902
2026-05-29T12:11:18.322+05:30 DEBUG 18436 --- [EasyRoute_Backend] [http-nio-8080-exec-5] o.s.web.servlet.DispatcherServlet        : Detected org.springframework.web.servlet.support.SessionFlashMapManager@78e3bebd
2026-05-29T12:11:18.322+05:30 DEBUG 18436 --- [EasyRoute_Backend] [http-nio-8080-exec-5] o.s.web.servlet.DispatcherServlet        : enableLoggingRequestDetails='false': request parameters and headers will be masked to prevent unsafe logging of potentially sensitive data
2026-05-29T12:11:18.322+05:30  INFO 18436 --- [EasyRoute_Backend] [http-nio-8080-exec-5] o.s.web.servlet.DispatcherServlet        : Completed initialization in 6 ms
2026-05-29T12:11:18.694+05:30 DEBUG 18436 --- [EasyRoute_Backend] [http-nio-8080-exec-6] org.hibernate.SQL                        : 
    select
        u1_0.id,
        u1_0.address,
        u1_0.bank_details,
        u1_0.bio,
        u1_0.city,
        u1_0.created_at,
        u1_0.email,
        u1_0.email_verified,
        u1_0.emergency_contacts,
        u1_0.gstin,
        u1_0.is_active,
        u1_0.name,
        u1_0.password,
        u1_0.phone,
        u1_0.pincode,
        u1_0.preferred_route_area,
        u1_0.profile_photo_url,
        u1_0.role,
        u1_0.state,
        u1_0.updated_at 
    from
        users u1_0 
    where
        u1_0.email=?
2026-05-29T12:11:18.694+05:30 DEBUG 18436 --- [EasyRoute_Backend] [http-nio-8080-exec-8] org.hibernate.SQL                        : 
    select
        u1_0.id,
        u1_0.address,
        u1_0.bank_details,
        u1_0.bio,
        u1_0.city,
        u1_0.created_at,
        u1_0.email,
        u1_0.email_verified,
        u1_0.emergency_contacts,
        u1_0.gstin,
        u1_0.is_active,
        u1_0.name,
        u1_0.password,
        u1_0.phone,
        u1_0.pincode,
        u1_0.preferred_route_area,
        u1_0.profile_photo_url,
        u1_0.role,
        u1_0.state,
        u1_0.updated_at 
    from
        users u1_0 
    where
        u1_0.email=?
2026-05-29T12:11:18.694+05:30 DEBUG 18436 --- [EasyRoute_Backend] [http-nio-8080-exec-10] org.hibernate.SQL                        : 
    select
        u1_0.id,
        u1_0.address,
        u1_0.bank_details,
        u1_0.bio,
        u1_0.city,
        u1_0.created_at,
        u1_0.email,
        u1_0.email_verified,
        u1_0.emergency_contacts,
        u1_0.gstin,
        u1_0.is_active,
        u1_0.name,
        u1_0.password,
        u1_0.phone,
        u1_0.pincode,
        u1_0.preferred_route_area,
        u1_0.profile_photo_url,
        u1_0.role,
        u1_0.state,
        u1_0.updated_at 
    from
        users u1_0 
    where
        u1_0.email=?
2026-05-29T12:11:18.744+05:30 DEBUG 18436 --- [EasyRoute_Backend] [http-nio-8080-exec-10] o.s.web.servlet.DispatcherServlet        : GET "/api/v1/shipments", parameters={}
2026-05-29T12:11:18.744+05:30 DEBUG 18436 --- [EasyRoute_Backend] [http-nio-8080-exec-8] o.s.web.servlet.DispatcherServlet        : GET "/api/v1/rates/my-rate", parameters={}
2026-05-29T12:11:18.744+05:30 DEBUG 18436 --- [EasyRoute_Backend] [http-nio-8080-exec-6] o.s.web.servlet.DispatcherServlet        : GET "/api/v1/config/maps-key", parameters={}
2026-05-29T12:11:18.752+05:30 DEBUG 18436 --- [EasyRoute_Backend] [http-nio-8080-exec-6] s.w.s.m.m.a.RequestMappingHandlerMapping : Mapped to com.logistics.platform.controller.ConfigController#getMapsKey()
2026-05-29T12:11:18.753+05:30 DEBUG 18436 --- [EasyRoute_Backend] [http-nio-8080-exec-10] s.w.s.m.m.a.RequestMappingHandlerMapping : Mapped to com.logistics.platform.controller.ShipmentController#getMyShipments(User, ShipmentStatus)
2026-05-29T12:11:18.752+05:30 DEBUG 18436 --- [EasyRoute_Backend] [http-nio-8080-exec-8] s.w.s.m.m.a.RequestMappingHandlerMapping : Mapped to com.logistics.platform.controller.PlatformRateController#getMyRate(Authentication)
2026-05-29T12:11:18.827+05:30 DEBUG 18436 --- [EasyRoute_Backend] [http-nio-8080-exec-10] org.hibernate.SQL                        : 
    select
        u1_0.id,
        u1_0.address,
        u1_0.bank_details,
        u1_0.bio,
        u1_0.city,
        u1_0.created_at,
        u1_0.email,
        u1_0.email_verified,
        u1_0.emergency_contacts,
        u1_0.gstin,
        u1_0.is_active,
        u1_0.name,
        u1_0.password,
        u1_0.phone,
        u1_0.pincode,
        u1_0.preferred_route_area,
        u1_0.profile_photo_url,
        u1_0.role,
        u1_0.state,
        u1_0.updated_at 
    from
        users u1_0 
    where
        u1_0.email=?
2026-05-29T12:11:18.849+05:30 DEBUG 18436 --- [EasyRoute_Backend] [http-nio-8080-exec-10] org.hibernate.SQL                        : 
    select
        s1_0.id,
        s1_0.actual_delivery_time,
        s1_0.actual_pickup_time,
        s1_0.cancellation_reason,
        s1_0.chargeable_weight,
        s1_0.cod_amount,
        s1_0.cod_charge,
        s1_0.courier_id,
        s1_0.created_at,
        s1_0.customer_id,
        s1_0.drop_address,
        s1_0.drop_city,
        s1_0.drop_lat,
        s1_0.drop_lng,
        s1_0.drop_pincode,
        s1_0.estimated_cost,
        s1_0.freight_charge,
        s1_0.fuel_charge,
        s1_0.gst_charge,
        s1_0.payment_mode,
        s1_0.pickup_address,
        s1_0.pickup_city,
        s1_0.pickup_lat,
        s1_0.pickup_lng,
        s1_0.pickup_partner_id,
        s1_0.pickup_pincode,
        s1_0.remote_charge,
        s1_0.scheduled_pickup_time,
        s1_0.status,
        s1_0.total_weight_kg,
        s1_0.tracking_number,
        s1_0.truck_id,
        s1_0.updated_at,
        s1_0.volumetric_weight 
    from
        shipments s1_0 
    where
        s1_0.customer_id=?
2026-05-29T12:11:18.851+05:30 DEBUG 18436 --- [EasyRoute_Backend] [http-nio-8080-exec-8] org.hibernate.SQL                        : 
    select
        urc1_0.id,
        urc1_0.is_active,
        urc1_0.base_fare,
        urc1_0.commission_percentage,
        urc1_0.created_at,
        urc1_0.fixed_fee,
        urc1_0.name,
        urc1_0.per_kg_rate,
        urc1_0.per_km_rate,
        urc1_0.target_role,
        urc1_0.updated_at,
        urc1_0.user_id 
    from
        user_rate_cards urc1_0 
    where
        urc1_0.user_id=? 
        and urc1_0.is_active
2026-05-29T12:11:18.858+05:30 DEBUG 18436 --- [EasyRoute_Backend] [http-nio-8080-exec-8] org.hibernate.SQL                        : 
    select
        urc1_0.id,
        urc1_0.is_active,
        urc1_0.base_fare,
        urc1_0.commission_percentage,
        urc1_0.created_at,
        urc1_0.fixed_fee,
        urc1_0.name,
        urc1_0.per_kg_rate,
        urc1_0.per_km_rate,
        urc1_0.target_role,
        urc1_0.updated_at,
        urc1_0.user_id 
    from
        user_rate_cards urc1_0 
    where
        urc1_0.target_role=? 
        and urc1_0.is_active
2026-05-29T12:11:18.885+05:30 DEBUG 18436 --- [EasyRoute_Backend] [http-nio-8080-exec-6] o.s.w.s.m.m.a.HttpEntityMethodProcessor  : Using 'application/json', given [application/json, text/plain, */*] and supported [application/json, application/*+json]
2026-05-29T12:11:18.885+05:30 DEBUG 18436 --- [EasyRoute_Backend] [http-nio-8080-exec-8] o.s.w.s.m.m.a.HttpEntityMethodProcessor  : Using 'application/json', given [application/json, text/plain, */*] and supported [application/json, application/*+json]
2026-05-29T12:11:18.885+05:30 DEBUG 18436 --- [EasyRoute_Backend] [http-nio-8080-exec-8] o.s.w.s.m.m.a.HttpEntityMethodProcessor  : Nothing to write: null body
2026-05-29T12:11:18.885+05:30 DEBUG 18436 --- [EasyRoute_Backend] [http-nio-8080-exec-8] o.s.web.servlet.DispatcherServlet        : Completed 200 OK
2026-05-29T12:11:18.885+05:30 DEBUG 18436 --- [EasyRoute_Backend] [http-nio-8080-exec-10] org.hibernate.SQL                        : 
    select
        i1_0.shipment_id,
        i1_0.id,
        i1_0.created_at,
        i1_0.description,
        i1_0.fragile,
        i1_0.item_name,
        i1_0.quantity,
        i1_0.updated_at,
        i1_0.weight_kg 
    from
        shipment_items i1_0 
    where
        i1_0.shipment_id=?
2026-05-29T12:11:18.892+05:30 DEBUG 18436 --- [EasyRoute_Backend] [http-nio-8080-exec-6] o.s.w.s.m.m.a.HttpEntityMethodProcessor  : Writing [ApiResponse(success=true, message=Maps API Key retrieved successfully, data={apiKey=AIzaSyANarU6cEpt (truncated)...]
2026-05-29T12:11:18.895+05:30 DEBUG 18436 --- [EasyRoute_Backend] [http-nio-8080-exec-3] org.hibernate.SQL                        : 
    select
        u1_0.id,
        u1_0.address,
        u1_0.bank_details,
        u1_0.bio,
        u1_0.city,
        u1_0.created_at,
        u1_0.email,
        u1_0.email_verified,
        u1_0.emergency_contacts,
        u1_0.gstin,
        u1_0.is_active,
        u1_0.name,
        u1_0.password,
        u1_0.phone,
        u1_0.pincode,
        u1_0.preferred_route_area,
        u1_0.profile_photo_url,
        u1_0.role,
        u1_0.state,
        u1_0.updated_at 
    from
        users u1_0 
    where
        u1_0.email=?
2026-05-29T12:11:18.898+05:30 DEBUG 18436 --- [EasyRoute_Backend] [http-nio-8080-exec-3] o.s.web.servlet.DispatcherServlet        : GET "/api/v1/rates/my-rate", parameters={}
2026-05-29T12:11:18.898+05:30 DEBUG 18436 --- [EasyRoute_Backend] [http-nio-8080-exec-3] s.w.s.m.m.a.RequestMappingHandlerMapping : Mapped to com.logistics.platform.controller.PlatformRateController#getMyRate(Authentication)
2026-05-29T12:11:18.899+05:30 DEBUG 18436 --- [EasyRoute_Backend] [http-nio-8080-exec-3] org.hibernate.SQL                        : 
    select
        urc1_0.id,
        urc1_0.is_active,
        urc1_0.base_fare,
        urc1_0.commission_percentage,
        urc1_0.created_at,
        urc1_0.fixed_fee,
        urc1_0.name,
        urc1_0.per_kg_rate,
        urc1_0.per_km_rate,
        urc1_0.target_role,
        urc1_0.updated_at,
        urc1_0.user_id 
    from
        user_rate_cards urc1_0 
    where
        urc1_0.user_id=? 
        and urc1_0.is_active
2026-05-29T12:11:18.903+05:30 DEBUG 18436 --- [EasyRoute_Backend] [http-nio-8080-exec-10] org.hibernate.SQL                        : 
    select
        t1_0.id,
        t1_0.capacity_tons,
        t1_0.created_at,
        t1_0.current_route_area,
        t1_0.insurance_url,
        t1_0.is_available,
        t1_0.is_rejected,
        t1_0.is_verified,
        t1_0.license_url,
        t1_0.owner_id,
        t1_0.rate_card_accepted,
        t1_0.rc_document_url,
        t1_0.registration_number,
        t1_0.truck_type,
        t1_0.updated_at 
    from
        trucks t1_0 
    where
        t1_0.id=?
2026-05-29T12:11:18.903+05:30 DEBUG 18436 --- [EasyRoute_Backend] [http-nio-8080-exec-3] org.hibernate.SQL                        : 
    select
        urc1_0.id,
        urc1_0.is_active,
        urc1_0.base_fare,
        urc1_0.commission_percentage,
        urc1_0.created_at,
        urc1_0.fixed_fee,
        urc1_0.name,
        urc1_0.per_kg_rate,
        urc1_0.per_km_rate,
        urc1_0.target_role,
        urc1_0.updated_at,
        urc1_0.user_id 
    from
        user_rate_cards urc1_0 
    where
        urc1_0.target_role=? 
        and urc1_0.is_active
2026-05-29T12:11:18.903+05:30 DEBUG 18436 --- [EasyRoute_Backend] [http-nio-8080-exec-3] o.s.w.s.m.m.a.HttpEntityMethodProcessor  : Using 'application/json', given [application/json, text/plain, */*] and supported [application/json, application/*+json]
2026-05-29T12:11:18.903+05:30 DEBUG 18436 --- [EasyRoute_Backend] [http-nio-8080-exec-3] o.s.w.s.m.m.a.HttpEntityMethodProcessor  : Nothing to write: null body
2026-05-29T12:11:18.903+05:30 DEBUG 18436 --- [EasyRoute_Backend] [http-nio-8080-exec-3] o.s.web.servlet.DispatcherServlet        : Completed 200 OK
2026-05-29T12:11:18.909+05:30 DEBUG 18436 --- [EasyRoute_Backend] [http-nio-8080-exec-10] org.hibernate.SQL                        : 
    select
        u1_0.id,
        u1_0.address,
        u1_0.bank_details,
        u1_0.bio,
        u1_0.city,
        u1_0.created_at,
        u1_0.email,
        u1_0.email_verified,
        u1_0.emergency_contacts,
        u1_0.gstin,
        u1_0.is_active,
        u1_0.name,
        u1_0.password,
        u1_0.phone,
        u1_0.pincode,
        u1_0.preferred_route_area,
        u1_0.profile_photo_url,
        u1_0.role,
        u1_0.state,
        u1_0.updated_at 
    from
        users u1_0 
    where
        u1_0.id=?
2026-05-29T12:11:18.909+05:30 DEBUG 18436 --- [EasyRoute_Backend] [http-nio-8080-exec-10] org.hibernate.SQL                        : 
    select
        u1_0.id,
        u1_0.address,
        u1_0.bank_details,
        u1_0.bio,
        u1_0.city,
        u1_0.created_at,
        u1_0.email,
        u1_0.email_verified,
        u1_0.emergency_contacts,
        u1_0.gstin,
        u1_0.is_active,
        u1_0.name,
        u1_0.password,
        u1_0.phone,
        u1_0.pincode,
        u1_0.preferred_route_area,
        u1_0.profile_photo_url,
        u1_0.role,
        u1_0.state,
        u1_0.updated_at 
    from
        users u1_0 
    where
        u1_0.id=?
2026-05-29T12:11:18.909+05:30 DEBUG 18436 --- [EasyRoute_Backend] [http-nio-8080-exec-6] o.s.web.servlet.DispatcherServlet        : Completed 200 OK
2026-05-29T12:11:18.909+05:30 DEBUG 18436 --- [EasyRoute_Backend] [http-nio-8080-exec-10] org.hibernate.SQL                        : 
    select
        i1_0.shipment_id,
        i1_0.id,
        i1_0.created_at,
        i1_0.description,
        i1_0.fragile,
        i1_0.item_name,
        i1_0.quantity,
        i1_0.updated_at,
        i1_0.weight_kg 
    from
        shipment_items i1_0 
    where
        i1_0.shipment_id=?
2026-05-29T12:11:18.916+05:30 DEBUG 18436 --- [EasyRoute_Backend] [http-nio-8080-exec-10] o.s.w.s.m.m.a.HttpEntityMethodProcessor  : Using 'application/json', given [application/json, text/plain, */*] and supported [application/json, application/*+json]
2026-05-29T12:11:18.916+05:30 DEBUG 18436 --- [EasyRoute_Backend] [http-nio-8080-exec-2] org.hibernate.SQL                        : 
    select
        u1_0.id,
        u1_0.address,
        u1_0.bank_details,
        u1_0.bio,
        u1_0.city,
        u1_0.created_at,
        u1_0.email,
        u1_0.email_verified,
        u1_0.emergency_contacts,
        u1_0.gstin,
        u1_0.is_active,
        u1_0.name,
        u1_0.password,
        u1_0.phone,
        u1_0.pincode,
        u1_0.preferred_route_area,
        u1_0.profile_photo_url,
        u1_0.role,
        u1_0.state,
        u1_0.updated_at 
    from
        users u1_0 
    where
        u1_0.email=?
2026-05-29T12:11:18.922+05:30 DEBUG 18436 --- [EasyRoute_Backend] [http-nio-8080-exec-2] o.s.web.servlet.DispatcherServlet        : GET "/api/v1/config/maps-key", parameters={}
2026-05-29T12:11:18.922+05:30 DEBUG 18436 --- [EasyRoute_Backend] [http-nio-8080-exec-2] s.w.s.m.m.a.RequestMappingHandlerMapping : Mapped to com.logistics.platform.controller.ConfigController#getMapsKey()
2026-05-29T12:11:18.922+05:30 DEBUG 18436 --- [EasyRoute_Backend] [http-nio-8080-exec-2] o.s.w.s.m.m.a.HttpEntityMethodProcessor  : Using 'application/json', given [application/json, text/plain, */*] and supported [application/json, application/*+json]
2026-05-29T12:11:18.922+05:30 DEBUG 18436 --- [EasyRoute_Backend] [http-nio-8080-exec-2] o.s.w.s.m.m.a.HttpEntityMethodProcessor  : Writing [ApiResponse(success=true, message=Maps API Key retrieved successfully, data={apiKey=AIzaSyANarU6cEpt (truncated)...]
2026-05-29T12:11:18.925+05:30 DEBUG 18436 --- [EasyRoute_Backend] [http-nio-8080-exec-2] o.s.web.servlet.DispatcherServlet        : Completed 200 OK
2026-05-29T12:11:18.936+05:30 DEBUG 18436 --- [EasyRoute_Backend] [http-nio-8080-exec-10] o.s.w.s.m.m.a.HttpEntityMethodProcessor  : Writing [ApiResponse(success=true, message=Shipments retrieved successfully, data=[ShipmentResponse(id=440150 (truncated)...]
2026-05-29T12:11:18.959+05:30 DEBUG 18436 --- [EasyRoute_Backend] [http-nio-8080-exec-10] o.s.web.servlet.DispatcherServlet        : Completed 200 OK
2026-05-29T12:11:18.971+05:30 DEBUG 18436 --- [EasyRoute_Backend] [http-nio-8080-exec-4] org.hibernate.SQL                        : 
    select
        u1_0.id,
        u1_0.address,
        u1_0.bank_details,
        u1_0.bio,
        u1_0.city,
        u1_0.created_at,
        u1_0.email,
        u1_0.email_verified,
        u1_0.emergency_contacts,
        u1_0.gstin,
        u1_0.is_active,
        u1_0.name,
        u1_0.password,
        u1_0.phone,
        u1_0.pincode,
        u1_0.preferred_route_area,
        u1_0.profile_photo_url,
        u1_0.role,
        u1_0.state,
        u1_0.updated_at 
    from
        users u1_0 
    where
        u1_0.email=?
2026-05-29T12:11:18.974+05:30 DEBUG 18436 --- [EasyRoute_Backend] [http-nio-8080-exec-4] o.s.web.servlet.DispatcherServlet        : GET "/api/v1/shipments", parameters={}
2026-05-29T12:11:18.974+05:30 DEBUG 18436 --- [EasyRoute_Backend] [http-nio-8080-exec-4] s.w.s.m.m.a.RequestMappingHandlerMapping : Mapped to com.logistics.platform.controller.ShipmentController#getMyShipments(User, ShipmentStatus)
2026-05-29T12:11:18.976+05:30 DEBUG 18436 --- [EasyRoute_Backend] [http-nio-8080-exec-4] org.hibernate.SQL                        : 
    select
        u1_0.id,
        u1_0.address,
        u1_0.bank_details,
        u1_0.bio,
        u1_0.city,
        u1_0.created_at,
        u1_0.email,
        u1_0.email_verified,
        u1_0.emergency_contacts,
        u1_0.gstin,
        u1_0.is_active,
        u1_0.name,
        u1_0.password,
        u1_0.phone,
        u1_0.pincode,
        u1_0.preferred_route_area,
        u1_0.profile_photo_url,
        u1_0.role,
        u1_0.state,
        u1_0.updated_at 
    from
        users u1_0 
    where
        u1_0.email=?
2026-05-29T12:11:18.977+05:30 DEBUG 18436 --- [EasyRoute_Backend] [http-nio-8080-exec-4] org.hibernate.SQL                        : 
    select
        s1_0.id,
        s1_0.actual_delivery_time,
        s1_0.actual_pickup_time,
        s1_0.cancellation_reason,
        s1_0.chargeable_weight,
        s1_0.cod_amount,
        s1_0.cod_charge,
        s1_0.courier_id,
        s1_0.created_at,
        s1_0.customer_id,
        s1_0.drop_address,
        s1_0.drop_city,
        s1_0.drop_lat,
        s1_0.drop_lng,
        s1_0.drop_pincode,
        s1_0.estimated_cost,
        s1_0.freight_charge,
        s1_0.fuel_charge,
        s1_0.gst_charge,
        s1_0.payment_mode,
        s1_0.pickup_address,
        s1_0.pickup_city,
        s1_0.pickup_lat,
        s1_0.pickup_lng,
        s1_0.pickup_partner_id,
        s1_0.pickup_pincode,
        s1_0.remote_charge,
        s1_0.scheduled_pickup_time,
        s1_0.status,
        s1_0.total_weight_kg,
        s1_0.tracking_number,
        s1_0.truck_id,
        s1_0.updated_at,
        s1_0.volumetric_weight 
    from
        shipments s1_0 
    where
        s1_0.customer_id=?
2026-05-29T12:11:18.985+05:30 DEBUG 18436 --- [EasyRoute_Backend] [http-nio-8080-exec-4] org.hibernate.SQL                        : 
    select
        i1_0.shipment_id,
        i1_0.id,
        i1_0.created_at,
        i1_0.description,
        i1_0.fragile,
        i1_0.item_name,
        i1_0.quantity,
        i1_0.updated_at,
        i1_0.weight_kg 
    from
        shipment_items i1_0 
    where
        i1_0.shipment_id=?
2026-05-29T12:11:18.990+05:30 DEBUG 18436 --- [EasyRoute_Backend] [http-nio-8080-exec-4] org.hibernate.SQL                        : 
    select
        t1_0.id,
        t1_0.capacity_tons,
        t1_0.created_at,
        t1_0.current_route_area,
        t1_0.insurance_url,
        t1_0.is_available,
        t1_0.is_rejected,
        t1_0.is_verified,
        t1_0.license_url,
        t1_0.owner_id,
        t1_0.rate_card_accepted,
        t1_0.rc_document_url,
        t1_0.registration_number,
        t1_0.truck_type,
        t1_0.updated_at 
    from
        trucks t1_0 
    where
        t1_0.id=?
2026-05-29T12:11:18.992+05:30 DEBUG 18436 --- [EasyRoute_Backend] [http-nio-8080-exec-4] org.hibernate.SQL                        : 
    select
        u1_0.id,
        u1_0.address,
        u1_0.bank_details,
        u1_0.bio,
        u1_0.city,
        u1_0.created_at,
        u1_0.email,
        u1_0.email_verified,
        u1_0.emergency_contacts,
        u1_0.gstin,
        u1_0.is_active,
        u1_0.name,
        u1_0.password,
        u1_0.phone,
        u1_0.pincode,
        u1_0.preferred_route_area,
        u1_0.profile_photo_url,
        u1_0.role,
        u1_0.state,
        u1_0.updated_at 
    from
        users u1_0 
    where
        u1_0.id=?
2026-05-29T12:11:18.994+05:30 DEBUG 18436 --- [EasyRoute_Backend] [http-nio-8080-exec-4] org.hibernate.SQL                        : 
    select
        u1_0.id,
        u1_0.address,
        u1_0.bank_details,
        u1_0.bio,
        u1_0.city,
        u1_0.created_at,
        u1_0.email,
        u1_0.email_verified,
        u1_0.emergency_contacts,
        u1_0.gstin,
        u1_0.is_active,
        u1_0.name,
        u1_0.password,
        u1_0.phone,
        u1_0.pincode,
        u1_0.preferred_route_area,
        u1_0.profile_photo_url,
        u1_0.role,
        u1_0.state,
        u1_0.updated_at 
    from
        users u1_0 
    where
        u1_0.id=?
2026-05-29T12:11:18.994+05:30 DEBUG 18436 --- [EasyRoute_Backend] [http-nio-8080-exec-4] org.hibernate.SQL                        : 
    select
        i1_0.shipment_id,
        i1_0.id,
        i1_0.created_at,
        i1_0.description,
        i1_0.fragile,
        i1_0.item_name,
        i1_0.quantity,
        i1_0.updated_at,
        i1_0.weight_kg 
    from
        shipment_items i1_0 
    where
        i1_0.shipment_id=?
2026-05-29T12:11:18.999+05:30 DEBUG 18436 --- [EasyRoute_Backend] [http-nio-8080-exec-4] o.s.w.s.m.m.a.HttpEntityMethodProcessor  : Using 'application/json', given [application/json, text/plain, */*] and supported [application/json, application/*+json]
2026-05-29T12:11:19.000+05:30 DEBUG 18436 --- [EasyRoute_Backend] [http-nio-8080-exec-4] o.s.w.s.m.m.a.HttpEntityMethodProcessor  : Writing [ApiResponse(success=true, message=Shipments retrieved successfully, data=[ShipmentResponse(id=440150 (truncated)...]
2026-05-29T12:11:19.001+05:30 DEBUG 18436 --- [EasyRoute_Backend] [http-nio-8080-exec-4] o.s.web.servlet.DispatcherServlet        : Completed 200 OK
2026-05-29T12:11:28.127+05:30 DEBUG 18436 --- [EasyRoute_Backend] [http-nio-8080-exec-7] o.s.web.servlet.DispatcherServlet        : POST "/api/v1/auth/login", parameters={}
2026-05-29T12:11:28.127+05:30 DEBUG 18436 --- [EasyRoute_Backend] [http-nio-8080-exec-7] s.w.s.m.m.a.RequestMappingHandlerMapping : Mapped to com.logistics.platform.controller.AuthController#login(LoginRequest, HttpServletRequest)
2026-05-29T12:11:28.176+05:30 DEBUG 18436 --- [EasyRoute_Backend] [http-nio-8080-exec-7] m.m.a.RequestResponseBodyMethodProcessor : Read "application/json;charset=UTF-8" to [LoginRequest(email=sravani@gmail.com, password=Sravani123)]
2026-05-29T12:11:28.828+05:30 DEBUG 18436 --- [EasyRoute_Backend] [http-nio-8080-exec-7] org.hibernate.SQL                        : 
    select
        u1_0.id,
        u1_0.address,
        u1_0.bank_details,
        u1_0.bio,
        u1_0.city,
        u1_0.created_at,
        u1_0.email,
        u1_0.email_verified,
        u1_0.emergency_contacts,
        u1_0.gstin,
        u1_0.is_active,
        u1_0.name,
        u1_0.password,
        u1_0.phone,
        u1_0.pincode,
        u1_0.preferred_route_area,
        u1_0.profile_photo_url,
        u1_0.role,
        u1_0.state,
        u1_0.updated_at 
    from
        users u1_0 
    where
        u1_0.email=?
2026-05-29T12:11:29.494+05:30 DEBUG 18436 --- [EasyRoute_Backend] [http-nio-8080-exec-7] org.hibernate.SQL                        : 
    insert 
    into
        audit_logs
        (action, created_at, entity_id, entity_type, ip_address, notes, updated_at, user_id, id) 
    values
        (?, ?, ?, ?, ?, ?, ?, ?, ?)
2026-05-29T12:11:29.509+05:30 DEBUG 18436 --- [EasyRoute_Backend] [http-nio-8080-exec-7] o.s.w.s.m.m.a.HttpEntityMethodProcessor  : Using 'application/json', given [application/json, text/plain, */*] and supported [application/json, application/*+json]
2026-05-29T12:11:29.509+05:30 DEBUG 18436 --- [EasyRoute_Backend] [http-nio-8080-exec-7] o.s.w.s.m.m.a.HttpEntityMethodProcessor  : Writing [ApiResponse(success=true, message=Login successful, data=AuthResponse(token=eyJhbGciOiJIUzUxMiJ9.eyJ (truncated)...]
2026-05-29T12:11:29.509+05:30 DEBUG 18436 --- [EasyRoute_Backend] [http-nio-8080-exec-7] o.s.web.servlet.DispatcherServlet        : Completed 200 OK
2026-05-29T12:11:29.549+05:30 DEBUG 18436 --- [EasyRoute_Backend] [http-nio-8080-exec-2] org.hibernate.SQL                        : 
    select
        u1_0.id,
        u1_0.address,
        u1_0.bank_details,
        u1_0.bio,
        u1_0.city,
        u1_0.created_at,
        u1_0.email,
        u1_0.email_verified,
        u1_0.emergency_contacts,
        u1_0.gstin,
        u1_0.is_active,
        u1_0.name,
        u1_0.password,
        u1_0.phone,
        u1_0.pincode,
        u1_0.preferred_route_area,
        u1_0.profile_photo_url,
        u1_0.role,
        u1_0.state,
        u1_0.updated_at 
    from
        users u1_0 
    where
        u1_0.email=?
2026-05-29T12:11:29.550+05:30 DEBUG 18436 --- [EasyRoute_Backend] [http-nio-8080-exec-6] org.hibernate.SQL                        : 
    select
        u1_0.id,
        u1_0.address,
        u1_0.bank_details,
        u1_0.bio,
        u1_0.city,
        u1_0.created_at,
        u1_0.email,
        u1_0.email_verified,
        u1_0.emergency_contacts,
        u1_0.gstin,
        u1_0.is_active,
        u1_0.name,
        u1_0.password,
        u1_0.phone,
        u1_0.pincode,
        u1_0.preferred_route_area,
        u1_0.profile_photo_url,
        u1_0.role,
        u1_0.state,
        u1_0.updated_at 
    from
        users u1_0 
    where
        u1_0.email=?
2026-05-29T12:11:29.550+05:30 DEBUG 18436 --- [EasyRoute_Backend] [http-nio-8080-exec-10] org.hibernate.SQL                        : 
    select
        u1_0.id,
        u1_0.address,
        u1_0.bank_details,
        u1_0.bio,
        u1_0.city,
        u1_0.created_at,
        u1_0.email,
        u1_0.email_verified,
        u1_0.emergency_contacts,
        u1_0.gstin,
        u1_0.is_active,
        u1_0.name,
        u1_0.password,
        u1_0.phone,
        u1_0.pincode,
        u1_0.preferred_route_area,
        u1_0.profile_photo_url,
        u1_0.role,
        u1_0.state,
        u1_0.updated_at 
    from
        users u1_0 
    where
        u1_0.email=?
2026-05-29T12:11:29.553+05:30 DEBUG 18436 --- [EasyRoute_Backend] [http-nio-8080-exec-6] o.s.web.servlet.DispatcherServlet        : GET "/api/v1/rates/my-rate", parameters={}
2026-05-29T12:11:29.553+05:30 DEBUG 18436 --- [EasyRoute_Backend] [http-nio-8080-exec-2] o.s.web.servlet.DispatcherServlet        : GET "/api/v1/shipments", parameters={}
2026-05-29T12:11:29.553+05:30 DEBUG 18436 --- [EasyRoute_Backend] [http-nio-8080-exec-10] o.s.web.servlet.DispatcherServlet        : GET "/api/v1/config/maps-key", parameters={}
2026-05-29T12:11:29.553+05:30 DEBUG 18436 --- [EasyRoute_Backend] [http-nio-8080-exec-6] s.w.s.m.m.a.RequestMappingHandlerMapping : Mapped to com.logistics.platform.controller.PlatformRateController#getMyRate(Authentication)
2026-05-29T12:11:29.553+05:30 DEBUG 18436 --- [EasyRoute_Backend] [http-nio-8080-exec-10] s.w.s.m.m.a.RequestMappingHandlerMapping : Mapped to com.logistics.platform.controller.ConfigController#getMapsKey()
2026-05-29T12:11:29.553+05:30 DEBUG 18436 --- [EasyRoute_Backend] [http-nio-8080-exec-2] s.w.s.m.m.a.RequestMappingHandlerMapping : Mapped to com.logistics.platform.controller.ShipmentController#getMyShipments(User, ShipmentStatus)
2026-05-29T12:11:29.554+05:30 DEBUG 18436 --- [EasyRoute_Backend] [http-nio-8080-exec-10] o.s.w.s.m.m.a.HttpEntityMethodProcessor  : Using 'application/json', given [application/json, text/plain, */*] and supported [application/json, application/*+json]
2026-05-29T12:11:29.554+05:30 DEBUG 18436 --- [EasyRoute_Backend] [http-nio-8080-exec-10] o.s.w.s.m.m.a.HttpEntityMethodProcessor  : Writing [ApiResponse(success=true, message=Maps API Key retrieved successfully, data={apiKey=AIzaSyANarU6cEpt (truncated)...]
2026-05-29T12:11:29.555+05:30 DEBUG 18436 --- [EasyRoute_Backend] [http-nio-8080-exec-2] org.hibernate.SQL                        : 
    select
        u1_0.id,
        u1_0.address,
        u1_0.bank_details,
        u1_0.bio,
        u1_0.city,
        u1_0.created_at,
        u1_0.email,
        u1_0.email_verified,
        u1_0.emergency_contacts,
        u1_0.gstin,
        u1_0.is_active,
        u1_0.name,
        u1_0.password,
        u1_0.phone,
        u1_0.pincode,
        u1_0.preferred_route_area,
        u1_0.profile_photo_url,
        u1_0.role,
        u1_0.state,
        u1_0.updated_at 
    from
        users u1_0 
    where
        u1_0.email=?
2026-05-29T12:11:29.556+05:30 DEBUG 18436 --- [EasyRoute_Backend] [http-nio-8080-exec-10] o.s.web.servlet.DispatcherServlet        : Completed 200 OK
2026-05-29T12:11:29.556+05:30 DEBUG 18436 --- [EasyRoute_Backend] [http-nio-8080-exec-6] org.hibernate.SQL                        : 
    select
        urc1_0.id,
        urc1_0.is_active,
        urc1_0.base_fare,
        urc1_0.commission_percentage,
        urc1_0.created_at,
        urc1_0.fixed_fee,
        urc1_0.name,
        urc1_0.per_kg_rate,
        urc1_0.per_km_rate,
        urc1_0.target_role,
        urc1_0.updated_at,
        urc1_0.user_id 
    from
        user_rate_cards urc1_0 
    where
        urc1_0.user_id=? 
        and urc1_0.is_active
2026-05-29T12:11:29.560+05:30 DEBUG 18436 --- [EasyRoute_Backend] [http-nio-8080-exec-6] org.hibernate.SQL                        : 
    select
        urc1_0.id,
        urc1_0.is_active,
        urc1_0.base_fare,
        urc1_0.commission_percentage,
        urc1_0.created_at,
        urc1_0.fixed_fee,
        urc1_0.name,
        urc1_0.per_kg_rate,
        urc1_0.per_km_rate,
        urc1_0.target_role,
        urc1_0.updated_at,
        urc1_0.user_id 
    from
        user_rate_cards urc1_0 
    where
        urc1_0.target_role=? 
        and urc1_0.is_active
2026-05-29T12:11:29.560+05:30 DEBUG 18436 --- [EasyRoute_Backend] [http-nio-8080-exec-2] org.hibernate.SQL                        : 
    select
        s1_0.id,
        s1_0.actual_delivery_time,
        s1_0.actual_pickup_time,
        s1_0.cancellation_reason,
        s1_0.chargeable_weight,
        s1_0.cod_amount,
        s1_0.cod_charge,
        s1_0.courier_id,
        s1_0.created_at,
        s1_0.customer_id,
        s1_0.drop_address,
        s1_0.drop_city,
        s1_0.drop_lat,
        s1_0.drop_lng,
        s1_0.drop_pincode,
        s1_0.estimated_cost,
        s1_0.freight_charge,
        s1_0.fuel_charge,
        s1_0.gst_charge,
        s1_0.payment_mode,
        s1_0.pickup_address,
        s1_0.pickup_city,
        s1_0.pickup_lat,
        s1_0.pickup_lng,
        s1_0.pickup_partner_id,
        s1_0.pickup_pincode,
        s1_0.remote_charge,
        s1_0.scheduled_pickup_time,
        s1_0.status,
        s1_0.total_weight_kg,
        s1_0.tracking_number,
        s1_0.truck_id,
        s1_0.updated_at,
        s1_0.volumetric_weight 
    from
        shipments s1_0 
    where
        s1_0.customer_id=?
2026-05-29T12:11:29.563+05:30 DEBUG 18436 --- [EasyRoute_Backend] [http-nio-8080-exec-6] o.s.w.s.m.m.a.HttpEntityMethodProcessor  : Using 'application/json', given [application/json, text/plain, */*] and supported [application/json, application/*+json]
2026-05-29T12:11:29.563+05:30 DEBUG 18436 --- [EasyRoute_Backend] [http-nio-8080-exec-6] o.s.w.s.m.m.a.HttpEntityMethodProcessor  : Nothing to write: null body
2026-05-29T12:11:29.563+05:30 DEBUG 18436 --- [EasyRoute_Backend] [http-nio-8080-exec-6] o.s.web.servlet.DispatcherServlet        : Completed 200 OK
2026-05-29T12:11:29.564+05:30 DEBUG 18436 --- [EasyRoute_Backend] [http-nio-8080-exec-2] org.hibernate.SQL                        : 
    select
        i1_0.shipment_id,
        i1_0.id,
        i1_0.created_at,
        i1_0.description,
        i1_0.fragile,
        i1_0.item_name,
        i1_0.quantity,
        i1_0.updated_at,
        i1_0.weight_kg 
    from
        shipment_items i1_0 
    where
        i1_0.shipment_id=?
2026-05-29T12:11:29.565+05:30 DEBUG 18436 --- [EasyRoute_Backend] [http-nio-8080-exec-7] org.hibernate.SQL                        : 
    select
        u1_0.id,
        u1_0.address,
        u1_0.bank_details,
        u1_0.bio,
        u1_0.city,
        u1_0.created_at,
        u1_0.email,
        u1_0.email_verified,
        u1_0.emergency_contacts,
        u1_0.gstin,
        u1_0.is_active,
        u1_0.name,
        u1_0.password,
        u1_0.phone,
        u1_0.pincode,
        u1_0.preferred_route_area,
        u1_0.profile_photo_url,
        u1_0.role,
        u1_0.state,
        u1_0.updated_at 
    from
        users u1_0 
    where
        u1_0.email=?
2026-05-29T12:11:29.566+05:30 DEBUG 18436 --- [EasyRoute_Backend] [http-nio-8080-exec-2] org.hibernate.SQL                        : 
    select
        t1_0.id,
        t1_0.capacity_tons,
        t1_0.created_at,
        t1_0.current_route_area,
        t1_0.insurance_url,
        t1_0.is_available,
        t1_0.is_rejected,
        t1_0.is_verified,
        t1_0.license_url,
        t1_0.owner_id,
        t1_0.rate_card_accepted,
        t1_0.rc_document_url,
        t1_0.registration_number,
        t1_0.truck_type,
        t1_0.updated_at 
    from
        trucks t1_0 
    where
        t1_0.id=?
2026-05-29T12:11:29.566+05:30 DEBUG 18436 --- [EasyRoute_Backend] [http-nio-8080-exec-7] o.s.web.servlet.DispatcherServlet        : GET "/api/v1/config/maps-key", parameters={}
2026-05-29T12:11:29.566+05:30 DEBUG 18436 --- [EasyRoute_Backend] [http-nio-8080-exec-7] s.w.s.m.m.a.RequestMappingHandlerMapping : Mapped to com.logistics.platform.controller.ConfigController#getMapsKey()
2026-05-29T12:11:29.566+05:30 DEBUG 18436 --- [EasyRoute_Backend] [http-nio-8080-exec-7] o.s.w.s.m.m.a.HttpEntityMethodProcessor  : Using 'application/json', given [application/json, text/plain, */*] and supported [application/json, application/*+json]
2026-05-29T12:11:29.566+05:30 DEBUG 18436 --- [EasyRoute_Backend] [http-nio-8080-exec-2] org.hibernate.SQL                        : 
    select
        u1_0.id,
        u1_0.address,
        u1_0.bank_details,
        u1_0.bio,
        u1_0.city,
        u1_0.created_at,
        u1_0.email,
        u1_0.email_verified,
        u1_0.emergency_contacts,
        u1_0.gstin,
        u1_0.is_active,
        u1_0.name,
        u1_0.password,
        u1_0.phone,
        u1_0.pincode,
        u1_0.preferred_route_area,
        u1_0.profile_photo_url,
        u1_0.role,
        u1_0.state,
        u1_0.updated_at 
    from
        users u1_0 
    where
        u1_0.id=?
2026-05-29T12:11:29.566+05:30 DEBUG 18436 --- [EasyRoute_Backend] [http-nio-8080-exec-7] o.s.w.s.m.m.a.HttpEntityMethodProcessor  : Writing [ApiResponse(success=true, message=Maps API Key retrieved successfully, data={apiKey=AIzaSyANarU6cEpt (truncated)...]
2026-05-29T12:11:29.566+05:30 DEBUG 18436 --- [EasyRoute_Backend] [http-nio-8080-exec-7] o.s.web.servlet.DispatcherServlet        : Completed 200 OK
2026-05-29T12:11:29.572+05:30 DEBUG 18436 --- [EasyRoute_Backend] [http-nio-8080-exec-2] org.hibernate.SQL                        : 
    select
        u1_0.id,
        u1_0.address,
        u1_0.bank_details,
        u1_0.bio,
        u1_0.city,
        u1_0.created_at,
        u1_0.email,
        u1_0.email_verified,
        u1_0.emergency_contacts,
        u1_0.gstin,
        u1_0.is_active,
        u1_0.name,
        u1_0.password,
        u1_0.phone,
        u1_0.pincode,
        u1_0.preferred_route_area,
        u1_0.profile_photo_url,
        u1_0.role,
        u1_0.state,
        u1_0.updated_at 
    from
        users u1_0 
    where
        u1_0.id=?
2026-05-29T12:11:29.572+05:30 DEBUG 18436 --- [EasyRoute_Backend] [http-nio-8080-exec-8] org.hibernate.SQL                        : 
    select
        u1_0.id,
        u1_0.address,
        u1_0.bank_details,
        u1_0.bio,
        u1_0.city,
        u1_0.created_at,
        u1_0.email,
        u1_0.email_verified,
        u1_0.emergency_contacts,
        u1_0.gstin,
        u1_0.is_active,
        u1_0.name,
        u1_0.password,
        u1_0.phone,
        u1_0.pincode,
        u1_0.preferred_route_area,
        u1_0.profile_photo_url,
        u1_0.role,
        u1_0.state,
        u1_0.updated_at 
    from
        users u1_0 
    where
        u1_0.email=?
2026-05-29T12:11:29.572+05:30 DEBUG 18436 --- [EasyRoute_Backend] [http-nio-8080-exec-2] org.hibernate.SQL                        : 
    select
        i1_0.shipment_id,
        i1_0.id,
        i1_0.created_at,
        i1_0.description,
        i1_0.fragile,
        i1_0.item_name,
        i1_0.quantity,
        i1_0.updated_at,
        i1_0.weight_kg 
    from
        shipment_items i1_0 
    where
        i1_0.shipment_id=?
2026-05-29T12:11:29.576+05:30 DEBUG 18436 --- [EasyRoute_Backend] [http-nio-8080-exec-8] o.s.web.servlet.DispatcherServlet        : GET "/api/v1/rates/my-rate", parameters={}
2026-05-29T12:11:29.577+05:30 DEBUG 18436 --- [EasyRoute_Backend] [http-nio-8080-exec-8] s.w.s.m.m.a.RequestMappingHandlerMapping : Mapped to com.logistics.platform.controller.PlatformRateController#getMyRate(Authentication)
2026-05-29T12:11:29.581+05:30 DEBUG 18436 --- [EasyRoute_Backend] [http-nio-8080-exec-2] o.s.w.s.m.m.a.HttpEntityMethodProcessor  : Using 'application/json', given [application/json, text/plain, */*] and supported [application/json, application/*+json]
2026-05-29T12:11:29.583+05:30 DEBUG 18436 --- [EasyRoute_Backend] [http-nio-8080-exec-2] o.s.w.s.m.m.a.HttpEntityMethodProcessor  : Writing [ApiResponse(success=true, message=Shipments retrieved successfully, data=[ShipmentResponse(id=440150 (truncated)...]
2026-05-29T12:11:29.585+05:30 DEBUG 18436 --- [EasyRoute_Backend] [http-nio-8080-exec-2] o.s.web.servlet.DispatcherServlet        : Completed 200 OK
2026-05-29T12:11:29.585+05:30 DEBUG 18436 --- [EasyRoute_Backend] [http-nio-8080-exec-8] org.hibernate.SQL                        : 
    select
        urc1_0.id,
        urc1_0.is_active,
        urc1_0.base_fare,
        urc1_0.commission_percentage,
        urc1_0.created_at,
        urc1_0.fixed_fee,
        urc1_0.name,
        urc1_0.per_kg_rate,
        urc1_0.per_km_rate,
        urc1_0.target_role,
        urc1_0.updated_at,
        urc1_0.user_id 
    from
        user_rate_cards urc1_0 
    where
        urc1_0.user_id=? 
        and urc1_0.is_active
2026-05-29T12:11:29.591+05:30 DEBUG 18436 --- [EasyRoute_Backend] [http-nio-8080-exec-8] org.hibernate.SQL                        : 
    select
        urc1_0.id,
        urc1_0.is_active,
        urc1_0.base_fare,
        urc1_0.commission_percentage,
        urc1_0.created_at,
        urc1_0.fixed_fee,
        urc1_0.name,
        urc1_0.per_kg_rate,
        urc1_0.per_km_rate,
        urc1_0.target_role,
        urc1_0.updated_at,
        urc1_0.user_id 
    from
        user_rate_cards urc1_0 
    where
        urc1_0.target_role=? 
        and urc1_0.is_active
2026-05-29T12:11:29.592+05:30 DEBUG 18436 --- [EasyRoute_Backend] [http-nio-8080-exec-1] org.hibernate.SQL                        : 
    select
        u1_0.id,
        u1_0.address,
        u1_0.bank_details,
        u1_0.bio,
        u1_0.city,
        u1_0.created_at,
        u1_0.email,
        u1_0.email_verified,
        u1_0.emergency_contacts,
        u1_0.gstin,
        u1_0.is_active,
        u1_0.name,
        u1_0.password,
        u1_0.phone,
        u1_0.pincode,
        u1_0.preferred_route_area,
        u1_0.profile_photo_url,
        u1_0.role,
        u1_0.state,
        u1_0.updated_at 
    from
        users u1_0 
    where
        u1_0.email=?
2026-05-29T12:11:29.593+05:30 DEBUG 18436 --- [EasyRoute_Backend] [http-nio-8080-exec-8] o.s.w.s.m.m.a.HttpEntityMethodProcessor  : Using 'application/json', given [application/json, text/plain, */*] and supported [application/json, application/*+json]
2026-05-29T12:11:29.593+05:30 DEBUG 18436 --- [EasyRoute_Backend] [http-nio-8080-exec-8] o.s.w.s.m.m.a.HttpEntityMethodProcessor  : Nothing to write: null body
2026-05-29T12:11:29.593+05:30 DEBUG 18436 --- [EasyRoute_Backend] [http-nio-8080-exec-8] o.s.web.servlet.DispatcherServlet        : Completed 200 OK
2026-05-29T12:11:29.594+05:30 DEBUG 18436 --- [EasyRoute_Backend] [http-nio-8080-exec-1] o.s.web.servlet.DispatcherServlet        : GET "/api/v1/shipments", parameters={}
2026-05-29T12:11:29.595+05:30 DEBUG 18436 --- [EasyRoute_Backend] [http-nio-8080-exec-1] s.w.s.m.m.a.RequestMappingHandlerMapping : Mapped to com.logistics.platform.controller.ShipmentController#getMyShipments(User, ShipmentStatus)
2026-05-29T12:11:29.597+05:30 DEBUG 18436 --- [EasyRoute_Backend] [http-nio-8080-exec-1] org.hibernate.SQL                        : 
    select
        u1_0.id,
        u1_0.address,
        u1_0.bank_details,
        u1_0.bio,
        u1_0.city,
        u1_0.created_at,
        u1_0.email,
        u1_0.email_verified,
        u1_0.emergency_contacts,
        u1_0.gstin,
        u1_0.is_active,
        u1_0.name,
        u1_0.password,
        u1_0.phone,
        u1_0.pincode,
        u1_0.preferred_route_area,
        u1_0.profile_photo_url,
        u1_0.role,
        u1_0.state,
        u1_0.updated_at 
    from
        users u1_0 
    where
        u1_0.email=?
2026-05-29T12:11:29.602+05:30 DEBUG 18436 --- [EasyRoute_Backend] [http-nio-8080-exec-1] org.hibernate.SQL                        : 
    select
        s1_0.id,
        s1_0.actual_delivery_time,
        s1_0.actual_pickup_time,
        s1_0.cancellation_reason,
        s1_0.chargeable_weight,
        s1_0.cod_amount,
        s1_0.cod_charge,
        s1_0.courier_id,
        s1_0.created_at,
        s1_0.customer_id,
        s1_0.drop_address,
        s1_0.drop_city,
        s1_0.drop_lat,
        s1_0.drop_lng,
        s1_0.drop_pincode,
        s1_0.estimated_cost,
        s1_0.freight_charge,
        s1_0.fuel_charge,
        s1_0.gst_charge,
        s1_0.payment_mode,
        s1_0.pickup_address,
        s1_0.pickup_city,
        s1_0.pickup_lat,
        s1_0.pickup_lng,
        s1_0.pickup_partner_id,
        s1_0.pickup_pincode,
        s1_0.remote_charge,
        s1_0.scheduled_pickup_time,
        s1_0.status,
        s1_0.total_weight_kg,
        s1_0.tracking_number,
        s1_0.truck_id,
        s1_0.updated_at,
        s1_0.volumetric_weight 
    from
        shipments s1_0 
    where
        s1_0.customer_id=?
2026-05-29T12:11:29.605+05:30 DEBUG 18436 --- [EasyRoute_Backend] [http-nio-8080-exec-1] org.hibernate.SQL                        : 
    select
        i1_0.shipment_id,
        i1_0.id,
        i1_0.created_at,
        i1_0.description,
        i1_0.fragile,
        i1_0.item_name,
        i1_0.quantity,
        i1_0.updated_at,
        i1_0.weight_kg 
    from
        shipment_items i1_0 
    where
        i1_0.shipment_id=?
2026-05-29T12:11:29.609+05:30 DEBUG 18436 --- [EasyRoute_Backend] [http-nio-8080-exec-1] org.hibernate.SQL                        : 
    select
        t1_0.id,
        t1_0.capacity_tons,
        t1_0.created_at,
        t1_0.current_route_area,
        t1_0.insurance_url,
        t1_0.is_available,
        t1_0.is_rejected,
        t1_0.is_verified,
        t1_0.license_url,
        t1_0.owner_id,
        t1_0.rate_card_accepted,
        t1_0.rc_document_url,
        t1_0.registration_number,
        t1_0.truck_type,
        t1_0.updated_at 
    from
        trucks t1_0 
    where
        t1_0.id=?
2026-05-29T12:11:29.611+05:30 DEBUG 18436 --- [EasyRoute_Backend] [http-nio-8080-exec-1] org.hibernate.SQL                        : 
    select
        u1_0.id,
        u1_0.address,
        u1_0.bank_details,
        u1_0.bio,
        u1_0.city,
        u1_0.created_at,
        u1_0.email,
        u1_0.email_verified,
        u1_0.emergency_contacts,
        u1_0.gstin,
        u1_0.is_active,
        u1_0.name,
        u1_0.password,
        u1_0.phone,
        u1_0.pincode,
        u1_0.preferred_route_area,
        u1_0.profile_photo_url,
        u1_0.role,
        u1_0.state,
        u1_0.updated_at 
    from
        users u1_0 
    where
        u1_0.id=?
2026-05-29T12:11:29.611+05:30 DEBUG 18436 --- [EasyRoute_Backend] [http-nio-8080-exec-1] org.hibernate.SQL                        : 
    select
        u1_0.id,
        u1_0.address,
        u1_0.bank_details,
        u1_0.bio,
        u1_0.city,
        u1_0.created_at,
        u1_0.email,
        u1_0.email_verified,
        u1_0.emergency_contacts,
        u1_0.gstin,
        u1_0.is_active,
        u1_0.name,
        u1_0.password,
        u1_0.phone,
        u1_0.pincode,
        u1_0.preferred_route_area,
        u1_0.profile_photo_url,
        u1_0.role,
        u1_0.state,
        u1_0.updated_at 
    from
        users u1_0 
    where
        u1_0.id=?
2026-05-29T12:11:29.611+05:30 DEBUG 18436 --- [EasyRoute_Backend] [http-nio-8080-exec-1] org.hibernate.SQL                        : 
    select
        i1_0.shipment_id,
        i1_0.id,
        i1_0.created_at,
        i1_0.description,
        i1_0.fragile,
        i1_0.item_name,
        i1_0.quantity,
        i1_0.updated_at,
        i1_0.weight_kg 
    from
        shipment_items i1_0 
    where
        i1_0.shipment_id=?
2026-05-29T12:11:29.618+05:30 DEBUG 18436 --- [EasyRoute_Backend] [http-nio-8080-exec-1] o.s.w.s.m.m.a.HttpEntityMethodProcessor  : Using 'application/json', given [application/json, text/plain, */*] and supported [application/json, application/*+json]
2026-05-29T12:11:29.618+05:30 DEBUG 18436 --- [EasyRoute_Backend] [http-nio-8080-exec-1] o.s.w.s.m.m.a.HttpEntityMethodProcessor  : Writing [ApiResponse(success=true, message=Shipments retrieved successfully, data=[ShipmentResponse(id=440150 (truncated)...]
2026-05-29T12:11:29.618+05:30 DEBUG 18436 --- [EasyRoute_Backend] [http-nio-8080-exec-1] o.s.web.servlet.DispatcherServlet        : Completed 200 OK
2026-05-29T12:11:34.167+05:30 DEBUG 18436 --- [EasyRoute_Backend] [http-nio-8080-exec-3] org.hibernate.SQL                        : 
    select
        u1_0.id,
        u1_0.address,
        u1_0.bank_details,
        u1_0.bio,
        u1_0.city,
        u1_0.created_at,
        u1_0.email,
        u1_0.email_verified,
        u1_0.emergency_contacts,
        u1_0.gstin,
        u1_0.is_active,
        u1_0.name,
        u1_0.password,
        u1_0.phone,
        u1_0.pincode,
        u1_0.preferred_route_area,
        u1_0.profile_photo_url,
        u1_0.role,
        u1_0.state,
        u1_0.updated_at 
    from
        users u1_0 
    where
        u1_0.email=?
2026-05-29T12:11:34.172+05:30 DEBUG 18436 --- [EasyRoute_Backend] [http-nio-8080-exec-3] o.s.web.servlet.DispatcherServlet        : GET "/api/v1/ai/chat?message=Hello", parameters={masked}
2026-05-29T12:11:34.174+05:30 DEBUG 18436 --- [EasyRoute_Backend] [http-nio-8080-exec-3] s.w.s.m.m.a.RequestMappingHandlerMapping : Mapped to com.logistics.platform.controller.AiController#chat(String)
2026-05-29T12:11:34.418+05:30 DEBUG 18436 --- [EasyRoute_Backend] [http-nio-8080-exec-3] o.s.web.client.DefaultRestClient         : Writing [ChatCompletionRequest[messages=[ChatCompletionMessage[rawContent=[{type=text, text=You are an expert Logistics and Supply Chain Assistant. You help users with shipping, warehousing, inventory management, and transportation queries. Provide concise, professional, and accurate answers.}], role=SYSTEM, name=null, toolCallId=null, toolCalls=null], ChatCompletionMessage[rawContent=[{type=text, text=Hello}], role=USER, name=null, toolCallId=null, toolCalls=null]], model=llama3-8b-8192, frequencyPenalty=null, logitBias=null, logprobs=null, topLogprobs=null, maxTokens=null, n=null, presencePenalty=null, responseFormat=null, seed=null, stop=null, stream=false, temperature=0.7, topP=null, tools=null, toolChoice=null, user=null]] as "application/json" with org.springframework.http.converter.json.MappingJackson2HttpMessageConverter
2026-05-29T12:11:34.849+05:30  WARN 18436 --- [EasyRoute_Backend] [http-nio-8080-exec-3] o.s.a.a.r.SpringAiRetryAutoConfiguration : Retry error. Retry count:1

org.springframework.ai.retry.NonTransientAiException: 400 - {"error":{"message":"The model `llama3-8b-8192` has been decommissioned and is no longer supported. Please refer to https://console.groq.com/docs/deprecations for a recommendation on which model to use instead.","type":"invalid_request_error","code":"model_decommissioned"}}

	at org.springframework.ai.autoconfigure.retry.SpringAiRetryAutoConfiguration$2.handleError(SpringAiRetryAutoConfiguration.java:95) ~[spring-ai-spring-boot-autoconfigure-1.0.0-M1.jar:1.0.0-M1]
	at org.springframework.web.client.ResponseErrorHandler.handleError(ResponseErrorHandler.java:63) ~[spring-web-6.1.8.jar:6.1.8]
	at org.springframework.web.client.StatusHandler.lambda$fromErrorHandler$1(StatusHandler.java:71) ~[spring-web-6.1.8.jar:6.1.8]
	at org.springframework.web.client.StatusHandler.handle(StatusHandler.java:146) ~[spring-web-6.1.8.jar:6.1.8]
	at org.springframework.web.client.DefaultRestClient$DefaultResponseSpec.applyStatusHandlers(DefaultRestClient.java:701) ~[spring-web-6.1.8.jar:6.1.8]
	at org.springframework.web.client.DefaultRestClient.readWithMessageConverters(DefaultRestClient.java:200) ~[spring-web-6.1.8.jar:6.1.8]
	at org.springframework.web.client.DefaultRestClient$DefaultResponseSpec.readBody(DefaultRestClient.java:688) ~[spring-web-6.1.8.jar:6.1.8]
	at org.springframework.web.client.DefaultRestClient$DefaultResponseSpec.toEntityInternal(DefaultRestClient.java:658) ~[spring-web-6.1.8.jar:6.1.8]
	at org.springframework.web.client.DefaultRestClient$DefaultResponseSpec.toEntity(DefaultRestClient.java:647) ~[spring-web-6.1.8.jar:6.1.8]
	at org.springframework.ai.openai.api.OpenAiApi.chatCompletionEntity(OpenAiApi.java:778) ~[spring-ai-openai-1.0.0-M1.jar:1.0.0-M1]
	at org.springframework.ai.openai.OpenAiChatModel.doChatCompletion(OpenAiChatModel.java:376) ~[spring-ai-openai-1.0.0-M1.jar:1.0.0-M1]
	at org.springframework.ai.openai.OpenAiChatModel.doChatCompletion(OpenAiChatModel.java:76) ~[spring-ai-openai-1.0.0-M1.jar:1.0.0-M1]
	at org.springframework.ai.model.function.AbstractFunctionCallSupport.callWithFunctionSupport(AbstractFunctionCallSupport.java:127) ~[spring-ai-core-1.0.0-M1.jar:1.0.0-M1]
	at org.springframework.ai.openai.OpenAiChatModel.lambda$call$1(OpenAiChatModel.java:144) ~[spring-ai-openai-1.0.0-M1.jar:1.0.0-M1]
	at org.springframework.retry.support.RetryTemplate.doExecute(RetryTemplate.java:344) ~[spring-retry-2.0.6.jar:na]
	at org.springframework.retry.support.RetryTemplate.execute(RetryTemplate.java:217) ~[spring-retry-2.0.6.jar:na]
	at org.springframework.ai.openai.OpenAiChatModel.call(OpenAiChatModel.java:142) ~[spring-ai-openai-1.0.0-M1.jar:1.0.0-M1]
	at org.springframework.ai.chat.client.ChatClient$ChatClientRequest$CallResponseSpec.doGetChatResponse(ChatClient.java:616) ~[spring-ai-core-1.0.0-M1.jar:1.0.0-M1]
	at org.springframework.ai.chat.client.ChatClient$ChatClientRequest$CallResponseSpec.doGetChatResponse(ChatClient.java:569) ~[spring-ai-core-1.0.0-M1.jar:1.0.0-M1]
	at org.springframework.ai.chat.client.ChatClient$ChatClientRequest$CallResponseSpec.content(ChatClient.java:635) ~[spring-ai-core-1.0.0-M1.jar:1.0.0-M1]
	at com.logistics.platform.service.AiService.getChatResponse(AiService.java:21) ~[classes/:na]
	at com.logistics.platform.controller.AiController.chat(AiController.java:19) ~[classes/:na]
	at java.base/jdk.internal.reflect.NativeMethodAccessorImpl.invoke0(Native Method) ~[na:na]
	at java.base/jdk.internal.reflect.NativeMethodAccessorImpl.invoke(NativeMethodAccessorImpl.java:77) ~[na:na]
	at java.base/jdk.internal.reflect.DelegatingMethodAccessorImpl.invoke(DelegatingMethodAccessorImpl.java:43) ~[na:na]
	at java.base/java.lang.reflect.Method.invoke(Method.java:568) ~[na:na]
	at org.springframework.web.method.support.InvocableHandlerMethod.doInvoke(InvocableHandlerMethod.java:255) ~[spring-web-6.1.8.jar:6.1.8]
	at org.springframework.web.method.support.InvocableHandlerMethod.invokeForRequest(InvocableHandlerMethod.java:188) ~[spring-web-6.1.8.jar:6.1.8]
	at org.springframework.web.servlet.mvc.method.annotation.ServletInvocableHandlerMethod.invokeAndHandle(ServletInvocableHandlerMethod.java:118) ~[spring-webmvc-6.1.8.jar:6.1.8]
	at org.springframework.web.servlet.mvc.method.annotation.RequestMappingHandlerAdapter.invokeHandlerMethod(RequestMappingHandlerAdapter.java:926) ~[spring-webmvc-6.1.8.jar:6.1.8]
	at org.springframework.web.servlet.mvc.method.annotation.RequestMappingHandlerAdapter.handleInternal(RequestMappingHandlerAdapter.java:831) ~[spring-webmvc-6.1.8.jar:6.1.8]
	at org.springframework.web.servlet.mvc.method.AbstractHandlerMethodAdapter.handle(AbstractHandlerMethodAdapter.java:87) ~[spring-webmvc-6.1.8.jar:6.1.8]
	at org.springframework.web.servlet.DispatcherServlet.doDispatch(DispatcherServlet.java:1089) ~[spring-webmvc-6.1.8.jar:6.1.8]
	at org.springframework.web.servlet.DispatcherServlet.doService(DispatcherServlet.java:979) ~[spring-webmvc-6.1.8.jar:6.1.8]
	at org.springframework.web.servlet.FrameworkServlet.processRequest(FrameworkServlet.java:1014) ~[spring-webmvc-6.1.8.jar:6.1.8]
	at org.springframework.web.servlet.FrameworkServlet.doGet(FrameworkServlet.java:903) ~[spring-webmvc-6.1.8.jar:6.1.8]
	at jakarta.servlet.http.HttpServlet.service(HttpServlet.java:564) ~[tomcat-embed-core-10.1.24.jar:6.0]
	at org.springframework.web.servlet.FrameworkServlet.service(FrameworkServlet.java:885) ~[spring-webmvc-6.1.8.jar:6.1.8]
	at jakarta.servlet.http.HttpServlet.service(HttpServlet.java:658) ~[tomcat-embed-core-10.1.24.jar:6.0]
	at org.apache.catalina.core.ApplicationFilterChain.internalDoFilter(ApplicationFilterChain.java:195) ~[tomcat-embed-core-10.1.24.jar:10.1.24]
	at org.apache.catalina.core.ApplicationFilterChain.doFilter(ApplicationFilterChain.java:140) ~[tomcat-embed-core-10.1.24.jar:10.1.24]
	at org.apache.tomcat.websocket.server.WsFilter.doFilter(WsFilter.java:51) ~[tomcat-embed-websocket-10.1.24.jar:10.1.24]
	at org.apache.catalina.core.ApplicationFilterChain.internalDoFilter(ApplicationFilterChain.java:164) ~[tomcat-embed-core-10.1.24.jar:10.1.24]
	at org.apache.catalina.core.ApplicationFilterChain.doFilter(ApplicationFilterChain.java:140) ~[tomcat-embed-core-10.1.24.jar:10.1.24]
	at org.springframework.web.filter.OncePerRequestFilter.doFilter(OncePerRequestFilter.java:110) ~[spring-web-6.1.8.jar:6.1.8]
	at org.apache.catalina.core.ApplicationFilterChain.internalDoFilter(ApplicationFilterChain.java:164) ~[tomcat-embed-core-10.1.24.jar:10.1.24]
	at org.apache.catalina.core.ApplicationFilterChain.doFilter(ApplicationFilterChain.java:140) ~[tomcat-embed-core-10.1.24.jar:10.1.24]
	at org.springframework.web.filter.CompositeFilter$VirtualFilterChain.doFilter(CompositeFilter.java:108) ~[spring-web-6.1.8.jar:6.1.8]
	at org.springframework.security.web.FilterChainProxy.lambda$doFilterInternal$3(FilterChainProxy.java:231) ~[spring-security-web-6.3.0.jar:6.3.0]
	at org.springframework.security.web.FilterChainProxy$VirtualFilterChain.doFilter(FilterChainProxy.java:365) ~[spring-security-web-6.3.0.jar:6.3.0]
	at org.springframework.security.web.access.intercept.AuthorizationFilter.doFilter(AuthorizationFilter.java:100) ~[spring-security-web-6.3.0.jar:6.3.0]
	at org.springframework.security.web.FilterChainProxy$VirtualFilterChain.doFilter(FilterChainProxy.java:374) ~[spring-security-web-6.3.0.jar:6.3.0]
	at org.springframework.security.web.access.ExceptionTranslationFilter.doFilter(ExceptionTranslationFilter.java:126) ~[spring-security-web-6.3.0.jar:6.3.0]
	at org.springframework.security.web.access.ExceptionTranslationFilter.doFilter(ExceptionTranslationFilter.java:120) ~[spring-security-web-6.3.0.jar:6.3.0]
	at org.springframework.security.web.FilterChainProxy$VirtualFilterChain.doFilter(FilterChainProxy.java:374) ~[spring-security-web-6.3.0.jar:6.3.0]
	at org.springframework.security.web.session.SessionManagementFilter.doFilter(SessionManagementFilter.java:131) ~[spring-security-web-6.3.0.jar:6.3.0]
	at org.springframework.security.web.session.SessionManagementFilter.doFilter(SessionManagementFilter.java:85) ~[spring-security-web-6.3.0.jar:6.3.0]
	at org.springframework.security.web.FilterChainProxy$VirtualFilterChain.doFilter(FilterChainProxy.java:374) ~[spring-security-web-6.3.0.jar:6.3.0]
	at org.springframework.security.web.authentication.AnonymousAuthenticationFilter.doFilter(AnonymousAuthenticationFilter.java:100) ~[spring-security-web-6.3.0.jar:6.3.0]
	at org.springframework.security.web.FilterChainProxy$VirtualFilterChain.doFilter(FilterChainProxy.java:374) ~[spring-security-web-6.3.0.jar:6.3.0]
	at org.springframework.security.web.servletapi.SecurityContextHolderAwareRequestFilter.doFilter(SecurityContextHolderAwareRequestFilter.java:179) ~[spring-security-web-6.3.0.jar:6.3.0]
	at org.springframework.security.web.FilterChainProxy$VirtualFilterChain.doFilter(FilterChainProxy.java:374) ~[spring-security-web-6.3.0.jar:6.3.0]
	at org.springframework.security.web.savedrequest.RequestCacheAwareFilter.doFilter(RequestCacheAwareFilter.java:63) ~[spring-security-web-6.3.0.jar:6.3.0]
	at org.springframework.security.web.FilterChainProxy$VirtualFilterChain.doFilter(FilterChainProxy.java:374) ~[spring-security-web-6.3.0.jar:6.3.0]
	at com.logistics.platform.security.JwtAuthenticationFilter.doFilterInternal(JwtAuthenticationFilter.java:45) ~[classes/:na]
	at org.springframework.web.filter.OncePerRequestFilter.doFilter(OncePerRequestFilter.java:116) ~[spring-web-6.1.8.jar:6.1.8]
	at org.springframework.security.web.FilterChainProxy$VirtualFilterChain.doFilter(FilterChainProxy.java:374) ~[spring-security-web-6.3.0.jar:6.3.0]
	at org.springframework.security.web.authentication.logout.LogoutFilter.doFilter(LogoutFilter.java:107) ~[spring-security-web-6.3.0.jar:6.3.0]
	at org.springframework.security.web.authentication.logout.LogoutFilter.doFilter(LogoutFilter.java:93) ~[spring-security-web-6.3.0.jar:6.3.0]
	at org.springframework.security.web.FilterChainProxy$VirtualFilterChain.doFilter(FilterChainProxy.java:374) ~[spring-security-web-6.3.0.jar:6.3.0]
	at org.springframework.web.filter.CorsFilter.doFilterInternal(CorsFilter.java:91) ~[spring-web-6.1.8.jar:6.1.8]
	at org.springframework.web.filter.OncePerRequestFilter.doFilter(OncePerRequestFilter.java:116) ~[spring-web-6.1.8.jar:6.1.8]
	at org.springframework.security.web.FilterChainProxy$VirtualFilterChain.doFilter(FilterChainProxy.java:374) ~[spring-security-web-6.3.0.jar:6.3.0]
	at org.springframework.security.web.header.HeaderWriterFilter.doHeadersAfter(HeaderWriterFilter.java:90) ~[spring-security-web-6.3.0.jar:6.3.0]
	at org.springframework.security.web.header.HeaderWriterFilter.doFilterInternal(HeaderWriterFilter.java:75) ~[spring-security-web-6.3.0.jar:6.3.0]
	at org.springframework.web.filter.OncePerRequestFilter.doFilter(OncePerRequestFilter.java:116) ~[spring-web-6.1.8.jar:6.1.8]
	at org.springframework.security.web.FilterChainProxy$VirtualFilterChain.doFilter(FilterChainProxy.java:374) ~[spring-security-web-6.3.0.jar:6.3.0]
	at org.springframework.security.web.context.SecurityContextHolderFilter.doFilter(SecurityContextHolderFilter.java:82) ~[spring-security-web-6.3.0.jar:6.3.0]
	at org.springframework.security.web.context.SecurityContextHolderFilter.doFilter(SecurityContextHolderFilter.java:69) ~[spring-security-web-6.3.0.jar:6.3.0]
	at org.springframework.security.web.FilterChainProxy$VirtualFilterChain.doFilter(FilterChainProxy.java:374) ~[spring-security-web-6.3.0.jar:6.3.0]
	at org.springframework.security.web.context.request.async.WebAsyncManagerIntegrationFilter.doFilterInternal(WebAsyncManagerIntegrationFilter.java:62) ~[spring-security-web-6.3.0.jar:6.3.0]
	at org.springframework.web.filter.OncePerRequestFilter.doFilter(OncePerRequestFilter.java:116) ~[spring-web-6.1.8.jar:6.1.8]
	at org.springframework.security.web.FilterChainProxy$VirtualFilterChain.doFilter(FilterChainProxy.java:374) ~[spring-security-web-6.3.0.jar:6.3.0]
	at org.springframework.security.web.session.DisableEncodeUrlFilter.doFilterInternal(DisableEncodeUrlFilter.java:42) ~[spring-security-web-6.3.0.jar:6.3.0]
	at org.springframework.web.filter.OncePerRequestFilter.doFilter(OncePerRequestFilter.java:116) ~[spring-web-6.1.8.jar:6.1.8]
	at org.springframework.security.web.FilterChainProxy$VirtualFilterChain.doFilter(FilterChainProxy.java:374) ~[spring-security-web-6.3.0.jar:6.3.0]
	at org.springframework.security.web.FilterChainProxy.doFilterInternal(FilterChainProxy.java:233) ~[spring-security-web-6.3.0.jar:6.3.0]
	at org.springframework.security.web.FilterChainProxy.doFilter(FilterChainProxy.java:191) ~[spring-security-web-6.3.0.jar:6.3.0]
	at org.springframework.web.filter.CompositeFilter$VirtualFilterChain.doFilter(CompositeFilter.java:113) ~[spring-web-6.1.8.jar:6.1.8]
	at org.springframework.web.servlet.handler.HandlerMappingIntrospector.lambda$createCacheFilter$3(HandlerMappingIntrospector.java:195) ~[spring-webmvc-6.1.8.jar:6.1.8]
	at org.springframework.web.filter.CompositeFilter$VirtualFilterChain.doFilter(CompositeFilter.java:113) ~[spring-web-6.1.8.jar:6.1.8]
	at org.springframework.web.filter.CompositeFilter.doFilter(CompositeFilter.java:74) ~[spring-web-6.1.8.jar:6.1.8]
	at org.springframework.security.config.annotation.web.configuration.WebMvcSecurityConfiguration$CompositeFilterChainProxy.doFilter(WebMvcSecurityConfiguration.java:230) ~[spring-security-config-6.3.0.jar:6.3.0]
	at org.springframework.web.filter.DelegatingFilterProxy.invokeDelegate(DelegatingFilterProxy.java:352) ~[spring-web-6.1.8.jar:6.1.8]
	at org.springframework.web.filter.DelegatingFilterProxy.doFilter(DelegatingFilterProxy.java:268) ~[spring-web-6.1.8.jar:6.1.8]
	at org.apache.catalina.core.ApplicationFilterChain.internalDoFilter(ApplicationFilterChain.java:164) ~[tomcat-embed-core-10.1.24.jar:10.1.24]
	at org.apache.catalina.core.ApplicationFilterChain.doFilter(ApplicationFilterChain.java:140) ~[tomcat-embed-core-10.1.24.jar:10.1.24]
	at org.springframework.web.filter.RequestContextFilter.doFilterInternal(RequestContextFilter.java:100) ~[spring-web-6.1.8.jar:6.1.8]
	at org.springframework.web.filter.OncePerRequestFilter.doFilter(OncePerRequestFilter.java:116) ~[spring-web-6.1.8.jar:6.1.8]
	at org.apache.catalina.core.ApplicationFilterChain.internalDoFilter(ApplicationFilterChain.java:164) ~[tomcat-embed-core-10.1.24.jar:10.1.24]
	at org.apache.catalina.core.ApplicationFilterChain.doFilter(ApplicationFilterChain.java:140) ~[tomcat-embed-core-10.1.24.jar:10.1.24]
	at org.springframework.web.filter.FormContentFilter.doFilterInternal(FormContentFilter.java:93) ~[spring-web-6.1.8.jar:6.1.8]
	at org.springframework.web.filter.OncePerRequestFilter.doFilter(OncePerRequestFilter.java:116) ~[spring-web-6.1.8.jar:6.1.8]
	at org.apache.catalina.core.ApplicationFilterChain.internalDoFilter(ApplicationFilterChain.java:164) ~[tomcat-embed-core-10.1.24.jar:10.1.24]
	at org.apache.catalina.core.ApplicationFilterChain.doFilter(ApplicationFilterChain.java:140) ~[tomcat-embed-core-10.1.24.jar:10.1.24]
	at org.springframework.web.filter.CharacterEncodingFilter.doFilterInternal(CharacterEncodingFilter.java:201) ~[spring-web-6.1.8.jar:6.1.8]
	at org.springframework.web.filter.OncePerRequestFilter.doFilter(OncePerRequestFilter.java:116) ~[spring-web-6.1.8.jar:6.1.8]
	at org.apache.catalina.core.ApplicationFilterChain.internalDoFilter(ApplicationFilterChain.java:164) ~[tomcat-embed-core-10.1.24.jar:10.1.24]
	at org.apache.catalina.core.ApplicationFilterChain.doFilter(ApplicationFilterChain.java:140) ~[tomcat-embed-core-10.1.24.jar:10.1.24]
	at org.apache.catalina.core.StandardWrapperValve.invoke(StandardWrapperValve.java:167) ~[tomcat-embed-core-10.1.24.jar:10.1.24]
	at org.apache.catalina.core.StandardContextValve.invoke(StandardContextValve.java:90) ~[tomcat-embed-core-10.1.24.jar:10.1.24]
	at org.apache.catalina.authenticator.AuthenticatorBase.invoke(AuthenticatorBase.java:482) ~[tomcat-embed-core-10.1.24.jar:10.1.24]
	at org.apache.catalina.core.StandardHostValve.invoke(StandardHostValve.java:115) ~[tomcat-embed-core-10.1.24.jar:10.1.24]
	at org.apache.catalina.valves.ErrorReportValve.invoke(ErrorReportValve.java:93) ~[tomcat-embed-core-10.1.24.jar:10.1.24]
	at org.apache.catalina.core.StandardEngineValve.invoke(StandardEngineValve.java:74) ~[tomcat-embed-core-10.1.24.jar:10.1.24]
	at org.apache.catalina.connector.CoyoteAdapter.service(CoyoteAdapter.java:344) ~[tomcat-embed-core-10.1.24.jar:10.1.24]
	at org.apache.coyote.http11.Http11Processor.service(Http11Processor.java:389) ~[tomcat-embed-core-10.1.24.jar:10.1.24]
	at org.apache.coyote.AbstractProcessorLight.process(AbstractProcessorLight.java:63) ~[tomcat-embed-core-10.1.24.jar:10.1.24]
	at org.apache.coyote.AbstractProtocol$ConnectionHandler.process(AbstractProtocol.java:896) ~[tomcat-embed-core-10.1.24.jar:10.1.24]
	at org.apache.tomcat.util.net.NioEndpoint$SocketProcessor.doRun(NioEndpoint.java:1741) ~[tomcat-embed-core-10.1.24.jar:10.1.24]
	at org.apache.tomcat.util.net.SocketProcessorBase.run(SocketProcessorBase.java:52) ~[tomcat-embed-core-10.1.24.jar:10.1.24]
	at org.apache.tomcat.util.threads.ThreadPoolExecutor.runWorker(ThreadPoolExecutor.java:1190) ~[tomcat-embed-core-10.1.24.jar:10.1.24]
	at org.apache.tomcat.util.threads.ThreadPoolExecutor$Worker.run(ThreadPoolExecutor.java:659) ~[tomcat-embed-core-10.1.24.jar:10.1.24]
	at org.apache.tomcat.util.threads.TaskThread$WrappingRunnable.run(TaskThread.java:63) ~[tomcat-embed-core-10.1.24.jar:10.1.24]
	at java.base/java.lang.Thread.run(Thread.java:840) ~[na:na]

2026-05-29T12:11:36.868+05:30 DEBUG 18436 --- [EasyRoute_Backend] [http-nio-8080-exec-3] o.s.web.client.DefaultRestClient         : Writing [ChatCompletionRequest[messages=[ChatCompletionMessage[rawContent=[{type=text, text=You are an expert Logistics and Supply Chain Assistant. You help users with shipping, warehousing, inventory management, and transportation queries. Provide concise, professional, and accurate answers.}], role=SYSTEM, name=null, toolCallId=null, toolCalls=null], ChatCompletionMessage[rawContent=[{type=text, text=Hello}], role=USER, name=null, toolCallId=null, toolCalls=null]], model=llama3-8b-8192, frequencyPenalty=null, logitBias=null, logprobs=null, topLogprobs=null, maxTokens=null, n=null, presencePenalty=null, responseFormat=null, seed=null, stop=null, stream=false, temperature=0.7, topP=null, tools=null, toolChoice=null, user=null]] as "application/json" with org.springframework.http.converter.json.MappingJackson2HttpMessageConverter
2026-05-29T12:11:37.178+05:30  WARN 18436 --- [EasyRoute_Backend] [http-nio-8080-exec-3] o.s.a.a.r.SpringAiRetryAutoConfiguration : Retry error. Retry count:2

org.springframework.ai.retry.NonTransientAiException: 400 - {"error":{"message":"The model `llama3-8b-8192` has been decommissioned and is no longer supported. Please refer to https://console.groq.com/docs/deprecations for a recommendation on which model to use instead.","type":"invalid_request_error","code":"model_decommissioned"}}

	at org.springframework.ai.autoconfigure.retry.SpringAiRetryAutoConfiguration$2.handleError(SpringAiRetryAutoConfiguration.java:95) ~[spring-ai-spring-boot-autoconfigure-1.0.0-M1.jar:1.0.0-M1]
	at org.springframework.web.client.ResponseErrorHandler.handleError(ResponseErrorHandler.java:63) ~[spring-web-6.1.8.jar:6.1.8]
	at org.springframework.web.client.StatusHandler.lambda$fromErrorHandler$1(StatusHandler.java:71) ~[spring-web-6.1.8.jar:6.1.8]
	at org.springframework.web.client.StatusHandler.handle(StatusHandler.java:146) ~[spring-web-6.1.8.jar:6.1.8]
	at org.springframework.web.client.DefaultRestClient$DefaultResponseSpec.applyStatusHandlers(DefaultRestClient.java:701) ~[spring-web-6.1.8.jar:6.1.8]
	at org.springframework.web.client.DefaultRestClient.readWithMessageConverters(DefaultRestClient.java:200) ~[spring-web-6.1.8.jar:6.1.8]
	at org.springframework.web.client.DefaultRestClient$DefaultResponseSpec.readBody(DefaultRestClient.java:688) ~[spring-web-6.1.8.jar:6.1.8]
	at org.springframework.web.client.DefaultRestClient$DefaultResponseSpec.toEntityInternal(DefaultRestClient.java:658) ~[spring-web-6.1.8.jar:6.1.8]
	at org.springframework.web.client.DefaultRestClient$DefaultResponseSpec.toEntity(DefaultRestClient.java:647) ~[spring-web-6.1.8.jar:6.1.8]
	at org.springframework.ai.openai.api.OpenAiApi.chatCompletionEntity(OpenAiApi.java:778) ~[spring-ai-openai-1.0.0-M1.jar:1.0.0-M1]
	at org.springframework.ai.openai.OpenAiChatModel.doChatCompletion(OpenAiChatModel.java:376) ~[spring-ai-openai-1.0.0-M1.jar:1.0.0-M1]
	at org.springframework.ai.openai.OpenAiChatModel.doChatCompletion(OpenAiChatModel.java:76) ~[spring-ai-openai-1.0.0-M1.jar:1.0.0-M1]
	at org.springframework.ai.model.function.AbstractFunctionCallSupport.callWithFunctionSupport(AbstractFunctionCallSupport.java:127) ~[spring-ai-core-1.0.0-M1.jar:1.0.0-M1]
	at org.springframework.ai.openai.OpenAiChatModel.lambda$call$1(OpenAiChatModel.java:144) ~[spring-ai-openai-1.0.0-M1.jar:1.0.0-M1]
	at org.springframework.retry.support.RetryTemplate.doExecute(RetryTemplate.java:344) ~[spring-retry-2.0.6.jar:na]
	at org.springframework.retry.support.RetryTemplate.execute(RetryTemplate.java:217) ~[spring-retry-2.0.6.jar:na]
	at org.springframework.ai.openai.OpenAiChatModel.call(OpenAiChatModel.java:142) ~[spring-ai-openai-1.0.0-M1.jar:1.0.0-M1]
	at org.springframework.ai.chat.client.ChatClient$ChatClientRequest$CallResponseSpec.doGetChatResponse(ChatClient.java:616) ~[spring-ai-core-1.0.0-M1.jar:1.0.0-M1]
	at org.springframework.ai.chat.client.ChatClient$ChatClientRequest$CallResponseSpec.doGetChatResponse(ChatClient.java:569) ~[spring-ai-core-1.0.0-M1.jar:1.0.0-M1]
	at org.springframework.ai.chat.client.ChatClient$ChatClientRequest$CallResponseSpec.content(ChatClient.java:635) ~[spring-ai-core-1.0.0-M1.jar:1.0.0-M1]
	at com.logistics.platform.service.AiService.getChatResponse(AiService.java:21) ~[classes/:na]
	at com.logistics.platform.controller.AiController.chat(AiController.java:19) ~[classes/:na]
	at java.base/jdk.internal.reflect.NativeMethodAccessorImpl.invoke0(Native Method) ~[na:na]
	at java.base/jdk.internal.reflect.NativeMethodAccessorImpl.invoke(NativeMethodAccessorImpl.java:77) ~[na:na]
	at java.base/jdk.internal.reflect.DelegatingMethodAccessorImpl.invoke(DelegatingMethodAccessorImpl.java:43) ~[na:na]
	at java.base/java.lang.reflect.Method.invoke(Method.java:568) ~[na:na]
	at org.springframework.web.method.support.InvocableHandlerMethod.doInvoke(InvocableHandlerMethod.java:255) ~[spring-web-6.1.8.jar:6.1.8]
	at org.springframework.web.method.support.InvocableHandlerMethod.invokeForRequest(InvocableHandlerMethod.java:188) ~[spring-web-6.1.8.jar:6.1.8]
	at org.springframework.web.servlet.mvc.method.annotation.ServletInvocableHandlerMethod.invokeAndHandle(ServletInvocableHandlerMethod.java:118) ~[spring-webmvc-6.1.8.jar:6.1.8]
	at org.springframework.web.servlet.mvc.method.annotation.RequestMappingHandlerAdapter.invokeHandlerMethod(RequestMappingHandlerAdapter.java:926) ~[spring-webmvc-6.1.8.jar:6.1.8]
	at org.springframework.web.servlet.mvc.method.annotation.RequestMappingHandlerAdapter.handleInternal(RequestMappingHandlerAdapter.java:831) ~[spring-webmvc-6.1.8.jar:6.1.8]
	at org.springframework.web.servlet.mvc.method.AbstractHandlerMethodAdapter.handle(AbstractHandlerMethodAdapter.java:87) ~[spring-webmvc-6.1.8.jar:6.1.8]
	at org.springframework.web.servlet.DispatcherServlet.doDispatch(DispatcherServlet.java:1089) ~[spring-webmvc-6.1.8.jar:6.1.8]
	at org.springframework.web.servlet.DispatcherServlet.doService(DispatcherServlet.java:979) ~[spring-webmvc-6.1.8.jar:6.1.8]
	at org.springframework.web.servlet.FrameworkServlet.processRequest(FrameworkServlet.java:1014) ~[spring-webmvc-6.1.8.jar:6.1.8]
	at org.springframework.web.servlet.FrameworkServlet.doGet(FrameworkServlet.java:903) ~[spring-webmvc-6.1.8.jar:6.1.8]
	at jakarta.servlet.http.HttpServlet.service(HttpServlet.java:564) ~[tomcat-embed-core-10.1.24.jar:6.0]
	at org.springframework.web.servlet.FrameworkServlet.service(FrameworkServlet.java:885) ~[spring-webmvc-6.1.8.jar:6.1.8]
	at jakarta.servlet.http.HttpServlet.service(HttpServlet.java:658) ~[tomcat-embed-core-10.1.24.jar:6.0]
	at org.apache.catalina.core.ApplicationFilterChain.internalDoFilter(ApplicationFilterChain.java:195) ~[tomcat-embed-core-10.1.24.jar:10.1.24]
	at org.apache.catalina.core.ApplicationFilterChain.doFilter(ApplicationFilterChain.java:140) ~[tomcat-embed-core-10.1.24.jar:10.1.24]
	at org.apache.tomcat.websocket.server.WsFilter.doFilter(WsFilter.java:51) ~[tomcat-embed-websocket-10.1.24.jar:10.1.24]
	at org.apache.catalina.core.ApplicationFilterChain.internalDoFilter(ApplicationFilterChain.java:164) ~[tomcat-embed-core-10.1.24.jar:10.1.24]
	at org.apache.catalina.core.ApplicationFilterChain.doFilter(ApplicationFilterChain.java:140) ~[tomcat-embed-core-10.1.24.jar:10.1.24]
	at org.springframework.web.filter.OncePerRequestFilter.doFilter(OncePerRequestFilter.java:110) ~[spring-web-6.1.8.jar:6.1.8]
	at org.apache.catalina.core.ApplicationFilterChain.internalDoFilter(ApplicationFilterChain.java:164) ~[tomcat-embed-core-10.1.24.jar:10.1.24]
	at org.apache.catalina.core.ApplicationFilterChain.doFilter(ApplicationFilterChain.java:140) ~[tomcat-embed-core-10.1.24.jar:10.1.24]
	at org.springframework.web.filter.CompositeFilter$VirtualFilterChain.doFilter(CompositeFilter.java:108) ~[spring-web-6.1.8.jar:6.1.8]
	at org.springframework.security.web.FilterChainProxy.lambda$doFilterInternal$3(FilterChainProxy.java:231) ~[spring-security-web-6.3.0.jar:6.3.0]
	at org.springframework.security.web.FilterChainProxy$VirtualFilterChain.doFilter(FilterChainProxy.java:365) ~[spring-security-web-6.3.0.jar:6.3.0]
	at org.springframework.security.web.access.intercept.AuthorizationFilter.doFilter(AuthorizationFilter.java:100) ~[spring-security-web-6.3.0.jar:6.3.0]
	at org.springframework.security.web.FilterChainProxy$VirtualFilterChain.doFilter(FilterChainProxy.java:374) ~[spring-security-web-6.3.0.jar:6.3.0]
	at org.springframework.security.web.access.ExceptionTranslationFilter.doFilter(ExceptionTranslationFilter.java:126) ~[spring-security-web-6.3.0.jar:6.3.0]
	at org.springframework.security.web.access.ExceptionTranslationFilter.doFilter(ExceptionTranslationFilter.java:120) ~[spring-security-web-6.3.0.jar:6.3.0]
	at org.springframework.security.web.FilterChainProxy$VirtualFilterChain.doFilter(FilterChainProxy.java:374) ~[spring-security-web-6.3.0.jar:6.3.0]
	at org.springframework.security.web.session.SessionManagementFilter.doFilter(SessionManagementFilter.java:131) ~[spring-security-web-6.3.0.jar:6.3.0]
	at org.springframework.security.web.session.SessionManagementFilter.doFilter(SessionManagementFilter.java:85) ~[spring-security-web-6.3.0.jar:6.3.0]
	at org.springframework.security.web.FilterChainProxy$VirtualFilterChain.doFilter(FilterChainProxy.java:374) ~[spring-security-web-6.3.0.jar:6.3.0]
	at org.springframework.security.web.authentication.AnonymousAuthenticationFilter.doFilter(AnonymousAuthenticationFilter.java:100) ~[spring-security-web-6.3.0.jar:6.3.0]
	at org.springframework.security.web.FilterChainProxy$VirtualFilterChain.doFilter(FilterChainProxy.java:374) ~[spring-security-web-6.3.0.jar:6.3.0]
	at org.springframework.security.web.servletapi.SecurityContextHolderAwareRequestFilter.doFilter(SecurityContextHolderAwareRequestFilter.java:179) ~[spring-security-web-6.3.0.jar:6.3.0]
	at org.springframework.security.web.FilterChainProxy$VirtualFilterChain.doFilter(FilterChainProxy.java:374) ~[spring-security-web-6.3.0.jar:6.3.0]
	at org.springframework.security.web.savedrequest.RequestCacheAwareFilter.doFilter(RequestCacheAwareFilter.java:63) ~[spring-security-web-6.3.0.jar:6.3.0]
	at org.springframework.security.web.FilterChainProxy$VirtualFilterChain.doFilter(FilterChainProxy.java:374) ~[spring-security-web-6.3.0.jar:6.3.0]
	at com.logistics.platform.security.JwtAuthenticationFilter.doFilterInternal(JwtAuthenticationFilter.java:45) ~[classes/:na]
	at org.springframework.web.filter.OncePerRequestFilter.doFilter(OncePerRequestFilter.java:116) ~[spring-web-6.1.8.jar:6.1.8]
	at org.springframework.security.web.FilterChainProxy$VirtualFilterChain.doFilter(FilterChainProxy.java:374) ~[spring-security-web-6.3.0.jar:6.3.0]
	at org.springframework.security.web.authentication.logout.LogoutFilter.doFilter(LogoutFilter.java:107) ~[spring-security-web-6.3.0.jar:6.3.0]
	at org.springframework.security.web.authentication.logout.LogoutFilter.doFilter(LogoutFilter.java:93) ~[spring-security-web-6.3.0.jar:6.3.0]
	at org.springframework.security.web.FilterChainProxy$VirtualFilterChain.doFilter(FilterChainProxy.java:374) ~[spring-security-web-6.3.0.jar:6.3.0]
	at org.springframework.web.filter.CorsFilter.doFilterInternal(CorsFilter.java:91) ~[spring-web-6.1.8.jar:6.1.8]
	at org.springframework.web.filter.OncePerRequestFilter.doFilter(OncePerRequestFilter.java:116) ~[spring-web-6.1.8.jar:6.1.8]
	at org.springframework.security.web.FilterChainProxy$VirtualFilterChain.doFilter(FilterChainProxy.java:374) ~[spring-security-web-6.3.0.jar:6.3.0]
	at org.springframework.security.web.header.HeaderWriterFilter.doHeadersAfter(HeaderWriterFilter.java:90) ~[spring-security-web-6.3.0.jar:6.3.0]
	at org.springframework.security.web.header.HeaderWriterFilter.doFilterInternal(HeaderWriterFilter.java:75) ~[spring-security-web-6.3.0.jar:6.3.0]
	at org.springframework.web.filter.OncePerRequestFilter.doFilter(OncePerRequestFilter.java:116) ~[spring-web-6.1.8.jar:6.1.8]
	at org.springframework.security.web.FilterChainProxy$VirtualFilterChain.doFilter(FilterChainProxy.java:374) ~[spring-security-web-6.3.0.jar:6.3.0]
	at org.springframework.security.web.context.SecurityContextHolderFilter.doFilter(SecurityContextHolderFilter.java:82) ~[spring-security-web-6.3.0.jar:6.3.0]
	at org.springframework.security.web.context.SecurityContextHolderFilter.doFilter(SecurityContextHolderFilter.java:69) ~[spring-security-web-6.3.0.jar:6.3.0]
	at org.springframework.security.web.FilterChainProxy$VirtualFilterChain.doFilter(FilterChainProxy.java:374) ~[spring-security-web-6.3.0.jar:6.3.0]
	at org.springframework.security.web.context.request.async.WebAsyncManagerIntegrationFilter.doFilterInternal(WebAsyncManagerIntegrationFilter.java:62) ~[spring-security-web-6.3.0.jar:6.3.0]
	at org.springframework.web.filter.OncePerRequestFilter.doFilter(OncePerRequestFilter.java:116) ~[spring-web-6.1.8.jar:6.1.8]
	at org.springframework.security.web.FilterChainProxy$VirtualFilterChain.doFilter(FilterChainProxy.java:374) ~[spring-security-web-6.3.0.jar:6.3.0]
	at org.springframework.security.web.session.DisableEncodeUrlFilter.doFilterInternal(DisableEncodeUrlFilter.java:42) ~[spring-security-web-6.3.0.jar:6.3.0]
	at org.springframework.web.filter.OncePerRequestFilter.doFilter(OncePerRequestFilter.java:116) ~[spring-web-6.1.8.jar:6.1.8]
	at org.springframework.security.web.FilterChainProxy$VirtualFilterChain.doFilter(FilterChainProxy.java:374) ~[spring-security-web-6.3.0.jar:6.3.0]
	at org.springframework.security.web.FilterChainProxy.doFilterInternal(FilterChainProxy.java:233) ~[spring-security-web-6.3.0.jar:6.3.0]
	at org.springframework.security.web.FilterChainProxy.doFilter(FilterChainProxy.java:191) ~[spring-security-web-6.3.0.jar:6.3.0]
	at org.springframework.web.filter.CompositeFilter$VirtualFilterChain.doFilter(CompositeFilter.java:113) ~[spring-web-6.1.8.jar:6.1.8]
	at org.springframework.web.servlet.handler.HandlerMappingIntrospector.lambda$createCacheFilter$3(HandlerMappingIntrospector.java:195) ~[spring-webmvc-6.1.8.jar:6.1.8]
	at org.springframework.web.filter.CompositeFilter$VirtualFilterChain.doFilter(CompositeFilter.java:113) ~[spring-web-6.1.8.jar:6.1.8]
	at org.springframework.web.filter.CompositeFilter.doFilter(CompositeFilter.java:74) ~[spring-web-6.1.8.jar:6.1.8]
	at org.springframework.security.config.annotation.web.configuration.WebMvcSecurityConfiguration$CompositeFilterChainProxy.doFilter(WebMvcSecurityConfiguration.java:230) ~[spring-security-config-6.3.0.jar:6.3.0]
	at org.springframework.web.filter.DelegatingFilterProxy.invokeDelegate(DelegatingFilterProxy.java:352) ~[spring-web-6.1.8.jar:6.1.8]
	at org.springframework.web.filter.DelegatingFilterProxy.doFilter(DelegatingFilterProxy.java:268) ~[spring-web-6.1.8.jar:6.1.8]
	at org.apache.catalina.core.ApplicationFilterChain.internalDoFilter(ApplicationFilterChain.java:164) ~[tomcat-embed-core-10.1.24.jar:10.1.24]
	at org.apache.catalina.core.ApplicationFilterChain.doFilter(ApplicationFilterChain.java:140) ~[tomcat-embed-core-10.1.24.jar:10.1.24]
	at org.springframework.web.filter.RequestContextFilter.doFilterInternal(RequestContextFilter.java:100) ~[spring-web-6.1.8.jar:6.1.8]
	at org.springframework.web.filter.OncePerRequestFilter.doFilter(OncePerRequestFilter.java:116) ~[spring-web-6.1.8.jar:6.1.8]
	at org.apache.catalina.core.ApplicationFilterChain.internalDoFilter(ApplicationFilterChain.java:164) ~[tomcat-embed-core-10.1.24.jar:10.1.24]
	at org.apache.catalina.core.ApplicationFilterChain.doFilter(ApplicationFilterChain.java:140) ~[tomcat-embed-core-10.1.24.jar:10.1.24]
	at org.springframework.web.filter.FormContentFilter.doFilterInternal(FormContentFilter.java:93) ~[spring-web-6.1.8.jar:6.1.8]
	at org.springframework.web.filter.OncePerRequestFilter.doFilter(OncePerRequestFilter.java:116) ~[spring-web-6.1.8.jar:6.1.8]
	at org.apache.catalina.core.ApplicationFilterChain.internalDoFilter(ApplicationFilterChain.java:164) ~[tomcat-embed-core-10.1.24.jar:10.1.24]
	at org.apache.catalina.core.ApplicationFilterChain.doFilter(ApplicationFilterChain.java:140) ~[tomcat-embed-core-10.1.24.jar:10.1.24]
	at org.springframework.web.filter.CharacterEncodingFilter.doFilterInternal(CharacterEncodingFilter.java:201) ~[spring-web-6.1.8.jar:6.1.8]
	at org.springframework.web.filter.OncePerRequestFilter.doFilter(OncePerRequestFilter.java:116) ~[spring-web-6.1.8.jar:6.1.8]
	at org.apache.catalina.core.ApplicationFilterChain.internalDoFilter(ApplicationFilterChain.java:164) ~[tomcat-embed-core-10.1.24.jar:10.1.24]
	at org.apache.catalina.core.ApplicationFilterChain.doFilter(ApplicationFilterChain.java:140) ~[tomcat-embed-core-10.1.24.jar:10.1.24]
	at org.apache.catalina.core.StandardWrapperValve.invoke(StandardWrapperValve.java:167) ~[tomcat-embed-core-10.1.24.jar:10.1.24]
	at org.apache.catalina.core.StandardContextValve.invoke(StandardContextValve.java:90) ~[tomcat-embed-core-10.1.24.jar:10.1.24]
	at org.apache.catalina.authenticator.AuthenticatorBase.invoke(AuthenticatorBase.java:482) ~[tomcat-embed-core-10.1.24.jar:10.1.24]
	at org.apache.catalina.core.StandardHostValve.invoke(StandardHostValve.java:115) ~[tomcat-embed-core-10.1.24.jar:10.1.24]
	at org.apache.catalina.valves.ErrorReportValve.invoke(ErrorReportValve.java:93) ~[tomcat-embed-core-10.1.24.jar:10.1.24]
	at org.apache.catalina.core.StandardEngineValve.invoke(StandardEngineValve.java:74) ~[tomcat-embed-core-10.1.24.jar:10.1.24]
	at org.apache.catalina.connector.CoyoteAdapter.service(CoyoteAdapter.java:344) ~[tomcat-embed-core-10.1.24.jar:10.1.24]
	at org.apache.coyote.http11.Http11Processor.service(Http11Processor.java:389) ~[tomcat-embed-core-10.1.24.jar:10.1.24]
	at org.apache.coyote.AbstractProcessorLight.process(AbstractProcessorLight.java:63) ~[tomcat-embed-core-10.1.24.jar:10.1.24]
	at org.apache.coyote.AbstractProtocol$ConnectionHandler.process(AbstractProtocol.java:896) ~[tomcat-embed-core-10.1.24.jar:10.1.24]
	at org.apache.tomcat.util.net.NioEndpoint$SocketProcessor.doRun(NioEndpoint.java:1741) ~[tomcat-embed-core-10.1.24.jar:10.1.24]
	at org.apache.tomcat.util.net.SocketProcessorBase.run(SocketProcessorBase.java:52) ~[tomcat-embed-core-10.1.24.jar:10.1.24]
	at org.apache.tomcat.util.threads.ThreadPoolExecutor.runWorker(ThreadPoolExecutor.java:1190) ~[tomcat-embed-core-10.1.24.jar:10.1.24]
	at org.apache.tomcat.util.threads.ThreadPoolExecutor$Worker.run(ThreadPoolExecutor.java:659) ~[tomcat-embed-core-10.1.24.jar:10.1.24]
	at org.apache.tomcat.util.threads.TaskThread$WrappingRunnable.run(TaskThread.java:63) ~[tomcat-embed-core-10.1.24.jar:10.1.24]
	at java.base/java.lang.Thread.run(Thread.java:840) ~[na:na]

2026-05-29T12:11:47.190+05:30 DEBUG 18436 --- [EasyRoute_Backend] [http-nio-8080-exec-3] o.s.web.client.DefaultRestClient         : Writing [ChatCompletionRequest[messages=[ChatCompletionMessage[rawContent=[{type=text, text=You are an expert Logistics and Supply Chain Assistant. You help users with shipping, warehousing, inventory management, and transportation queries. Provide concise, professional, and accurate answers.}], role=SYSTEM, name=null, toolCallId=null, toolCalls=null], ChatCompletionMessage[rawContent=[{type=text, text=Hello}], role=USER, name=null, toolCallId=null, toolCalls=null]], model=llama3-8b-8192, frequencyPenalty=null, logitBias=null, logprobs=null, topLogprobs=null, maxTokens=null, n=null, presencePenalty=null, responseFormat=null, seed=null, stop=null, stream=false, temperature=0.7, topP=null, tools=null, toolChoice=null, user=null]] as "application/json" with org.springframework.http.converter.json.MappingJackson2HttpMessageConverter
2026-05-29T12:11:47.269+05:30  WARN 18436 --- [EasyRoute_Backend] [http-nio-8080-exec-3] o.s.a.a.r.SpringAiRetryAutoConfiguration : Retry error. Retry count:3

org.springframework.ai.retry.NonTransientAiException: 400 - {"error":{"message":"The model `llama3-8b-8192` has been decommissioned and is no longer supported. Please refer to https://console.groq.com/docs/deprecations for a recommendation on which model to use instead.","type":"invalid_request_error","code":"model_decommissioned"}}

	at org.springframework.ai.autoconfigure.retry.SpringAiRetryAutoConfiguration$2.handleError(SpringAiRetryAutoConfiguration.java:95) ~[spring-ai-spring-boot-autoconfigure-1.0.0-M1.jar:1.0.0-M1]
	at org.springframework.web.client.ResponseErrorHandler.handleError(ResponseErrorHandler.java:63) ~[spring-web-6.1.8.jar:6.1.8]
	at org.springframework.web.client.StatusHandler.lambda$fromErrorHandler$1(StatusHandler.java:71) ~[spring-web-6.1.8.jar:6.1.8]
	at org.springframework.web.client.StatusHandler.handle(StatusHandler.java:146) ~[spring-web-6.1.8.jar:6.1.8]
	at org.springframework.web.client.DefaultRestClient$DefaultResponseSpec.applyStatusHandlers(DefaultRestClient.java:701) ~[spring-web-6.1.8.jar:6.1.8]
	at org.springframework.web.client.DefaultRestClient.readWithMessageConverters(DefaultRestClient.java:200) ~[spring-web-6.1.8.jar:6.1.8]
	at org.springframework.web.client.DefaultRestClient$DefaultResponseSpec.readBody(DefaultRestClient.java:688) ~[spring-web-6.1.8.jar:6.1.8]
	at org.springframework.web.client.DefaultRestClient$DefaultResponseSpec.toEntityInternal(DefaultRestClient.java:658) ~[spring-web-6.1.8.jar:6.1.8]
	at org.springframework.web.client.DefaultRestClient$DefaultResponseSpec.toEntity(DefaultRestClient.java:647) ~[spring-web-6.1.8.jar:6.1.8]
	at org.springframework.ai.openai.api.OpenAiApi.chatCompletionEntity(OpenAiApi.java:778) ~[spring-ai-openai-1.0.0-M1.jar:1.0.0-M1]
	at org.springframework.ai.openai.OpenAiChatModel.doChatCompletion(OpenAiChatModel.java:376) ~[spring-ai-openai-1.0.0-M1.jar:1.0.0-M1]
	at org.springframework.ai.openai.OpenAiChatModel.doChatCompletion(OpenAiChatModel.java:76) ~[spring-ai-openai-1.0.0-M1.jar:1.0.0-M1]
	at org.springframework.ai.model.function.AbstractFunctionCallSupport.callWithFunctionSupport(AbstractFunctionCallSupport.java:127) ~[spring-ai-core-1.0.0-M1.jar:1.0.0-M1]
	at org.springframework.ai.openai.OpenAiChatModel.lambda$call$1(OpenAiChatModel.java:144) ~[spring-ai-openai-1.0.0-M1.jar:1.0.0-M1]
	at org.springframework.retry.support.RetryTemplate.doExecute(RetryTemplate.java:344) ~[spring-retry-2.0.6.jar:na]
	at org.springframework.retry.support.RetryTemplate.execute(RetryTemplate.java:217) ~[spring-retry-2.0.6.jar:na]
	at org.springframework.ai.openai.OpenAiChatModel.call(OpenAiChatModel.java:142) ~[spring-ai-openai-1.0.0-M1.jar:1.0.0-M1]
	at org.springframework.ai.chat.client.ChatClient$ChatClientRequest$CallResponseSpec.doGetChatResponse(ChatClient.java:616) ~[spring-ai-core-1.0.0-M1.jar:1.0.0-M1]
	at org.springframework.ai.chat.client.ChatClient$ChatClientRequest$CallResponseSpec.doGetChatResponse(ChatClient.java:569) ~[spring-ai-core-1.0.0-M1.jar:1.0.0-M1]
	at org.springframework.ai.chat.client.ChatClient$ChatClientRequest$CallResponseSpec.content(ChatClient.java:635) ~[spring-ai-core-1.0.0-M1.jar:1.0.0-M1]
	at com.logistics.platform.service.AiService.getChatResponse(AiService.java:21) ~[classes/:na]
	at com.logistics.platform.controller.AiController.chat(AiController.java:19) ~[classes/:na]
	at java.base/jdk.internal.reflect.NativeMethodAccessorImpl.invoke0(Native Method) ~[na:na]
	at java.base/jdk.internal.reflect.NativeMethodAccessorImpl.invoke(NativeMethodAccessorImpl.java:77) ~[na:na]
	at java.base/jdk.internal.reflect.DelegatingMethodAccessorImpl.invoke(DelegatingMethodAccessorImpl.java:43) ~[na:na]
	at java.base/java.lang.reflect.Method.invoke(Method.java:568) ~[na:na]
	at org.springframework.web.method.support.InvocableHandlerMethod.doInvoke(InvocableHandlerMethod.java:255) ~[spring-web-6.1.8.jar:6.1.8]
	at org.springframework.web.method.support.InvocableHandlerMethod.invokeForRequest(InvocableHandlerMethod.java:188) ~[spring-web-6.1.8.jar:6.1.8]
	at org.springframework.web.servlet.mvc.method.annotation.ServletInvocableHandlerMethod.invokeAndHandle(ServletInvocableHandlerMethod.java:118) ~[spring-webmvc-6.1.8.jar:6.1.8]
	at org.springframework.web.servlet.mvc.method.annotation.RequestMappingHandlerAdapter.invokeHandlerMethod(RequestMappingHandlerAdapter.java:926) ~[spring-webmvc-6.1.8.jar:6.1.8]
	at org.springframework.web.servlet.mvc.method.annotation.RequestMappingHandlerAdapter.handleInternal(RequestMappingHandlerAdapter.java:831) ~[spring-webmvc-6.1.8.jar:6.1.8]
	at org.springframework.web.servlet.mvc.method.AbstractHandlerMethodAdapter.handle(AbstractHandlerMethodAdapter.java:87) ~[spring-webmvc-6.1.8.jar:6.1.8]
	at org.springframework.web.servlet.DispatcherServlet.doDispatch(DispatcherServlet.java:1089) ~[spring-webmvc-6.1.8.jar:6.1.8]
	at org.springframework.web.servlet.DispatcherServlet.doService(DispatcherServlet.java:979) ~[spring-webmvc-6.1.8.jar:6.1.8]
	at org.springframework.web.servlet.FrameworkServlet.processRequest(FrameworkServlet.java:1014) ~[spring-webmvc-6.1.8.jar:6.1.8]
	at org.springframework.web.servlet.FrameworkServlet.doGet(FrameworkServlet.java:903) ~[spring-webmvc-6.1.8.jar:6.1.8]
	at jakarta.servlet.http.HttpServlet.service(HttpServlet.java:564) ~[tomcat-embed-core-10.1.24.jar:6.0]
	at org.springframework.web.servlet.FrameworkServlet.service(FrameworkServlet.java:885) ~[spring-webmvc-6.1.8.jar:6.1.8]
	at jakarta.servlet.http.HttpServlet.service(HttpServlet.java:658) ~[tomcat-embed-core-10.1.24.jar:6.0]
	at org.apache.catalina.core.ApplicationFilterChain.internalDoFilter(ApplicationFilterChain.java:195) ~[tomcat-embed-core-10.1.24.jar:10.1.24]
	at org.apache.catalina.core.ApplicationFilterChain.doFilter(ApplicationFilterChain.java:140) ~[tomcat-embed-core-10.1.24.jar:10.1.24]
	at org.apache.tomcat.websocket.server.WsFilter.doFilter(WsFilter.java:51) ~[tomcat-embed-websocket-10.1.24.jar:10.1.24]
	at org.apache.catalina.core.ApplicationFilterChain.internalDoFilter(ApplicationFilterChain.java:164) ~[tomcat-embed-core-10.1.24.jar:10.1.24]
	at org.apache.catalina.core.ApplicationFilterChain.doFilter(ApplicationFilterChain.java:140) ~[tomcat-embed-core-10.1.24.jar:10.1.24]
	at org.springframework.web.filter.OncePerRequestFilter.doFilter(OncePerRequestFilter.java:110) ~[spring-web-6.1.8.jar:6.1.8]
	at org.apache.catalina.core.ApplicationFilterChain.internalDoFilter(ApplicationFilterChain.java:164) ~[tomcat-embed-core-10.1.24.jar:10.1.24]
	at org.apache.catalina.core.ApplicationFilterChain.doFilter(ApplicationFilterChain.java:140) ~[tomcat-embed-core-10.1.24.jar:10.1.24]
	at org.springframework.web.filter.CompositeFilter$VirtualFilterChain.doFilter(CompositeFilter.java:108) ~[spring-web-6.1.8.jar:6.1.8]
	at org.springframework.security.web.FilterChainProxy.lambda$doFilterInternal$3(FilterChainProxy.java:231) ~[spring-security-web-6.3.0.jar:6.3.0]
	at org.springframework.security.web.FilterChainProxy$VirtualFilterChain.doFilter(FilterChainProxy.java:365) ~[spring-security-web-6.3.0.jar:6.3.0]
	at org.springframework.security.web.access.intercept.AuthorizationFilter.doFilter(AuthorizationFilter.java:100) ~[spring-security-web-6.3.0.jar:6.3.0]
	at org.springframework.security.web.FilterChainProxy$VirtualFilterChain.doFilter(FilterChainProxy.java:374) ~[spring-security-web-6.3.0.jar:6.3.0]
	at org.springframework.security.web.access.ExceptionTranslationFilter.doFilter(ExceptionTranslationFilter.java:126) ~[spring-security-web-6.3.0.jar:6.3.0]
	at org.springframework.security.web.access.ExceptionTranslationFilter.doFilter(ExceptionTranslationFilter.java:120) ~[spring-security-web-6.3.0.jar:6.3.0]
	at org.springframework.security.web.FilterChainProxy$VirtualFilterChain.doFilter(FilterChainProxy.java:374) ~[spring-security-web-6.3.0.jar:6.3.0]
	at org.springframework.security.web.session.SessionManagementFilter.doFilter(SessionManagementFilter.java:131) ~[spring-security-web-6.3.0.jar:6.3.0]
	at org.springframework.security.web.session.SessionManagementFilter.doFilter(SessionManagementFilter.java:85) ~[spring-security-web-6.3.0.jar:6.3.0]
	at org.springframework.security.web.FilterChainProxy$VirtualFilterChain.doFilter(FilterChainProxy.java:374) ~[spring-security-web-6.3.0.jar:6.3.0]
	at org.springframework.security.web.authentication.AnonymousAuthenticationFilter.doFilter(AnonymousAuthenticationFilter.java:100) ~[spring-security-web-6.3.0.jar:6.3.0]
	at org.springframework.security.web.FilterChainProxy$VirtualFilterChain.doFilter(FilterChainProxy.java:374) ~[spring-security-web-6.3.0.jar:6.3.0]
	at org.springframework.security.web.servletapi.SecurityContextHolderAwareRequestFilter.doFilter(SecurityContextHolderAwareRequestFilter.java:179) ~[spring-security-web-6.3.0.jar:6.3.0]
	at org.springframework.security.web.FilterChainProxy$VirtualFilterChain.doFilter(FilterChainProxy.java:374) ~[spring-security-web-6.3.0.jar:6.3.0]
	at org.springframework.security.web.savedrequest.RequestCacheAwareFilter.doFilter(RequestCacheAwareFilter.java:63) ~[spring-security-web-6.3.0.jar:6.3.0]
	at org.springframework.security.web.FilterChainProxy$VirtualFilterChain.doFilter(FilterChainProxy.java:374) ~[spring-security-web-6.3.0.jar:6.3.0]
	at com.logistics.platform.security.JwtAuthenticationFilter.doFilterInternal(JwtAuthenticationFilter.java:45) ~[classes/:na]
	at org.springframework.web.filter.OncePerRequestFilter.doFilter(OncePerRequestFilter.java:116) ~[spring-web-6.1.8.jar:6.1.8]
	at org.springframework.security.web.FilterChainProxy$VirtualFilterChain.doFilter(FilterChainProxy.java:374) ~[spring-security-web-6.3.0.jar:6.3.0]
	at org.springframework.security.web.authentication.logout.LogoutFilter.doFilter(LogoutFilter.java:107) ~[spring-security-web-6.3.0.jar:6.3.0]
	at org.springframework.security.web.authentication.logout.LogoutFilter.doFilter(LogoutFilter.java:93) ~[spring-security-web-6.3.0.jar:6.3.0]
	at org.springframework.security.web.FilterChainProxy$VirtualFilterChain.doFilter(FilterChainProxy.java:374) ~[spring-security-web-6.3.0.jar:6.3.0]
	at org.springframework.web.filter.CorsFilter.doFilterInternal(CorsFilter.java:91) ~[spring-web-6.1.8.jar:6.1.8]
	at org.springframework.web.filter.OncePerRequestFilter.doFilter(OncePerRequestFilter.java:116) ~[spring-web-6.1.8.jar:6.1.8]
	at org.springframework.security.web.FilterChainProxy$VirtualFilterChain.doFilter(FilterChainProxy.java:374) ~[spring-security-web-6.3.0.jar:6.3.0]
	at org.springframework.security.web.header.HeaderWriterFilter.doHeadersAfter(HeaderWriterFilter.java:90) ~[spring-security-web-6.3.0.jar:6.3.0]
	at org.springframework.security.web.header.HeaderWriterFilter.doFilterInternal(HeaderWriterFilter.java:75) ~[spring-security-web-6.3.0.jar:6.3.0]
	at org.springframework.web.filter.OncePerRequestFilter.doFilter(OncePerRequestFilter.java:116) ~[spring-web-6.1.8.jar:6.1.8]
	at org.springframework.security.web.FilterChainProxy$VirtualFilterChain.doFilter(FilterChainProxy.java:374) ~[spring-security-web-6.3.0.jar:6.3.0]
	at org.springframework.security.web.context.SecurityContextHolderFilter.doFilter(SecurityContextHolderFilter.java:82) ~[spring-security-web-6.3.0.jar:6.3.0]
	at org.springframework.security.web.context.SecurityContextHolderFilter.doFilter(SecurityContextHolderFilter.java:69) ~[spring-security-web-6.3.0.jar:6.3.0]
	at org.springframework.security.web.FilterChainProxy$VirtualFilterChain.doFilter(FilterChainProxy.java:374) ~[spring-security-web-6.3.0.jar:6.3.0]
	at org.springframework.security.web.context.request.async.WebAsyncManagerIntegrationFilter.doFilterInternal(WebAsyncManagerIntegrationFilter.java:62) ~[spring-security-web-6.3.0.jar:6.3.0]
	at org.springframework.web.filter.OncePerRequestFilter.doFilter(OncePerRequestFilter.java:116) ~[spring-web-6.1.8.jar:6.1.8]
	at org.springframework.security.web.FilterChainProxy$VirtualFilterChain.doFilter(FilterChainProxy.java:374) ~[spring-security-web-6.3.0.jar:6.3.0]
	at org.springframework.security.web.session.DisableEncodeUrlFilter.doFilterInternal(DisableEncodeUrlFilter.java:42) ~[spring-security-web-6.3.0.jar:6.3.0]
	at org.springframework.web.filter.OncePerRequestFilter.doFilter(OncePerRequestFilter.java:116) ~[spring-web-6.1.8.jar:6.1.8]
	at org.springframework.security.web.FilterChainProxy$VirtualFilterChain.doFilter(FilterChainProxy.java:374) ~[spring-security-web-6.3.0.jar:6.3.0]
	at org.springframework.security.web.FilterChainProxy.doFilterInternal(FilterChainProxy.java:233) ~[spring-security-web-6.3.0.jar:6.3.0]
	at org.springframework.security.web.FilterChainProxy.doFilter(FilterChainProxy.java:191) ~[spring-security-web-6.3.0.jar:6.3.0]
	at org.springframework.web.filter.CompositeFilter$VirtualFilterChain.doFilter(CompositeFilter.java:113) ~[spring-web-6.1.8.jar:6.1.8]
	at org.springframework.web.servlet.handler.HandlerMappingIntrospector.lambda$createCacheFilter$3(HandlerMappingIntrospector.java:195) ~[spring-webmvc-6.1.8.jar:6.1.8]
	at org.springframework.web.filter.CompositeFilter$VirtualFilterChain.doFilter(CompositeFilter.java:113) ~[spring-web-6.1.8.jar:6.1.8]
	at org.springframework.web.filter.CompositeFilter.doFilter(CompositeFilter.java:74) ~[spring-web-6.1.8.jar:6.1.8]
	at org.springframework.security.config.annotation.web.configuration.WebMvcSecurityConfiguration$CompositeFilterChainProxy.doFilter(WebMvcSecurityConfiguration.java:230) ~[spring-security-config-6.3.0.jar:6.3.0]
	at org.springframework.web.filter.DelegatingFilterProxy.invokeDelegate(DelegatingFilterProxy.java:352) ~[spring-web-6.1.8.jar:6.1.8]
	at org.springframework.web.filter.DelegatingFilterProxy.doFilter(DelegatingFilterProxy.java:268) ~[spring-web-6.1.8.jar:6.1.8]
	at org.apache.catalina.core.ApplicationFilterChain.internalDoFilter(ApplicationFilterChain.java:164) ~[tomcat-embed-core-10.1.24.jar:10.1.24]
	at org.apache.catalina.core.ApplicationFilterChain.doFilter(ApplicationFilterChain.java:140) ~[tomcat-embed-core-10.1.24.jar:10.1.24]
	at org.springframework.web.filter.RequestContextFilter.doFilterInternal(RequestContextFilter.java:100) ~[spring-web-6.1.8.jar:6.1.8]
	at org.springframework.web.filter.OncePerRequestFilter.doFilter(OncePerRequestFilter.java:116) ~[spring-web-6.1.8.jar:6.1.8]
	at org.apache.catalina.core.ApplicationFilterChain.internalDoFilter(ApplicationFilterChain.java:164) ~[tomcat-embed-core-10.1.24.jar:10.1.24]
	at org.apache.catalina.core.ApplicationFilterChain.doFilter(ApplicationFilterChain.java:140) ~[tomcat-embed-core-10.1.24.jar:10.1.24]
	at org.springframework.web.filter.FormContentFilter.doFilterInternal(FormContentFilter.java:93) ~[spring-web-6.1.8.jar:6.1.8]
	at org.springframework.web.filter.OncePerRequestFilter.doFilter(OncePerRequestFilter.java:116) ~[spring-web-6.1.8.jar:6.1.8]
	at org.apache.catalina.core.ApplicationFilterChain.internalDoFilter(ApplicationFilterChain.java:164) ~[tomcat-embed-core-10.1.24.jar:10.1.24]
	at org.apache.catalina.core.ApplicationFilterChain.doFilter(ApplicationFilterChain.java:140) ~[tomcat-embed-core-10.1.24.jar:10.1.24]
	at org.springframework.web.filter.CharacterEncodingFilter.doFilterInternal(CharacterEncodingFilter.java:201) ~[spring-web-6.1.8.jar:6.1.8]
	at org.springframework.web.filter.OncePerRequestFilter.doFilter(OncePerRequestFilter.java:116) ~[spring-web-6.1.8.jar:6.1.8]
	at org.apache.catalina.core.ApplicationFilterChain.internalDoFilter(ApplicationFilterChain.java:164) ~[tomcat-embed-core-10.1.24.jar:10.1.24]
	at org.apache.catalina.core.ApplicationFilterChain.doFilter(ApplicationFilterChain.java:140) ~[tomcat-embed-core-10.1.24.jar:10.1.24]
	at org.apache.catalina.core.StandardWrapperValve.invoke(StandardWrapperValve.java:167) ~[tomcat-embed-core-10.1.24.jar:10.1.24]
	at org.apache.catalina.core.StandardContextValve.invoke(StandardContextValve.java:90) ~[tomcat-embed-core-10.1.24.jar:10.1.24]
	at org.apache.catalina.authenticator.AuthenticatorBase.invoke(AuthenticatorBase.java:482) ~[tomcat-embed-core-10.1.24.jar:10.1.24]
	at org.apache.catalina.core.StandardHostValve.invoke(StandardHostValve.java:115) ~[tomcat-embed-core-10.1.24.jar:10.1.24]
	at org.apache.catalina.valves.ErrorReportValve.invoke(ErrorReportValve.java:93) ~[tomcat-embed-core-10.1.24.jar:10.1.24]
	at org.apache.catalina.core.StandardEngineValve.invoke(StandardEngineValve.java:74) ~[tomcat-embed-core-10.1.24.jar:10.1.24]
	at org.apache.catalina.connector.CoyoteAdapter.service(CoyoteAdapter.java:344) ~[tomcat-embed-core-10.1.24.jar:10.1.24]
	at org.apache.coyote.http11.Http11Processor.service(Http11Processor.java:389) ~[tomcat-embed-core-10.1.24.jar:10.1.24]
	at org.apache.coyote.AbstractProcessorLight.process(AbstractProcessorLight.java:63) ~[tomcat-embed-core-10.1.24.jar:10.1.24]
	at org.apache.coyote.AbstractProtocol$ConnectionHandler.process(AbstractProtocol.java:896) ~[tomcat-embed-core-10.1.24.jar:10.1.24]
	at org.apache.tomcat.util.net.NioEndpoint$SocketProcessor.doRun(NioEndpoint.java:1741) ~[tomcat-embed-core-10.1.24.jar:10.1.24]
	at org.apache.tomcat.util.net.SocketProcessorBase.run(SocketProcessorBase.java:52) ~[tomcat-embed-core-10.1.24.jar:10.1.24]
	at org.apache.tomcat.util.threads.ThreadPoolExecutor.runWorker(ThreadPoolExecutor.java:1190) ~[tomcat-embed-core-10.1.24.jar:10.1.24]
	at org.apache.tomcat.util.threads.ThreadPoolExecutor$Worker.run(ThreadPoolExecutor.java:659) ~[tomcat-embed-core-10.1.24.jar:10.1.24]
	at org.apache.tomcat.util.threads.TaskThread$WrappingRunnable.run(TaskThread.java:63) ~[tomcat-embed-core-10.1.24.jar:10.1.24]
	at java.base/java.lang.Thread.run(Thread.java:840) ~[na:na]

2026-05-29T12:12:37.275+05:30 DEBUG 18436 --- [EasyRoute_Backend] [http-nio-8080-exec-3] o.s.web.client.DefaultRestClient         : Writing [ChatCompletionRequest[messages=[ChatCompletionMessage[rawContent=[{type=text, text=You are an expert Logistics and Supply Chain Assistant. You help users with shipping, warehousing, inventory management, and transportation queries. Provide concise, professional, and accurate answers.}], role=SYSTEM, name=null, toolCallId=null, toolCalls=null], ChatCompletionMessage[rawContent=[{type=text, text=Hello}], role=USER, name=null, toolCallId=null, toolCalls=null]], model=llama3-8b-8192, frequencyPenalty=null, logitBias=null, logprobs=null, topLogprobs=null, maxTokens=null, n=null, presencePenalty=null, responseFormat=null, seed=null, stop=null, stream=false, temperature=0.7, topP=null, tools=null, toolChoice=null, user=null]] as "application/json" with org.springframework.http.converter.json.MappingJackson2HttpMessageConverter
2026-05-29T12:12:37.437+05:30  WARN 18436 --- [EasyRoute_Backend] [http-nio-8080-exec-3] o.s.a.a.r.SpringAiRetryAutoConfiguration : Retry error. Retry count:4

org.springframework.ai.retry.NonTransientAiException: 400 - {"error":{"message":"The model `llama3-8b-8192` has been decommissioned and is no longer supported. Please refer to https://console.groq.com/docs/deprecations for a recommendation on which model to use instead.","type":"invalid_request_error","code":"model_decommissioned"}}

	at org.springframework.ai.autoconfigure.retry.SpringAiRetryAutoConfiguration$2.handleError(SpringAiRetryAutoConfiguration.java:95) ~[spring-ai-spring-boot-autoconfigure-1.0.0-M1.jar:1.0.0-M1]
	at org.springframework.web.client.ResponseErrorHandler.handleError(ResponseErrorHandler.java:63) ~[spring-web-6.1.8.jar:6.1.8]
	at org.springframework.web.client.StatusHandler.lambda$fromErrorHandler$1(StatusHandler.java:71) ~[spring-web-6.1.8.jar:6.1.8]
	at org.springframework.web.client.StatusHandler.handle(StatusHandler.java:146) ~[spring-web-6.1.8.jar:6.1.8]
	at org.springframework.web.client.DefaultRestClient$DefaultResponseSpec.applyStatusHandlers(DefaultRestClient.java:701) ~[spring-web-6.1.8.jar:6.1.8]
	at org.springframework.web.client.DefaultRestClient.readWithMessageConverters(DefaultRestClient.java:200) ~[spring-web-6.1.8.jar:6.1.8]
	at org.springframework.web.client.DefaultRestClient$DefaultResponseSpec.readBody(DefaultRestClient.java:688) ~[spring-web-6.1.8.jar:6.1.8]
	at org.springframework.web.client.DefaultRestClient$DefaultResponseSpec.toEntityInternal(DefaultRestClient.java:658) ~[spring-web-6.1.8.jar:6.1.8]
	at org.springframework.web.client.DefaultRestClient$DefaultResponseSpec.toEntity(DefaultRestClient.java:647) ~[spring-web-6.1.8.jar:6.1.8]
	at org.springframework.ai.openai.api.OpenAiApi.chatCompletionEntity(OpenAiApi.java:778) ~[spring-ai-openai-1.0.0-M1.jar:1.0.0-M1]
	at org.springframework.ai.openai.OpenAiChatModel.doChatCompletion(OpenAiChatModel.java:376) ~[spring-ai-openai-1.0.0-M1.jar:1.0.0-M1]
	at org.springframework.ai.openai.OpenAiChatModel.doChatCompletion(OpenAiChatModel.java:76) ~[spring-ai-openai-1.0.0-M1.jar:1.0.0-M1]
	at org.springframework.ai.model.function.AbstractFunctionCallSupport.callWithFunctionSupport(AbstractFunctionCallSupport.java:127) ~[spring-ai-core-1.0.0-M1.jar:1.0.0-M1]
	at org.springframework.ai.openai.OpenAiChatModel.lambda$call$1(OpenAiChatModel.java:144) ~[spring-ai-openai-1.0.0-M1.jar:1.0.0-M1]
	at org.springframework.retry.support.RetryTemplate.doExecute(RetryTemplate.java:344) ~[spring-retry-2.0.6.jar:na]
	at org.springframework.retry.support.RetryTemplate.execute(RetryTemplate.java:217) ~[spring-retry-2.0.6.jar:na]
	at org.springframework.ai.openai.OpenAiChatModel.call(OpenAiChatModel.java:142) ~[spring-ai-openai-1.0.0-M1.jar:1.0.0-M1]
	at org.springframework.ai.chat.client.ChatClient$ChatClientRequest$CallResponseSpec.doGetChatResponse(ChatClient.java:616) ~[spring-ai-core-1.0.0-M1.jar:1.0.0-M1]
	at org.springframework.ai.chat.client.ChatClient$ChatClientRequest$CallResponseSpec.doGetChatResponse(ChatClient.java:569) ~[spring-ai-core-1.0.0-M1.jar:1.0.0-M1]
	at org.springframework.ai.chat.client.ChatClient$ChatClientRequest$CallResponseSpec.content(ChatClient.java:635) ~[spring-ai-core-1.0.0-M1.jar:1.0.0-M1]
	at com.logistics.platform.service.AiService.getChatResponse(AiService.java:21) ~[classes/:na]
	at com.logistics.platform.controller.AiController.chat(AiController.java:19) ~[classes/:na]
	at java.base/jdk.internal.reflect.NativeMethodAccessorImpl.invoke0(Native Method) ~[na:na]
	at java.base/jdk.internal.reflect.NativeMethodAccessorImpl.invoke(NativeMethodAccessorImpl.java:77) ~[na:na]
	at java.base/jdk.internal.reflect.DelegatingMethodAccessorImpl.invoke(DelegatingMethodAccessorImpl.java:43) ~[na:na]
	at java.base/java.lang.reflect.Method.invoke(Method.java:568) ~[na:na]
	at org.springframework.web.method.support.InvocableHandlerMethod.doInvoke(InvocableHandlerMethod.java:255) ~[spring-web-6.1.8.jar:6.1.8]
	at org.springframework.web.method.support.InvocableHandlerMethod.invokeForRequest(InvocableHandlerMethod.java:188) ~[spring-web-6.1.8.jar:6.1.8]
	at org.springframework.web.servlet.mvc.method.annotation.ServletInvocableHandlerMethod.invokeAndHandle(ServletInvocableHandlerMethod.java:118) ~[spring-webmvc-6.1.8.jar:6.1.8]
	at org.springframework.web.servlet.mvc.method.annotation.RequestMappingHandlerAdapter.invokeHandlerMethod(RequestMappingHandlerAdapter.java:926) ~[spring-webmvc-6.1.8.jar:6.1.8]
	at org.springframework.web.servlet.mvc.method.annotation.RequestMappingHandlerAdapter.handleInternal(RequestMappingHandlerAdapter.java:831) ~[spring-webmvc-6.1.8.jar:6.1.8]
	at org.springframework.web.servlet.mvc.method.AbstractHandlerMethodAdapter.handle(AbstractHandlerMethodAdapter.java:87) ~[spring-webmvc-6.1.8.jar:6.1.8]
	at org.springframework.web.servlet.DispatcherServlet.doDispatch(DispatcherServlet.java:1089) ~[spring-webmvc-6.1.8.jar:6.1.8]
	at org.springframework.web.servlet.DispatcherServlet.doService(DispatcherServlet.java:979) ~[spring-webmvc-6.1.8.jar:6.1.8]
	at org.springframework.web.servlet.FrameworkServlet.processRequest(FrameworkServlet.java:1014) ~[spring-webmvc-6.1.8.jar:6.1.8]
	at org.springframework.web.servlet.FrameworkServlet.doGet(FrameworkServlet.java:903) ~[spring-webmvc-6.1.8.jar:6.1.8]
	at jakarta.servlet.http.HttpServlet.service(HttpServlet.java:564) ~[tomcat-embed-core-10.1.24.jar:6.0]
	at org.springframework.web.servlet.FrameworkServlet.service(FrameworkServlet.java:885) ~[spring-webmvc-6.1.8.jar:6.1.8]
	at jakarta.servlet.http.HttpServlet.service(HttpServlet.java:658) ~[tomcat-embed-core-10.1.24.jar:6.0]
	at org.apache.catalina.core.ApplicationFilterChain.internalDoFilter(ApplicationFilterChain.java:195) ~[tomcat-embed-core-10.1.24.jar:10.1.24]
	at org.apache.catalina.core.ApplicationFilterChain.doFilter(ApplicationFilterChain.java:140) ~[tomcat-embed-core-10.1.24.jar:10.1.24]
	at org.apache.tomcat.websocket.server.WsFilter.doFilter(WsFilter.java:51) ~[tomcat-embed-websocket-10.1.24.jar:10.1.24]
	at org.apache.catalina.core.ApplicationFilterChain.internalDoFilter(ApplicationFilterChain.java:164) ~[tomcat-embed-core-10.1.24.jar:10.1.24]
	at org.apache.catalina.core.ApplicationFilterChain.doFilter(ApplicationFilterChain.java:140) ~[tomcat-embed-core-10.1.24.jar:10.1.24]
	at org.springframework.web.filter.OncePerRequestFilter.doFilter(OncePerRequestFilter.java:110) ~[spring-web-6.1.8.jar:6.1.8]
	at org.apache.catalina.core.ApplicationFilterChain.internalDoFilter(ApplicationFilterChain.java:164) ~[tomcat-embed-core-10.1.24.jar:10.1.24]
	at org.apache.catalina.core.ApplicationFilterChain.doFilter(ApplicationFilterChain.java:140) ~[tomcat-embed-core-10.1.24.jar:10.1.24]
	at org.springframework.web.filter.CompositeFilter$VirtualFilterChain.doFilter(CompositeFilter.java:108) ~[spring-web-6.1.8.jar:6.1.8]
	at org.springframework.security.web.FilterChainProxy.lambda$doFilterInternal$3(FilterChainProxy.java:231) ~[spring-security-web-6.3.0.jar:6.3.0]
	at org.springframework.security.web.FilterChainProxy$VirtualFilterChain.doFilter(FilterChainProxy.java:365) ~[spring-security-web-6.3.0.jar:6.3.0]
	at org.springframework.security.web.access.intercept.AuthorizationFilter.doFilter(AuthorizationFilter.java:100) ~[spring-security-web-6.3.0.jar:6.3.0]
	at org.springframework.security.web.FilterChainProxy$VirtualFilterChain.doFilter(FilterChainProxy.java:374) ~[spring-security-web-6.3.0.jar:6.3.0]
	at org.springframework.security.web.access.ExceptionTranslationFilter.doFilter(ExceptionTranslationFilter.java:126) ~[spring-security-web-6.3.0.jar:6.3.0]
	at org.springframework.security.web.access.ExceptionTranslationFilter.doFilter(ExceptionTranslationFilter.java:120) ~[spring-security-web-6.3.0.jar:6.3.0]
	at org.springframework.security.web.FilterChainProxy$VirtualFilterChain.doFilter(FilterChainProxy.java:374) ~[spring-security-web-6.3.0.jar:6.3.0]
	at org.springframework.security.web.session.SessionManagementFilter.doFilter(SessionManagementFilter.java:131) ~[spring-security-web-6.3.0.jar:6.3.0]
	at org.springframework.security.web.session.SessionManagementFilter.doFilter(SessionManagementFilter.java:85) ~[spring-security-web-6.3.0.jar:6.3.0]
	at org.springframework.security.web.FilterChainProxy$VirtualFilterChain.doFilter(FilterChainProxy.java:374) ~[spring-security-web-6.3.0.jar:6.3.0]
	at org.springframework.security.web.authentication.AnonymousAuthenticationFilter.doFilter(AnonymousAuthenticationFilter.java:100) ~[spring-security-web-6.3.0.jar:6.3.0]
	at org.springframework.security.web.FilterChainProxy$VirtualFilterChain.doFilter(FilterChainProxy.java:374) ~[spring-security-web-6.3.0.jar:6.3.0]
	at org.springframework.security.web.servletapi.SecurityContextHolderAwareRequestFilter.doFilter(SecurityContextHolderAwareRequestFilter.java:179) ~[spring-security-web-6.3.0.jar:6.3.0]
	at org.springframework.security.web.FilterChainProxy$VirtualFilterChain.doFilter(FilterChainProxy.java:374) ~[spring-security-web-6.3.0.jar:6.3.0]
	at org.springframework.security.web.savedrequest.RequestCacheAwareFilter.doFilter(RequestCacheAwareFilter.java:63) ~[spring-security-web-6.3.0.jar:6.3.0]
	at org.springframework.security.web.FilterChainProxy$VirtualFilterChain.doFilter(FilterChainProxy.java:374) ~[spring-security-web-6.3.0.jar:6.3.0]
	at com.logistics.platform.security.JwtAuthenticationFilter.doFilterInternal(JwtAuthenticationFilter.java:45) ~[classes/:na]
	at org.springframework.web.filter.OncePerRequestFilter.doFilter(OncePerRequestFilter.java:116) ~[spring-web-6.1.8.jar:6.1.8]
	at org.springframework.security.web.FilterChainProxy$VirtualFilterChain.doFilter(FilterChainProxy.java:374) ~[spring-security-web-6.3.0.jar:6.3.0]
	at org.springframework.security.web.authentication.logout.LogoutFilter.doFilter(LogoutFilter.java:107) ~[spring-security-web-6.3.0.jar:6.3.0]
	at org.springframework.security.web.authentication.logout.LogoutFilter.doFilter(LogoutFilter.java:93) ~[spring-security-web-6.3.0.jar:6.3.0]
	at org.springframework.security.web.FilterChainProxy$VirtualFilterChain.doFilter(FilterChainProxy.java:374) ~[spring-security-web-6.3.0.jar:6.3.0]
	at org.springframework.web.filter.CorsFilter.doFilterInternal(CorsFilter.java:91) ~[spring-web-6.1.8.jar:6.1.8]
	at org.springframework.web.filter.OncePerRequestFilter.doFilter(OncePerRequestFilter.java:116) ~[spring-web-6.1.8.jar:6.1.8]
	at org.springframework.security.web.FilterChainProxy$VirtualFilterChain.doFilter(FilterChainProxy.java:374) ~[spring-security-web-6.3.0.jar:6.3.0]
	at org.springframework.security.web.header.HeaderWriterFilter.doHeadersAfter(HeaderWriterFilter.java:90) ~[spring-security-web-6.3.0.jar:6.3.0]
	at org.springframework.security.web.header.HeaderWriterFilter.doFilterInternal(HeaderWriterFilter.java:75) ~[spring-security-web-6.3.0.jar:6.3.0]
	at org.springframework.web.filter.OncePerRequestFilter.doFilter(OncePerRequestFilter.java:116) ~[spring-web-6.1.8.jar:6.1.8]
	at org.springframework.security.web.FilterChainProxy$VirtualFilterChain.doFilter(FilterChainProxy.java:374) ~[spring-security-web-6.3.0.jar:6.3.0]
	at org.springframework.security.web.context.SecurityContextHolderFilter.doFilter(SecurityContextHolderFilter.java:82) ~[spring-security-web-6.3.0.jar:6.3.0]
	at org.springframework.security.web.context.SecurityContextHolderFilter.doFilter(SecurityContextHolderFilter.java:69) ~[spring-security-web-6.3.0.jar:6.3.0]
	at org.springframework.security.web.FilterChainProxy$VirtualFilterChain.doFilter(FilterChainProxy.java:374) ~[spring-security-web-6.3.0.jar:6.3.0]
	at org.springframework.security.web.context.request.async.WebAsyncManagerIntegrationFilter.doFilterInternal(WebAsyncManagerIntegrationFilter.java:62) ~[spring-security-web-6.3.0.jar:6.3.0]
	at org.springframework.web.filter.OncePerRequestFilter.doFilter(OncePerRequestFilter.java:116) ~[spring-web-6.1.8.jar:6.1.8]
	at org.springframework.security.web.FilterChainProxy$VirtualFilterChain.doFilter(FilterChainProxy.java:374) ~[spring-security-web-6.3.0.jar:6.3.0]
	at org.springframework.security.web.session.DisableEncodeUrlFilter.doFilterInternal(DisableEncodeUrlFilter.java:42) ~[spring-security-web-6.3.0.jar:6.3.0]
	at org.springframework.web.filter.OncePerRequestFilter.doFilter(OncePerRequestFilter.java:116) ~[spring-web-6.1.8.jar:6.1.8]
	at org.springframework.security.web.FilterChainProxy$VirtualFilterChain.doFilter(FilterChainProxy.java:374) ~[spring-security-web-6.3.0.jar:6.3.0]
	at org.springframework.security.web.FilterChainProxy.doFilterInternal(FilterChainProxy.java:233) ~[spring-security-web-6.3.0.jar:6.3.0]
	at org.springframework.security.web.FilterChainProxy.doFilter(FilterChainProxy.java:191) ~[spring-security-web-6.3.0.jar:6.3.0]
	at org.springframework.web.filter.CompositeFilter$VirtualFilterChain.doFilter(CompositeFilter.java:113) ~[spring-web-6.1.8.jar:6.1.8]
	at org.springframework.web.servlet.handler.HandlerMappingIntrospector.lambda$createCacheFilter$3(HandlerMappingIntrospector.java:195) ~[spring-webmvc-6.1.8.jar:6.1.8]
	at org.springframework.web.filter.CompositeFilter$VirtualFilterChain.doFilter(CompositeFilter.java:113) ~[spring-web-6.1.8.jar:6.1.8]
	at org.springframework.web.filter.CompositeFilter.doFilter(CompositeFilter.java:74) ~[spring-web-6.1.8.jar:6.1.8]
	at org.springframework.security.config.annotation.web.configuration.WebMvcSecurityConfiguration$CompositeFilterChainProxy.doFilter(WebMvcSecurityConfiguration.java:230) ~[spring-security-config-6.3.0.jar:6.3.0]
	at org.springframework.web.filter.DelegatingFilterProxy.invokeDelegate(DelegatingFilterProxy.java:352) ~[spring-web-6.1.8.jar:6.1.8]
	at org.springframework.web.filter.DelegatingFilterProxy.doFilter(DelegatingFilterProxy.java:268) ~[spring-web-6.1.8.jar:6.1.8]
	at org.apache.catalina.core.ApplicationFilterChain.internalDoFilter(ApplicationFilterChain.java:164) ~[tomcat-embed-core-10.1.24.jar:10.1.24]
	at org.apache.catalina.core.ApplicationFilterChain.doFilter(ApplicationFilterChain.java:140) ~[tomcat-embed-core-10.1.24.jar:10.1.24]
	at org.springframework.web.filter.RequestContextFilter.doFilterInternal(RequestContextFilter.java:100) ~[spring-web-6.1.8.jar:6.1.8]
	at org.springframework.web.filter.OncePerRequestFilter.doFilter(OncePerRequestFilter.java:116) ~[spring-web-6.1.8.jar:6.1.8]
	at org.apache.catalina.core.ApplicationFilterChain.internalDoFilter(ApplicationFilterChain.java:164) ~[tomcat-embed-core-10.1.24.jar:10.1.24]
	at org.apache.catalina.core.ApplicationFilterChain.doFilter(ApplicationFilterChain.java:140) ~[tomcat-embed-core-10.1.24.jar:10.1.24]
	at org.springframework.web.filter.FormContentFilter.doFilterInternal(FormContentFilter.java:93) ~[spring-web-6.1.8.jar:6.1.8]
	at org.springframework.web.filter.OncePerRequestFilter.doFilter(OncePerRequestFilter.java:116) ~[spring-web-6.1.8.jar:6.1.8]
	at org.apache.catalina.core.ApplicationFilterChain.internalDoFilter(ApplicationFilterChain.java:164) ~[tomcat-embed-core-10.1.24.jar:10.1.24]
	at org.apache.catalina.core.ApplicationFilterChain.doFilter(ApplicationFilterChain.java:140) ~[tomcat-embed-core-10.1.24.jar:10.1.24]
	at org.springframework.web.filter.CharacterEncodingFilter.doFilterInternal(CharacterEncodingFilter.java:201) ~[spring-web-6.1.8.jar:6.1.8]
	at org.springframework.web.filter.OncePerRequestFilter.doFilter(OncePerRequestFilter.java:116) ~[spring-web-6.1.8.jar:6.1.8]
	at org.apache.catalina.core.ApplicationFilterChain.internalDoFilter(ApplicationFilterChain.java:164) ~[tomcat-embed-core-10.1.24.jar:10.1.24]
	at org.apache.catalina.core.ApplicationFilterChain.doFilter(ApplicationFilterChain.java:140) ~[tomcat-embed-core-10.1.24.jar:10.1.24]
	at org.apache.catalina.core.StandardWrapperValve.invoke(StandardWrapperValve.java:167) ~[tomcat-embed-core-10.1.24.jar:10.1.24]
	at org.apache.catalina.core.StandardContextValve.invoke(StandardContextValve.java:90) ~[tomcat-embed-core-10.1.24.jar:10.1.24]
	at org.apache.catalina.authenticator.AuthenticatorBase.invoke(AuthenticatorBase.java:482) ~[tomcat-embed-core-10.1.24.jar:10.1.24]
	at org.apache.catalina.core.StandardHostValve.invoke(StandardHostValve.java:115) ~[tomcat-embed-core-10.1.24.jar:10.1.24]
	at org.apache.catalina.valves.ErrorReportValve.invoke(ErrorReportValve.java:93) ~[tomcat-embed-core-10.1.24.jar:10.1.24]
	at org.apache.catalina.core.StandardEngineValve.invoke(StandardEngineValve.java:74) ~[tomcat-embed-core-10.1.24.jar:10.1.24]
	at org.apache.catalina.connector.CoyoteAdapter.service(CoyoteAdapter.java:344) ~[tomcat-embed-core-10.1.24.jar:10.1.24]
	at org.apache.coyote.http11.Http11Processor.service(Http11Processor.java:389) ~[tomcat-embed-core-10.1.24.jar:10.1.24]
	at org.apache.coyote.AbstractProcessorLight.process(AbstractProcessorLight.java:63) ~[tomcat-embed-core-10.1.24.jar:10.1.24]
	at org.apache.coyote.AbstractProtocol$ConnectionHandler.process(AbstractProtocol.java:896) ~[tomcat-embed-core-10.1.24.jar:10.1.24]
	at org.apache.tomcat.util.net.NioEndpoint$SocketProcessor.doRun(NioEndpoint.java:1741) ~[tomcat-embed-core-10.1.24.jar:10.1.24]
	at org.apache.tomcat.util.net.SocketProcessorBase.run(SocketProcessorBase.java:52) ~[tomcat-embed-core-10.1.24.jar:10.1.24]
	at org.apache.tomcat.util.threads.ThreadPoolExecutor.runWorker(ThreadPoolExecutor.java:1190) ~[tomcat-embed-core-10.1.24.jar:10.1.24]
	at org.apache.tomcat.util.threads.ThreadPoolExecutor$Worker.run(ThreadPoolExecutor.java:659) ~[tomcat-embed-core-10.1.24.jar:10.1.24]
	at org.apache.tomcat.util.threads.TaskThread$WrappingRunnable.run(TaskThread.java:63) ~[tomcat-embed-core-10.1.24.jar:10.1.24]
	at java.base/java.lang.Thread.run(Thread.java:840) ~[na:na]

2026-05-29T12:13:38.385+05:30  INFO 18436 --- [EasyRoute_Backend] [RMI TCP Connection(13)-127.0.0.1] inMXBeanRegistrar$SpringApplicationAdmin : Application shutdown requested.
2026-05-29T12:13:38.397+05:30  INFO 18436 --- [EasyRoute_Backend] [RMI TCP Connection(13)-127.0.0.1] j.LocalContainerEntityManagerFactoryBean : Closing JPA EntityManagerFactory for persistence unit 'default'
2026-05-29T12:13:38.400+05:30  INFO 18436 --- [EasyRoute_Backend] [RMI TCP Connection(13)-127.0.0.1] com.zaxxer.hikari.HikariDataSource       : HikariPool-1 - Shutdown initiated...
2026-05-29T12:13:38.402+05:30  INFO 18436 --- [EasyRoute_Backend] [RMI TCP Connection(13)-127.0.0.1] com.zaxxer.hikari.HikariDataSource       : HikariPool-1 - Shutdown completed.
2026-05-29T12:13:52.499+05:30  INFO 12460 --- [EasyRoute_Backend] [main] c.l.p.LogisticsPlatformApplication       : Starting LogisticsPlatformApplication using Java 17.0.10 with PID 12460 (C:\Users\2531038\Desktop\LogisticsApplication\EasyRoute_backend\target\classes started by 2531038 in C:\Users\2531038\Desktop\LogisticsApplication\EasyRoute_backend)
2026-05-29T12:13:52.503+05:30 DEBUG 12460 --- [EasyRoute_Backend] [main] c.l.p.LogisticsPlatformApplication       : Running with Spring Boot v3.3.0, Spring v6.1.8
2026-05-29T12:13:52.506+05:30  INFO 12460 --- [EasyRoute_Backend] [main] c.l.p.LogisticsPlatformApplication       : No active profile set, falling back to 1 default profile: "default"
2026-05-29T12:13:53.213+05:30  INFO 12460 --- [EasyRoute_Backend] [main] .s.d.r.c.RepositoryConfigurationDelegate : Bootstrapping Spring Data JPA repositories in DEFAULT mode.
2026-05-29T12:13:53.335+05:30  INFO 12460 --- [EasyRoute_Backend] [main] .s.d.r.c.RepositoryConfigurationDelegate : Finished Spring Data repository scanning in 116 ms. Found 13 JPA repository interfaces.
2026-05-29T12:13:53.743+05:30  INFO 12460 --- [EasyRoute_Backend] [main] o.s.b.w.embedded.tomcat.TomcatWebServer  : Tomcat initialized with port 8080 (http)
2026-05-29T12:13:53.751+05:30  INFO 12460 --- [EasyRoute_Backend] [main] o.apache.catalina.core.StandardService   : Starting service [Tomcat]
2026-05-29T12:13:53.751+05:30  INFO 12460 --- [EasyRoute_Backend] [main] o.apache.catalina.core.StandardEngine    : Starting Servlet engine: [Apache Tomcat/10.1.24]
2026-05-29T12:13:53.795+05:30  INFO 12460 --- [EasyRoute_Backend] [main] o.a.c.c.C.[Tomcat].[localhost].[/]       : Initializing Spring embedded WebApplicationContext
2026-05-29T12:13:53.795+05:30  INFO 12460 --- [EasyRoute_Backend] [main] w.s.c.ServletWebServerApplicationContext : Root WebApplicationContext: initialization completed in 1118 ms
2026-05-29T12:13:53.909+05:30  INFO 12460 --- [EasyRoute_Backend] [main] o.hibernate.jpa.internal.util.LogHelper  : HHH000204: Processing PersistenceUnitInfo [name: default]
2026-05-29T12:13:53.943+05:30  INFO 12460 --- [EasyRoute_Backend] [main] org.hibernate.Version                    : HHH000412: Hibernate ORM core version 6.5.2.Final
2026-05-29T12:13:53.971+05:30  INFO 12460 --- [EasyRoute_Backend] [main] o.h.c.internal.RegionFactoryInitiator    : HHH000026: Second-level cache disabled
2026-05-29T12:13:54.166+05:30  INFO 12460 --- [EasyRoute_Backend] [main] o.s.o.j.p.SpringPersistenceUnitInfo      : No LoadTimeWeaver setup: ignoring JPA class transformer
2026-05-29T12:13:54.183+05:30  INFO 12460 --- [EasyRoute_Backend] [main] com.zaxxer.hikari.HikariDataSource       : HikariPool-1 - Starting...
2026-05-29T12:13:54.219+05:30  INFO 12460 --- [EasyRoute_Backend] [main] com.zaxxer.hikari.pool.HikariPool        : HikariPool-1 - Added connection org.postgresql.jdbc.PgConnection@484876a1
2026-05-29T12:13:54.221+05:30  INFO 12460 --- [EasyRoute_Backend] [main] com.zaxxer.hikari.HikariDataSource       : HikariPool-1 - Start completed.
2026-05-29T12:13:54.245+05:30  WARN 12460 --- [EasyRoute_Backend] [main] org.hibernate.orm.deprecation            : HHH90000025: PostgreSQLDialect does not need to be specified explicitly using 'hibernate.dialect' (remove the property setting and it will be selected by default)
2026-05-29T12:13:55.061+05:30  INFO 12460 --- [EasyRoute_Backend] [main] o.h.e.t.j.p.i.JtaPlatformInitiator       : HHH000489: No JTA platform available (set 'hibernate.transaction.jta.platform' to enable JTA platform integration)
2026-05-29T12:13:55.096+05:30 DEBUG 12460 --- [EasyRoute_Backend] [main] org.hibernate.SQL                        : 
    alter table if exists audit_logs 
       alter column notes set data type TEXT
2026-05-29T12:13:55.102+05:30 DEBUG 12460 --- [EasyRoute_Backend] [main] org.hibernate.SQL                        : 
    alter table if exists shipment_items 
       alter column description set data type TEXT
2026-05-29T12:13:55.104+05:30 DEBUG 12460 --- [EasyRoute_Backend] [main] org.hibernate.SQL                        : 
    alter table if exists support_tickets 
       alter column admin_reply set data type TEXT
2026-05-29T12:13:55.105+05:30 DEBUG 12460 --- [EasyRoute_Backend] [main] org.hibernate.SQL                        : 
    alter table if exists support_tickets 
       alter column description set data type TEXT
2026-05-29T12:13:55.107+05:30 DEBUG 12460 --- [EasyRoute_Backend] [main] org.hibernate.SQL                        : 
    alter table if exists trucks 
       alter column insurance_url set data type TEXT
2026-05-29T12:13:55.108+05:30 DEBUG 12460 --- [EasyRoute_Backend] [main] org.hibernate.SQL                        : 
    alter table if exists trucks 
       alter column license_url set data type TEXT
2026-05-29T12:13:55.108+05:30 DEBUG 12460 --- [EasyRoute_Backend] [main] org.hibernate.SQL                        : 
    alter table if exists trucks 
       alter column rc_document_url set data type TEXT
2026-05-29T12:13:55.110+05:30 DEBUG 12460 --- [EasyRoute_Backend] [main] org.hibernate.SQL                        : 
    alter table if exists users 
       alter column bio set data type TEXT
2026-05-29T12:13:55.205+05:30  INFO 12460 --- [EasyRoute_Backend] [main] j.LocalContainerEntityManagerFactoryBean : Initialized JPA EntityManagerFactory for persistence unit 'default'
2026-05-29T12:13:55.778+05:30 DEBUG 12460 --- [EasyRoute_Backend] [main] c.l.p.security.JwtAuthenticationFilter   : Filter 'jwtAuthenticationFilter' configured for use
2026-05-29T12:13:57.215+05:30  INFO 12460 --- [EasyRoute_Backend] [main] r$InitializeUserDetailsManagerConfigurer : Global AuthenticationManager configured with UserDetailsService bean with name customUserDetailsService
2026-05-29T12:13:58.184+05:30 DEBUG 12460 --- [EasyRoute_Backend] [main] s.w.s.m.m.a.RequestMappingHandlerMapping : 48 mappings in 'requestMappingHandlerMapping'
2026-05-29T12:13:58.254+05:30 DEBUG 12460 --- [EasyRoute_Backend] [main] o.s.w.s.handler.SimpleUrlHandlerMapping  : Patterns [/webjars/**, /**, /swagger-ui*/*swagger-initializer.js, /swagger-ui*/**] in 'resourceHandlerMapping'
2026-05-29T12:13:58.368+05:30  INFO 12460 --- [EasyRoute_Backend] [main] o.s.s.web.DefaultSecurityFilterChain     : Will secure any request with [org.springframework.security.web.session.DisableEncodeUrlFilter@32e0b990, org.springframework.security.web.context.request.async.WebAsyncManagerIntegrationFilter@7f6ba409, org.springframework.security.web.context.SecurityContextHolderFilter@50fd4246, org.springframework.security.web.header.HeaderWriterFilter@6654e105, org.springframework.web.filter.CorsFilter@232e4e1d, org.springframework.security.web.authentication.logout.LogoutFilter@47e6004c, com.logistics.platform.security.JwtAuthenticationFilter@72e9c0a0, org.springframework.security.web.savedrequest.RequestCacheAwareFilter@2a0154f7, org.springframework.security.web.servletapi.SecurityContextHolderAwareRequestFilter@223ed38f, org.springframework.security.web.authentication.AnonymousAuthenticationFilter@988eae9, org.springframework.security.web.session.SessionManagementFilter@7c7335dc, org.springframework.security.web.access.ExceptionTranslationFilter@50e0541, org.springframework.security.web.access.intercept.AuthorizationFilter@3d2e1d18]
2026-05-29T12:13:58.590+05:30 DEBUG 12460 --- [EasyRoute_Backend] [main] s.w.s.m.m.a.RequestMappingHandlerAdapter : ControllerAdvice beans: 0 @ModelAttribute, 0 @InitBinder, 1 RequestBodyAdvice, 1 ResponseBodyAdvice
2026-05-29T12:13:58.656+05:30 DEBUG 12460 --- [EasyRoute_Backend] [main] .m.m.a.ExceptionHandlerExceptionResolver : ControllerAdvice beans: 2 @ExceptionHandler, 1 ResponseBodyAdvice
2026-05-29T12:13:59.224+05:30  INFO 12460 --- [EasyRoute_Backend] [main] o.s.b.w.embedded.tomcat.TomcatWebServer  : Tomcat started on port 8080 (http) with context path '/'
2026-05-29T12:13:59.250+05:30  INFO 12460 --- [EasyRoute_Backend] [main] c.l.p.LogisticsPlatformApplication       : Started LogisticsPlatformApplication in 7.117 seconds (process running for 7.5)
2026-05-29T12:13:59.495+05:30 DEBUG 12460 --- [EasyRoute_Backend] [main] org.hibernate.SQL                        : 
    select
        u1_0.id 
    from
        users u1_0 
    where
        u1_0.email=? 
    fetch
        first ? rows only
2026-05-29T12:13:59.823+05:30 DEBUG 12460 --- [EasyRoute_Backend] [main] org.hibernate.SQL                        : 
    select
        count(*) 
    from
        user_rate_cards urc1_0
2026-05-29T12:13:59.842+05:30 DEBUG 12460 --- [EasyRoute_Backend] [main] org.hibernate.SQL                        : 
    select
        count(*) 
    from
        couriers c1_0
2026-05-29T12:14:02.108+05:30  INFO 12460 --- [EasyRoute_Backend] [http-nio-8080-exec-1] o.a.c.c.C.[Tomcat].[localhost].[/]       : Initializing Spring DispatcherServlet 'dispatcherServlet'
2026-05-29T12:14:02.109+05:30  INFO 12460 --- [EasyRoute_Backend] [http-nio-8080-exec-1] o.s.web.servlet.DispatcherServlet        : Initializing Servlet 'dispatcherServlet'
2026-05-29T12:14:02.109+05:30 DEBUG 12460 --- [EasyRoute_Backend] [http-nio-8080-exec-1] o.s.web.servlet.DispatcherServlet        : Detected StandardServletMultipartResolver
2026-05-29T12:14:02.109+05:30 DEBUG 12460 --- [EasyRoute_Backend] [http-nio-8080-exec-1] o.s.web.servlet.DispatcherServlet        : Detected AcceptHeaderLocaleResolver
2026-05-29T12:14:02.109+05:30 DEBUG 12460 --- [EasyRoute_Backend] [http-nio-8080-exec-1] o.s.web.servlet.DispatcherServlet        : Detected FixedThemeResolver
2026-05-29T12:14:02.109+05:30 DEBUG 12460 --- [EasyRoute_Backend] [http-nio-8080-exec-1] o.s.web.servlet.DispatcherServlet        : Detected org.springframework.web.servlet.view.DefaultRequestToViewNameTranslator@5f27d271
2026-05-29T12:14:02.109+05:30 DEBUG 12460 --- [EasyRoute_Backend] [http-nio-8080-exec-1] o.s.web.servlet.DispatcherServlet        : Detected org.springframework.web.servlet.support.SessionFlashMapManager@3d3a3738
2026-05-29T12:14:02.114+05:30 DEBUG 12460 --- [EasyRoute_Backend] [http-nio-8080-exec-1] o.s.web.servlet.DispatcherServlet        : enableLoggingRequestDetails='false': request parameters and headers will be masked to prevent unsafe logging of potentially sensitive data
2026-05-29T12:14:02.114+05:30  INFO 12460 --- [EasyRoute_Backend] [http-nio-8080-exec-1] o.s.web.servlet.DispatcherServlet        : Completed initialization in 5 ms
2026-05-29T12:14:02.195+05:30 DEBUG 12460 --- [EasyRoute_Backend] [http-nio-8080-exec-3] o.s.web.servlet.DispatcherServlet        : POST "/api/v1/auth/login", parameters={}
2026-05-29T12:14:02.199+05:30 DEBUG 12460 --- [EasyRoute_Backend] [http-nio-8080-exec-3] s.w.s.m.m.a.RequestMappingHandlerMapping : Mapped to com.logistics.platform.controller.AuthController#login(LoginRequest, HttpServletRequest)
2026-05-29T12:14:02.332+05:30 DEBUG 12460 --- [EasyRoute_Backend] [http-nio-8080-exec-3] m.m.a.RequestResponseBodyMethodProcessor : Read "application/json;charset=UTF-8" to [LoginRequest(email=sravani@gmail.com, password=Sravani123)]
2026-05-29T12:14:02.999+05:30 DEBUG 12460 --- [EasyRoute_Backend] [http-nio-8080-exec-3] org.hibernate.SQL                        : 
    select
        u1_0.id,
        u1_0.address,
        u1_0.bank_details,
        u1_0.bio,
        u1_0.city,
        u1_0.created_at,
        u1_0.email,
        u1_0.email_verified,
        u1_0.emergency_contacts,
        u1_0.gstin,
        u1_0.is_active,
        u1_0.name,
        u1_0.password,
        u1_0.phone,
        u1_0.pincode,
        u1_0.preferred_route_area,
        u1_0.profile_photo_url,
        u1_0.role,
        u1_0.state,
        u1_0.updated_at 
    from
        users u1_0 
    where
        u1_0.email=?
2026-05-29T12:14:03.792+05:30 DEBUG 12460 --- [EasyRoute_Backend] [http-nio-8080-exec-3] org.hibernate.SQL                        : 
    insert 
    into
        audit_logs
        (action, created_at, entity_id, entity_type, ip_address, notes, updated_at, user_id, id) 
    values
        (?, ?, ?, ?, ?, ?, ?, ?, ?)
2026-05-29T12:14:03.832+05:30 DEBUG 12460 --- [EasyRoute_Backend] [http-nio-8080-exec-3] o.s.w.s.m.m.a.HttpEntityMethodProcessor  : Using 'application/json', given [application/json, text/plain, */*] and supported [application/json, application/*+json]
2026-05-29T12:14:03.832+05:30 DEBUG 12460 --- [EasyRoute_Backend] [http-nio-8080-exec-3] o.s.w.s.m.m.a.HttpEntityMethodProcessor  : Writing [ApiResponse(success=true, message=Login successful, data=AuthResponse(token=eyJhbGciOiJIUzUxMiJ9.eyJ (truncated)...]
2026-05-29T12:14:03.854+05:30 DEBUG 12460 --- [EasyRoute_Backend] [http-nio-8080-exec-3] o.s.web.servlet.DispatcherServlet        : Completed 200 OK
2026-05-29T12:14:03.965+05:30 DEBUG 12460 --- [EasyRoute_Backend] [http-nio-8080-exec-10] org.hibernate.SQL                        : 
    select
        u1_0.id,
        u1_0.address,
        u1_0.bank_details,
        u1_0.bio,
        u1_0.city,
        u1_0.created_at,
        u1_0.email,
        u1_0.email_verified,
        u1_0.emergency_contacts,
        u1_0.gstin,
        u1_0.is_active,
        u1_0.name,
        u1_0.password,
        u1_0.phone,
        u1_0.pincode,
        u1_0.preferred_route_area,
        u1_0.profile_photo_url,
        u1_0.role,
        u1_0.state,
        u1_0.updated_at 
    from
        users u1_0 
    where
        u1_0.email=?
2026-05-29T12:14:03.965+05:30 DEBUG 12460 --- [EasyRoute_Backend] [http-nio-8080-exec-9] org.hibernate.SQL                        : 
    select
        u1_0.id,
        u1_0.address,
        u1_0.bank_details,
        u1_0.bio,
        u1_0.city,
        u1_0.created_at,
        u1_0.email,
        u1_0.email_verified,
        u1_0.emergency_contacts,
        u1_0.gstin,
        u1_0.is_active,
        u1_0.name,
        u1_0.password,
        u1_0.phone,
        u1_0.pincode,
        u1_0.preferred_route_area,
        u1_0.profile_photo_url,
        u1_0.role,
        u1_0.state,
        u1_0.updated_at 
    from
        users u1_0 
    where
        u1_0.email=?
2026-05-29T12:14:03.965+05:30 DEBUG 12460 --- [EasyRoute_Backend] [http-nio-8080-exec-1] org.hibernate.SQL                        : 
    select
        u1_0.id,
        u1_0.address,
        u1_0.bank_details,
        u1_0.bio,
        u1_0.city,
        u1_0.created_at,
        u1_0.email,
        u1_0.email_verified,
        u1_0.emergency_contacts,
        u1_0.gstin,
        u1_0.is_active,
        u1_0.name,
        u1_0.password,
        u1_0.phone,
        u1_0.pincode,
        u1_0.preferred_route_area,
        u1_0.profile_photo_url,
        u1_0.role,
        u1_0.state,
        u1_0.updated_at 
    from
        users u1_0 
    where
        u1_0.email=?
2026-05-29T12:14:03.965+05:30 DEBUG 12460 --- [EasyRoute_Backend] [http-nio-8080-exec-10] o.s.web.servlet.DispatcherServlet        : GET "/api/v1/rates/my-rate", parameters={}
2026-05-29T12:14:03.975+05:30 DEBUG 12460 --- [EasyRoute_Backend] [http-nio-8080-exec-10] s.w.s.m.m.a.RequestMappingHandlerMapping : Mapped to com.logistics.platform.controller.PlatformRateController#getMyRate(Authentication)
2026-05-29T12:14:03.983+05:30 DEBUG 12460 --- [EasyRoute_Backend] [http-nio-8080-exec-1] o.s.web.servlet.DispatcherServlet        : GET "/api/v1/shipments", parameters={}
2026-05-29T12:14:03.983+05:30 DEBUG 12460 --- [EasyRoute_Backend] [http-nio-8080-exec-9] o.s.web.servlet.DispatcherServlet        : GET "/api/v1/config/maps-key", parameters={}
2026-05-29T12:14:03.983+05:30 DEBUG 12460 --- [EasyRoute_Backend] [http-nio-8080-exec-1] s.w.s.m.m.a.RequestMappingHandlerMapping : Mapped to com.logistics.platform.controller.ShipmentController#getMyShipments(User, ShipmentStatus)
2026-05-29T12:14:03.983+05:30 DEBUG 12460 --- [EasyRoute_Backend] [http-nio-8080-exec-9] s.w.s.m.m.a.RequestMappingHandlerMapping : Mapped to com.logistics.platform.controller.ConfigController#getMapsKey()
2026-05-29T12:14:03.986+05:30 DEBUG 12460 --- [EasyRoute_Backend] [http-nio-8080-exec-9] o.s.w.s.m.m.a.HttpEntityMethodProcessor  : Using 'application/json', given [application/json, text/plain, */*] and supported [application/json, application/*+json]
2026-05-29T12:14:03.986+05:30 DEBUG 12460 --- [EasyRoute_Backend] [http-nio-8080-exec-9] o.s.w.s.m.m.a.HttpEntityMethodProcessor  : Writing [ApiResponse(success=true, message=Maps API Key retrieved successfully, data={apiKey=AIzaSyANarU6cEpt (truncated)...]
2026-05-29T12:14:03.990+05:30 DEBUG 12460 --- [EasyRoute_Backend] [http-nio-8080-exec-9] o.s.web.servlet.DispatcherServlet        : Completed 200 OK
2026-05-29T12:14:03.992+05:30 DEBUG 12460 --- [EasyRoute_Backend] [http-nio-8080-exec-1] org.hibernate.SQL                        : 
    select
        u1_0.id,
        u1_0.address,
        u1_0.bank_details,
        u1_0.bio,
        u1_0.city,
        u1_0.created_at,
        u1_0.email,
        u1_0.email_verified,
        u1_0.emergency_contacts,
        u1_0.gstin,
        u1_0.is_active,
        u1_0.name,
        u1_0.password,
        u1_0.phone,
        u1_0.pincode,
        u1_0.preferred_route_area,
        u1_0.profile_photo_url,
        u1_0.role,
        u1_0.state,
        u1_0.updated_at 
    from
        users u1_0 
    where
        u1_0.email=?
2026-05-29T12:14:04.005+05:30 DEBUG 12460 --- [EasyRoute_Backend] [http-nio-8080-exec-3] org.hibernate.SQL                        : 
    select
        u1_0.id,
        u1_0.address,
        u1_0.bank_details,
        u1_0.bio,
        u1_0.city,
        u1_0.created_at,
        u1_0.email,
        u1_0.email_verified,
        u1_0.emergency_contacts,
        u1_0.gstin,
        u1_0.is_active,
        u1_0.name,
        u1_0.password,
        u1_0.phone,
        u1_0.pincode,
        u1_0.preferred_route_area,
        u1_0.profile_photo_url,
        u1_0.role,
        u1_0.state,
        u1_0.updated_at 
    from
        users u1_0 
    where
        u1_0.email=?
2026-05-29T12:14:04.009+05:30 DEBUG 12460 --- [EasyRoute_Backend] [http-nio-8080-exec-3] o.s.web.servlet.DispatcherServlet        : GET "/api/v1/config/maps-key", parameters={}
2026-05-29T12:14:04.010+05:30 DEBUG 12460 --- [EasyRoute_Backend] [http-nio-8080-exec-3] s.w.s.m.m.a.RequestMappingHandlerMapping : Mapped to com.logistics.platform.controller.ConfigController#getMapsKey()
2026-05-29T12:14:04.010+05:30 DEBUG 12460 --- [EasyRoute_Backend] [http-nio-8080-exec-3] o.s.w.s.m.m.a.HttpEntityMethodProcessor  : Using 'application/json', given [application/json, text/plain, */*] and supported [application/json, application/*+json]
2026-05-29T12:14:04.010+05:30 DEBUG 12460 --- [EasyRoute_Backend] [http-nio-8080-exec-3] o.s.w.s.m.m.a.HttpEntityMethodProcessor  : Writing [ApiResponse(success=true, message=Maps API Key retrieved successfully, data={apiKey=AIzaSyANarU6cEpt (truncated)...]
2026-05-29T12:14:04.013+05:30 DEBUG 12460 --- [EasyRoute_Backend] [http-nio-8080-exec-3] o.s.web.servlet.DispatcherServlet        : Completed 200 OK
2026-05-29T12:14:04.015+05:30 DEBUG 12460 --- [EasyRoute_Backend] [http-nio-8080-exec-1] org.hibernate.SQL                        : 
    select
        s1_0.id,
        s1_0.actual_delivery_time,
        s1_0.actual_pickup_time,
        s1_0.cancellation_reason,
        s1_0.chargeable_weight,
        s1_0.cod_amount,
        s1_0.cod_charge,
        s1_0.courier_id,
        s1_0.created_at,
        s1_0.customer_id,
        s1_0.drop_address,
        s1_0.drop_city,
        s1_0.drop_lat,
        s1_0.drop_lng,
        s1_0.drop_pincode,
        s1_0.estimated_cost,
        s1_0.freight_charge,
        s1_0.fuel_charge,
        s1_0.gst_charge,
        s1_0.payment_mode,
        s1_0.pickup_address,
        s1_0.pickup_city,
        s1_0.pickup_lat,
        s1_0.pickup_lng,
        s1_0.pickup_partner_id,
        s1_0.pickup_pincode,
        s1_0.remote_charge,
        s1_0.scheduled_pickup_time,
        s1_0.status,
        s1_0.total_weight_kg,
        s1_0.tracking_number,
        s1_0.truck_id,
        s1_0.updated_at,
        s1_0.volumetric_weight 
    from
        shipments s1_0 
    where
        s1_0.customer_id=?
2026-05-29T12:14:04.024+05:30 DEBUG 12460 --- [EasyRoute_Backend] [http-nio-8080-exec-10] org.hibernate.SQL                        : 
    select
        urc1_0.id,
        urc1_0.is_active,
        urc1_0.base_fare,
        urc1_0.commission_percentage,
        urc1_0.created_at,
        urc1_0.fixed_fee,
        urc1_0.name,
        urc1_0.per_kg_rate,
        urc1_0.per_km_rate,
        urc1_0.target_role,
        urc1_0.updated_at,
        urc1_0.user_id 
    from
        user_rate_cards urc1_0 
    where
        urc1_0.user_id=? 
        and urc1_0.is_active
2026-05-29T12:14:04.032+05:30 DEBUG 12460 --- [EasyRoute_Backend] [http-nio-8080-exec-10] org.hibernate.SQL                        : 
    select
        urc1_0.id,
        urc1_0.is_active,
        urc1_0.base_fare,
        urc1_0.commission_percentage,
        urc1_0.created_at,
        urc1_0.fixed_fee,
        urc1_0.name,
        urc1_0.per_kg_rate,
        urc1_0.per_km_rate,
        urc1_0.target_role,
        urc1_0.updated_at,
        urc1_0.user_id 
    from
        user_rate_cards urc1_0 
    where
        urc1_0.target_role=? 
        and urc1_0.is_active
2026-05-29T12:14:04.036+05:30 DEBUG 12460 --- [EasyRoute_Backend] [http-nio-8080-exec-10] o.s.w.s.m.m.a.HttpEntityMethodProcessor  : Using 'application/json', given [application/json, text/plain, */*] and supported [application/json, application/*+json]
2026-05-29T12:14:04.036+05:30 DEBUG 12460 --- [EasyRoute_Backend] [http-nio-8080-exec-10] o.s.w.s.m.m.a.HttpEntityMethodProcessor  : Nothing to write: null body
2026-05-29T12:14:04.036+05:30 DEBUG 12460 --- [EasyRoute_Backend] [http-nio-8080-exec-10] o.s.web.servlet.DispatcherServlet        : Completed 200 OK
2026-05-29T12:14:04.047+05:30 DEBUG 12460 --- [EasyRoute_Backend] [http-nio-8080-exec-4] org.hibernate.SQL                        : 
    select
        u1_0.id,
        u1_0.address,
        u1_0.bank_details,
        u1_0.bio,
        u1_0.city,
        u1_0.created_at,
        u1_0.email,
        u1_0.email_verified,
        u1_0.emergency_contacts,
        u1_0.gstin,
        u1_0.is_active,
        u1_0.name,
        u1_0.password,
        u1_0.phone,
        u1_0.pincode,
        u1_0.preferred_route_area,
        u1_0.profile_photo_url,
        u1_0.role,
        u1_0.state,
        u1_0.updated_at 
    from
        users u1_0 
    where
        u1_0.email=?
2026-05-29T12:14:04.051+05:30 DEBUG 12460 --- [EasyRoute_Backend] [http-nio-8080-exec-4] o.s.web.servlet.DispatcherServlet        : GET "/api/v1/rates/my-rate", parameters={}
2026-05-29T12:14:04.051+05:30 DEBUG 12460 --- [EasyRoute_Backend] [http-nio-8080-exec-4] s.w.s.m.m.a.RequestMappingHandlerMapping : Mapped to com.logistics.platform.controller.PlatformRateController#getMyRate(Authentication)
2026-05-29T12:14:04.053+05:30 DEBUG 12460 --- [EasyRoute_Backend] [http-nio-8080-exec-4] org.hibernate.SQL                        : 
    select
        urc1_0.id,
        urc1_0.is_active,
        urc1_0.base_fare,
        urc1_0.commission_percentage,
        urc1_0.created_at,
        urc1_0.fixed_fee,
        urc1_0.name,
        urc1_0.per_kg_rate,
        urc1_0.per_km_rate,
        urc1_0.target_role,
        urc1_0.updated_at,
        urc1_0.user_id 
    from
        user_rate_cards urc1_0 
    where
        urc1_0.user_id=? 
        and urc1_0.is_active
2026-05-29T12:14:04.059+05:30 DEBUG 12460 --- [EasyRoute_Backend] [http-nio-8080-exec-4] org.hibernate.SQL                        : 
    select
        urc1_0.id,
        urc1_0.is_active,
        urc1_0.base_fare,
        urc1_0.commission_percentage,
        urc1_0.created_at,
        urc1_0.fixed_fee,
        urc1_0.name,
        urc1_0.per_kg_rate,
        urc1_0.per_km_rate,
        urc1_0.target_role,
        urc1_0.updated_at,
        urc1_0.user_id 
    from
        user_rate_cards urc1_0 
    where
        urc1_0.target_role=? 
        and urc1_0.is_active
2026-05-29T12:14:04.059+05:30 DEBUG 12460 --- [EasyRoute_Backend] [http-nio-8080-exec-4] o.s.w.s.m.m.a.HttpEntityMethodProcessor  : Using 'application/json', given [application/json, text/plain, */*] and supported [application/json, application/*+json]
2026-05-29T12:14:04.059+05:30 DEBUG 12460 --- [EasyRoute_Backend] [http-nio-8080-exec-4] o.s.w.s.m.m.a.HttpEntityMethodProcessor  : Nothing to write: null body
2026-05-29T12:14:04.063+05:30 DEBUG 12460 --- [EasyRoute_Backend] [http-nio-8080-exec-4] o.s.web.servlet.DispatcherServlet        : Completed 200 OK
2026-05-29T12:14:04.069+05:30 DEBUG 12460 --- [EasyRoute_Backend] [http-nio-8080-exec-1] org.hibernate.SQL                        : 
    select
        i1_0.shipment_id,
        i1_0.id,
        i1_0.created_at,
        i1_0.description,
        i1_0.fragile,
        i1_0.item_name,
        i1_0.quantity,
        i1_0.updated_at,
        i1_0.weight_kg 
    from
        shipment_items i1_0 
    where
        i1_0.shipment_id=?
2026-05-29T12:14:04.083+05:30 DEBUG 12460 --- [EasyRoute_Backend] [http-nio-8080-exec-1] org.hibernate.SQL                        : 
    select
        t1_0.id,
        t1_0.capacity_tons,
        t1_0.created_at,
        t1_0.current_route_area,
        t1_0.insurance_url,
        t1_0.is_available,
        t1_0.is_rejected,
        t1_0.is_verified,
        t1_0.license_url,
        t1_0.owner_id,
        t1_0.rate_card_accepted,
        t1_0.rc_document_url,
        t1_0.registration_number,
        t1_0.truck_type,
        t1_0.updated_at 
    from
        trucks t1_0 
    where
        t1_0.id=?
2026-05-29T12:14:04.087+05:30 DEBUG 12460 --- [EasyRoute_Backend] [http-nio-8080-exec-1] org.hibernate.SQL                        : 
    select
        u1_0.id,
        u1_0.address,
        u1_0.bank_details,
        u1_0.bio,
        u1_0.city,
        u1_0.created_at,
        u1_0.email,
        u1_0.email_verified,
        u1_0.emergency_contacts,
        u1_0.gstin,
        u1_0.is_active,
        u1_0.name,
        u1_0.password,
        u1_0.phone,
        u1_0.pincode,
        u1_0.preferred_route_area,
        u1_0.profile_photo_url,
        u1_0.role,
        u1_0.state,
        u1_0.updated_at 
    from
        users u1_0 
    where
        u1_0.id=?
2026-05-29T12:14:04.089+05:30 DEBUG 12460 --- [EasyRoute_Backend] [http-nio-8080-exec-1] org.hibernate.SQL                        : 
    select
        u1_0.id,
        u1_0.address,
        u1_0.bank_details,
        u1_0.bio,
        u1_0.city,
        u1_0.created_at,
        u1_0.email,
        u1_0.email_verified,
        u1_0.emergency_contacts,
        u1_0.gstin,
        u1_0.is_active,
        u1_0.name,
        u1_0.password,
        u1_0.phone,
        u1_0.pincode,
        u1_0.preferred_route_area,
        u1_0.profile_photo_url,
        u1_0.role,
        u1_0.state,
        u1_0.updated_at 
    from
        users u1_0 
    where
        u1_0.id=?
2026-05-29T12:14:04.091+05:30 DEBUG 12460 --- [EasyRoute_Backend] [http-nio-8080-exec-1] org.hibernate.SQL                        : 
    select
        i1_0.shipment_id,
        i1_0.id,
        i1_0.created_at,
        i1_0.description,
        i1_0.fragile,
        i1_0.item_name,
        i1_0.quantity,
        i1_0.updated_at,
        i1_0.weight_kg 
    from
        shipment_items i1_0 
    where
        i1_0.shipment_id=?
2026-05-29T12:14:04.094+05:30 DEBUG 12460 --- [EasyRoute_Backend] [http-nio-8080-exec-1] o.s.w.s.m.m.a.HttpEntityMethodProcessor  : Using 'application/json', given [application/json, text/plain, */*] and supported [application/json, application/*+json]
2026-05-29T12:14:04.116+05:30 DEBUG 12460 --- [EasyRoute_Backend] [http-nio-8080-exec-1] o.s.w.s.m.m.a.HttpEntityMethodProcessor  : Writing [ApiResponse(success=true, message=Shipments retrieved successfully, data=[ShipmentResponse(id=440150 (truncated)...]
2026-05-29T12:14:04.132+05:30 DEBUG 12460 --- [EasyRoute_Backend] [http-nio-8080-exec-1] o.s.web.servlet.DispatcherServlet        : Completed 200 OK
2026-05-29T12:14:04.144+05:30 DEBUG 12460 --- [EasyRoute_Backend] [http-nio-8080-exec-2] org.hibernate.SQL                        : 
    select
        u1_0.id,
        u1_0.address,
        u1_0.bank_details,
        u1_0.bio,
        u1_0.city,
        u1_0.created_at,
        u1_0.email,
        u1_0.email_verified,
        u1_0.emergency_contacts,
        u1_0.gstin,
        u1_0.is_active,
        u1_0.name,
        u1_0.password,
        u1_0.phone,
        u1_0.pincode,
        u1_0.preferred_route_area,
        u1_0.profile_photo_url,
        u1_0.role,
        u1_0.state,
        u1_0.updated_at 
    from
        users u1_0 
    where
        u1_0.email=?
2026-05-29T12:14:04.148+05:30 DEBUG 12460 --- [EasyRoute_Backend] [http-nio-8080-exec-2] o.s.web.servlet.DispatcherServlet        : GET "/api/v1/shipments", parameters={}
2026-05-29T12:14:04.148+05:30 DEBUG 12460 --- [EasyRoute_Backend] [http-nio-8080-exec-2] s.w.s.m.m.a.RequestMappingHandlerMapping : Mapped to com.logistics.platform.controller.ShipmentController#getMyShipments(User, ShipmentStatus)
2026-05-29T12:14:04.153+05:30 DEBUG 12460 --- [EasyRoute_Backend] [http-nio-8080-exec-2] org.hibernate.SQL                        : 
    select
        u1_0.id,
        u1_0.address,
        u1_0.bank_details,
        u1_0.bio,
        u1_0.city,
        u1_0.created_at,
        u1_0.email,
        u1_0.email_verified,
        u1_0.emergency_contacts,
        u1_0.gstin,
        u1_0.is_active,
        u1_0.name,
        u1_0.password,
        u1_0.phone,
        u1_0.pincode,
        u1_0.preferred_route_area,
        u1_0.profile_photo_url,
        u1_0.role,
        u1_0.state,
        u1_0.updated_at 
    from
        users u1_0 
    where
        u1_0.email=?
2026-05-29T12:14:04.153+05:30 DEBUG 12460 --- [EasyRoute_Backend] [http-nio-8080-exec-2] org.hibernate.SQL                        : 
    select
        s1_0.id,
        s1_0.actual_delivery_time,
        s1_0.actual_pickup_time,
        s1_0.cancellation_reason,
        s1_0.chargeable_weight,
        s1_0.cod_amount,
        s1_0.cod_charge,
        s1_0.courier_id,
        s1_0.created_at,
        s1_0.customer_id,
        s1_0.drop_address,
        s1_0.drop_city,
        s1_0.drop_lat,
        s1_0.drop_lng,
        s1_0.drop_pincode,
        s1_0.estimated_cost,
        s1_0.freight_charge,
        s1_0.fuel_charge,
        s1_0.gst_charge,
        s1_0.payment_mode,
        s1_0.pickup_address,
        s1_0.pickup_city,
        s1_0.pickup_lat,
        s1_0.pickup_lng,
        s1_0.pickup_partner_id,
        s1_0.pickup_pincode,
        s1_0.remote_charge,
        s1_0.scheduled_pickup_time,
        s1_0.status,
        s1_0.total_weight_kg,
        s1_0.tracking_number,
        s1_0.truck_id,
        s1_0.updated_at,
        s1_0.volumetric_weight 
    from
        shipments s1_0 
    where
        s1_0.customer_id=?
2026-05-29T12:14:04.159+05:30 DEBUG 12460 --- [EasyRoute_Backend] [http-nio-8080-exec-2] org.hibernate.SQL                        : 
    select
        i1_0.shipment_id,
        i1_0.id,
        i1_0.created_at,
        i1_0.description,
        i1_0.fragile,
        i1_0.item_name,
        i1_0.quantity,
        i1_0.updated_at,
        i1_0.weight_kg 
    from
        shipment_items i1_0 
    where
        i1_0.shipment_id=?
2026-05-29T12:14:04.165+05:30 DEBUG 12460 --- [EasyRoute_Backend] [http-nio-8080-exec-2] org.hibernate.SQL                        : 
    select
        t1_0.id,
        t1_0.capacity_tons,
        t1_0.created_at,
        t1_0.current_route_area,
        t1_0.insurance_url,
        t1_0.is_available,
        t1_0.is_rejected,
        t1_0.is_verified,
        t1_0.license_url,
        t1_0.owner_id,
        t1_0.rate_card_accepted,
        t1_0.rc_document_url,
        t1_0.registration_number,
        t1_0.truck_type,
        t1_0.updated_at 
    from
        trucks t1_0 
    where
        t1_0.id=?
2026-05-29T12:14:04.167+05:30 DEBUG 12460 --- [EasyRoute_Backend] [http-nio-8080-exec-2] org.hibernate.SQL                        : 
    select
        u1_0.id,
        u1_0.address,
        u1_0.bank_details,
        u1_0.bio,
        u1_0.city,
        u1_0.created_at,
        u1_0.email,
        u1_0.email_verified,
        u1_0.emergency_contacts,
        u1_0.gstin,
        u1_0.is_active,
        u1_0.name,
        u1_0.password,
        u1_0.phone,
        u1_0.pincode,
        u1_0.preferred_route_area,
        u1_0.profile_photo_url,
        u1_0.role,
        u1_0.state,
        u1_0.updated_at 
    from
        users u1_0 
    where
        u1_0.id=?
2026-05-29T12:14:04.169+05:30 DEBUG 12460 --- [EasyRoute_Backend] [http-nio-8080-exec-2] org.hibernate.SQL                        : 
    select
        u1_0.id,
        u1_0.address,
        u1_0.bank_details,
        u1_0.bio,
        u1_0.city,
        u1_0.created_at,
        u1_0.email,
        u1_0.email_verified,
        u1_0.emergency_contacts,
        u1_0.gstin,
        u1_0.is_active,
        u1_0.name,
        u1_0.password,
        u1_0.phone,
        u1_0.pincode,
        u1_0.preferred_route_area,
        u1_0.profile_photo_url,
        u1_0.role,
        u1_0.state,
        u1_0.updated_at 
    from
        users u1_0 
    where
        u1_0.id=?
2026-05-29T12:14:04.172+05:30 DEBUG 12460 --- [EasyRoute_Backend] [http-nio-8080-exec-2] org.hibernate.SQL                        : 
    select
        i1_0.shipment_id,
        i1_0.id,
        i1_0.created_at,
        i1_0.description,
        i1_0.fragile,
        i1_0.item_name,
        i1_0.quantity,
        i1_0.updated_at,
        i1_0.weight_kg 
    from
        shipment_items i1_0 
    where
        i1_0.shipment_id=?
2026-05-29T12:14:04.175+05:30 DEBUG 12460 --- [EasyRoute_Backend] [http-nio-8080-exec-2] o.s.w.s.m.m.a.HttpEntityMethodProcessor  : Using 'application/json', given [application/json, text/plain, */*] and supported [application/json, application/*+json]
2026-05-29T12:14:04.175+05:30 DEBUG 12460 --- [EasyRoute_Backend] [http-nio-8080-exec-2] o.s.w.s.m.m.a.HttpEntityMethodProcessor  : Writing [ApiResponse(success=true, message=Shipments retrieved successfully, data=[ShipmentResponse(id=440150 (truncated)...]
2026-05-29T12:14:04.177+05:30 DEBUG 12460 --- [EasyRoute_Backend] [http-nio-8080-exec-2] o.s.web.servlet.DispatcherServlet        : Completed 200 OK
2026-05-29T12:14:07.604+05:30 DEBUG 12460 --- [EasyRoute_Backend] [http-nio-8080-exec-7] org.hibernate.SQL                        : 
    select
        u1_0.id,
        u1_0.address,
        u1_0.bank_details,
        u1_0.bio,
        u1_0.city,
        u1_0.created_at,
        u1_0.email,
        u1_0.email_verified,
        u1_0.emergency_contacts,
        u1_0.gstin,
        u1_0.is_active,
        u1_0.name,
        u1_0.password,
        u1_0.phone,
        u1_0.pincode,
        u1_0.preferred_route_area,
        u1_0.profile_photo_url,
        u1_0.role,
        u1_0.state,
        u1_0.updated_at 
    from
        users u1_0 
    where
        u1_0.email=?
2026-05-29T12:14:07.607+05:30 DEBUG 12460 --- [EasyRoute_Backend] [http-nio-8080-exec-7] o.s.web.servlet.DispatcherServlet        : GET "/api/v1/ai/chat?message=Hello", parameters={masked}
2026-05-29T12:14:07.607+05:30 DEBUG 12460 --- [EasyRoute_Backend] [http-nio-8080-exec-7] s.w.s.m.m.a.RequestMappingHandlerMapping : Mapped to com.logistics.platform.controller.AiController#chat(String)
2026-05-29T12:14:07.827+05:30 DEBUG 12460 --- [EasyRoute_Backend] [http-nio-8080-exec-7] o.s.web.client.DefaultRestClient         : Writing [ChatCompletionRequest[messages=[ChatCompletionMessage[rawContent=[{type=text, text=You are an expert Logistics and Supply Chain Assistant. You help users with shipping, warehousing, inventory management, and transportation queries. Provide concise, professional, and accurate answers.}], role=SYSTEM, name=null, toolCallId=null, toolCalls=null], ChatCompletionMessage[rawContent=[{type=text, text=Hello}], role=USER, name=null, toolCallId=null, toolCalls=null]], model=llama-3.1-8b-instant, frequencyPenalty=null, logitBias=null, logprobs=null, topLogprobs=null, maxTokens=null, n=null, presencePenalty=null, responseFormat=null, seed=null, stop=null, stream=false, temperature=0.7, topP=null, tools=null, toolChoice=null, user=null]] as "application/json" with org.springframework.http.converter.json.MappingJackson2HttpMessageConverter
2026-05-29T12:14:08.593+05:30 DEBUG 12460 --- [EasyRoute_Backend] [http-nio-8080-exec-7] o.s.web.client.DefaultRestClient         : Reading to [org.springframework.ai.openai.api.OpenAiApi$ChatCompletion]
2026-05-29T12:14:08.619+05:30 DEBUG 12460 --- [EasyRoute_Backend] [http-nio-8080-exec-7] m.m.a.RequestResponseBodyMethodProcessor : Using 'application/json', given [application/json, text/plain, */*] and supported [text/plain, */*, application/json, application/*+json]
2026-05-29T12:14:08.619+05:30 DEBUG 12460 --- [EasyRoute_Backend] [http-nio-8080-exec-7] m.m.a.RequestResponseBodyMethodProcessor : Writing ["How can I assist you today? Are you looking for advice on shipping, warehousing, inventory managemen (truncated)..."]
2026-05-29T12:14:08.620+05:30 DEBUG 12460 --- [EasyRoute_Backend] [http-nio-8080-exec-7] o.s.web.servlet.DispatcherServlet        : Completed 200 OK
2026-05-29T12:14:28.538+05:30 DEBUG 12460 --- [EasyRoute_Backend] [http-nio-8080-exec-5] org.hibernate.SQL                        : 
    select
        u1_0.id,
        u1_0.address,
        u1_0.bank_details,
        u1_0.bio,
        u1_0.city,
        u1_0.created_at,
        u1_0.email,
        u1_0.email_verified,
        u1_0.emergency_contacts,
        u1_0.gstin,
        u1_0.is_active,
        u1_0.name,
        u1_0.password,
        u1_0.phone,
        u1_0.pincode,
        u1_0.preferred_route_area,
        u1_0.profile_photo_url,
        u1_0.role,
        u1_0.state,
        u1_0.updated_at 
    from
        users u1_0 
    where
        u1_0.email=?
2026-05-29T12:14:28.548+05:30 DEBUG 12460 --- [EasyRoute_Backend] [http-nio-8080-exec-5] o.s.web.servlet.DispatcherServlet        : GET "/api/v1/ai/chat?message=how%20many%20orders%20did%20i%20completed", parameters={masked}
2026-05-29T12:14:28.548+05:30 DEBUG 12460 --- [EasyRoute_Backend] [http-nio-8080-exec-5] s.w.s.m.m.a.RequestMappingHandlerMapping : Mapped to com.logistics.platform.controller.AiController#chat(String)
2026-05-29T12:14:28.557+05:30 DEBUG 12460 --- [EasyRoute_Backend] [http-nio-8080-exec-5] o.s.web.client.DefaultRestClient         : Writing [ChatCompletionRequest[messages=[ChatCompletionMessage[rawContent=[{type=text, text=You are an expert Logistics and Supply Chain Assistant. You help users with shipping, warehousing, inventory management, and transportation queries. Provide concise, professional, and accurate answers.}], role=SYSTEM, name=null, toolCallId=null, toolCalls=null], ChatCompletionMessage[rawContent=[{type=text, text=how many orders did i completed}], role=USER, name=null, toolCallId=null, toolCalls=null]], model=llama-3.1-8b-instant, frequencyPenalty=null, logitBias=null, logprobs=null, topLogprobs=null, maxTokens=null, n=null, presencePenalty=null, responseFormat=null, seed=null, stop=null, stream=false, temperature=0.7, topP=null, tools=null, toolChoice=null, user=null]] as "application/json" with org.springframework.http.converter.json.MappingJackson2HttpMessageConverter
2026-05-29T12:14:29.443+05:30 DEBUG 12460 --- [EasyRoute_Backend] [http-nio-8080-exec-5] o.s.web.client.DefaultRestClient         : Reading to [org.springframework.ai.openai.api.OpenAiApi$ChatCompletion]
2026-05-29T12:14:29.448+05:30 DEBUG 12460 --- [EasyRoute_Backend] [http-nio-8080-exec-5] m.m.a.RequestResponseBodyMethodProcessor : Using 'application/json', given [application/json, text/plain, */*] and supported [text/plain, */*, application/json, application/*+json]
2026-05-29T12:14:29.449+05:30 DEBUG 12460 --- [EasyRoute_Backend] [http-nio-8080-exec-5] m.m.a.RequestResponseBodyMethodProcessor : Writing ["To provide you with the number of orders you completed, I would need more information. Could you ple (truncated)..."]
2026-05-29T12:14:29.451+05:30 DEBUG 12460 --- [EasyRoute_Backend] [http-nio-8080-exec-5] o.s.web.servlet.DispatcherServlet        : Completed 200 OK
2026-05-29T12:20:02.165+05:30  INFO 12460 --- [EasyRoute_Backend] [RMI TCP Connection(13)-127.0.0.1] inMXBeanRegistrar$SpringApplicationAdmin : Application shutdown requested.
2026-05-29T12:20:02.179+05:30  INFO 12460 --- [EasyRoute_Backend] [RMI TCP Connection(13)-127.0.0.1] j.LocalContainerEntityManagerFactoryBean : Closing JPA EntityManagerFactory for persistence unit 'default'
2026-05-29T12:20:02.181+05:30  INFO 12460 --- [EasyRoute_Backend] [RMI TCP Connection(13)-127.0.0.1] com.zaxxer.hikari.HikariDataSource       : HikariPool-1 - Shutdown initiated...
2026-05-29T12:20:02.185+05:30  INFO 12460 --- [EasyRoute_Backend] [RMI TCP Connection(13)-127.0.0.1] com.zaxxer.hikari.HikariDataSource       : HikariPool-1 - Shutdown completed.
2026-05-29T12:20:05.777+05:30  INFO 30848 --- [EasyRoute_Backend] [main] c.l.p.LogisticsPlatformApplication       : Starting LogisticsPlatformApplication using Java 17.0.10 with PID 30848 (C:\Users\2531038\Desktop\LogisticsApplication\EasyRoute_backend\target\classes started by 2531038 in C:\Users\2531038\Desktop\LogisticsApplication\EasyRoute_backend)
2026-05-29T12:20:05.779+05:30 DEBUG 30848 --- [EasyRoute_Backend] [main] c.l.p.LogisticsPlatformApplication       : Running with Spring Boot v3.3.0, Spring v6.1.8
2026-05-29T12:20:05.780+05:30  INFO 30848 --- [EasyRoute_Backend] [main] c.l.p.LogisticsPlatformApplication       : No active profile set, falling back to 1 default profile: "default"
2026-05-29T12:20:06.409+05:30  INFO 30848 --- [EasyRoute_Backend] [main] .s.d.r.c.RepositoryConfigurationDelegate : Bootstrapping Spring Data JPA repositories in DEFAULT mode.
2026-05-29T12:20:06.503+05:30  INFO 30848 --- [EasyRoute_Backend] [main] .s.d.r.c.RepositoryConfigurationDelegate : Finished Spring Data repository scanning in 91 ms. Found 13 JPA repository interfaces.
2026-05-29T12:20:06.881+05:30  INFO 30848 --- [EasyRoute_Backend] [main] o.s.b.w.embedded.tomcat.TomcatWebServer  : Tomcat initialized with port 8080 (http)
2026-05-29T12:20:06.886+05:30  INFO 30848 --- [EasyRoute_Backend] [main] o.apache.catalina.core.StandardService   : Starting service [Tomcat]
2026-05-29T12:20:06.887+05:30  INFO 30848 --- [EasyRoute_Backend] [main] o.apache.catalina.core.StandardEngine    : Starting Servlet engine: [Apache Tomcat/10.1.24]
2026-05-29T12:20:06.924+05:30  INFO 30848 --- [EasyRoute_Backend] [main] o.a.c.c.C.[Tomcat].[localhost].[/]       : Initializing Spring embedded WebApplicationContext
2026-05-29T12:20:06.924+05:30  INFO 30848 --- [EasyRoute_Backend] [main] w.s.c.ServletWebServerApplicationContext : Root WebApplicationContext: initialization completed in 1011 ms
2026-05-29T12:20:07.019+05:30  INFO 30848 --- [EasyRoute_Backend] [main] o.hibernate.jpa.internal.util.LogHelper  : HHH000204: Processing PersistenceUnitInfo [name: default]
2026-05-29T12:20:07.049+05:30  INFO 30848 --- [EasyRoute_Backend] [main] org.hibernate.Version                    : HHH000412: Hibernate ORM core version 6.5.2.Final
2026-05-29T12:20:07.070+05:30  INFO 30848 --- [EasyRoute_Backend] [main] o.h.c.internal.RegionFactoryInitiator    : HHH000026: Second-level cache disabled
2026-05-29T12:20:07.214+05:30  INFO 30848 --- [EasyRoute_Backend] [main] o.s.o.j.p.SpringPersistenceUnitInfo      : No LoadTimeWeaver setup: ignoring JPA class transformer
2026-05-29T12:20:07.231+05:30  INFO 30848 --- [EasyRoute_Backend] [main] com.zaxxer.hikari.HikariDataSource       : HikariPool-1 - Starting...
2026-05-29T12:20:07.270+05:30  INFO 30848 --- [EasyRoute_Backend] [main] com.zaxxer.hikari.pool.HikariPool        : HikariPool-1 - Added connection org.postgresql.jdbc.PgConnection@699bb304
2026-05-29T12:20:07.270+05:30  INFO 30848 --- [EasyRoute_Backend] [main] com.zaxxer.hikari.HikariDataSource       : HikariPool-1 - Start completed.
2026-05-29T12:20:07.291+05:30  WARN 30848 --- [EasyRoute_Backend] [main] org.hibernate.orm.deprecation            : HHH90000025: PostgreSQLDialect does not need to be specified explicitly using 'hibernate.dialect' (remove the property setting and it will be selected by default)
2026-05-29T12:20:08.025+05:30  INFO 30848 --- [EasyRoute_Backend] [main] o.h.e.t.j.p.i.JtaPlatformInitiator       : HHH000489: No JTA platform available (set 'hibernate.transaction.jta.platform' to enable JTA platform integration)
2026-05-29T12:20:08.063+05:30 DEBUG 30848 --- [EasyRoute_Backend] [main] org.hibernate.SQL                        : 
    alter table if exists audit_logs 
       alter column notes set data type TEXT
2026-05-29T12:20:08.066+05:30 DEBUG 30848 --- [EasyRoute_Backend] [main] org.hibernate.SQL                        : 
    alter table if exists shipment_items 
       alter column description set data type TEXT
2026-05-29T12:20:08.067+05:30 DEBUG 30848 --- [EasyRoute_Backend] [main] org.hibernate.SQL                        : 
    alter table if exists support_tickets 
       alter column admin_reply set data type TEXT
2026-05-29T12:20:08.068+05:30 DEBUG 30848 --- [EasyRoute_Backend] [main] org.hibernate.SQL                        : 
    alter table if exists support_tickets 
       alter column description set data type TEXT
2026-05-29T12:20:08.070+05:30 DEBUG 30848 --- [EasyRoute_Backend] [main] org.hibernate.SQL                        : 
    alter table if exists trucks 
       alter column insurance_url set data type TEXT
2026-05-29T12:20:08.071+05:30 DEBUG 30848 --- [EasyRoute_Backend] [main] org.hibernate.SQL                        : 
    alter table if exists trucks 
       alter column license_url set data type TEXT
2026-05-29T12:20:08.072+05:30 DEBUG 30848 --- [EasyRoute_Backend] [main] org.hibernate.SQL                        : 
    alter table if exists trucks 
       alter column rc_document_url set data type TEXT
2026-05-29T12:20:08.073+05:30 DEBUG 30848 --- [EasyRoute_Backend] [main] org.hibernate.SQL                        : 
    alter table if exists users 
       alter column bio set data type TEXT
2026-05-29T12:20:08.156+05:30  INFO 30848 --- [EasyRoute_Backend] [main] j.LocalContainerEntityManagerFactoryBean : Initialized JPA EntityManagerFactory for persistence unit 'default'
2026-05-29T12:20:08.323+05:30 DEBUG 30848 --- [EasyRoute_Backend] [main] c.l.p.security.JwtAuthenticationFilter   : Filter 'jwtAuthenticationFilter' configured for use
2026-05-29T12:20:08.720+05:30  INFO 30848 --- [EasyRoute_Backend] [main] r$InitializeUserDetailsManagerConfigurer : Global AuthenticationManager configured with UserDetailsService bean with name customUserDetailsService
2026-05-29T12:20:08.960+05:30 DEBUG 30848 --- [EasyRoute_Backend] [main] s.w.s.m.m.a.RequestMappingHandlerMapping : 48 mappings in 'requestMappingHandlerMapping'
2026-05-29T12:20:08.981+05:30 DEBUG 30848 --- [EasyRoute_Backend] [main] o.s.w.s.handler.SimpleUrlHandlerMapping  : Patterns [/webjars/**, /**, /swagger-ui*/*swagger-initializer.js, /swagger-ui*/**] in 'resourceHandlerMapping'
2026-05-29T12:20:09.016+05:30  INFO 30848 --- [EasyRoute_Backend] [main] o.s.s.web.DefaultSecurityFilterChain     : Will secure any request with [org.springframework.security.web.session.DisableEncodeUrlFilter@1d9c18b9, org.springframework.security.web.context.request.async.WebAsyncManagerIntegrationFilter@447cdbaa, org.springframework.security.web.context.SecurityContextHolderFilter@63f9c2cd, org.springframework.security.web.header.HeaderWriterFilter@2fc72df3, org.springframework.web.filter.CorsFilter@5e774546, org.springframework.security.web.authentication.logout.LogoutFilter@2e5337d8, com.logistics.platform.security.JwtAuthenticationFilter@7115d5af, org.springframework.security.web.savedrequest.RequestCacheAwareFilter@6a271c2b, org.springframework.security.web.servletapi.SecurityContextHolderAwareRequestFilter@988eae9, org.springframework.security.web.authentication.AnonymousAuthenticationFilter@6f67291f, org.springframework.security.web.session.SessionManagementFilter@36b5dbdf, org.springframework.security.web.access.ExceptionTranslationFilter@2d4eba14, org.springframework.security.web.access.intercept.AuthorizationFilter@60b721c9]
2026-05-29T12:20:09.073+05:30 DEBUG 30848 --- [EasyRoute_Backend] [main] s.w.s.m.m.a.RequestMappingHandlerAdapter : ControllerAdvice beans: 0 @ModelAttribute, 0 @InitBinder, 1 RequestBodyAdvice, 1 ResponseBodyAdvice
2026-05-29T12:20:09.094+05:30 DEBUG 30848 --- [EasyRoute_Backend] [main] .m.m.a.ExceptionHandlerExceptionResolver : ControllerAdvice beans: 2 @ExceptionHandler, 1 ResponseBodyAdvice
2026-05-29T12:20:09.274+05:30  INFO 30848 --- [EasyRoute_Backend] [main] o.s.b.w.embedded.tomcat.TomcatWebServer  : Tomcat started on port 8080 (http) with context path '/'
2026-05-29T12:20:09.281+05:30  INFO 30848 --- [EasyRoute_Backend] [main] c.l.p.LogisticsPlatformApplication       : Started LogisticsPlatformApplication in 3.843 seconds (process running for 4.218)
2026-05-29T12:20:09.360+05:30 DEBUG 30848 --- [EasyRoute_Backend] [main] org.hibernate.SQL                        : 
    select
        u1_0.id 
    from
        users u1_0 
    where
        u1_0.email=? 
    fetch
        first ? rows only
2026-05-29T12:20:09.465+05:30 DEBUG 30848 --- [EasyRoute_Backend] [main] org.hibernate.SQL                        : 
    select
        count(*) 
    from
        user_rate_cards urc1_0
2026-05-29T12:20:09.472+05:30 DEBUG 30848 --- [EasyRoute_Backend] [main] org.hibernate.SQL                        : 
    select
        count(*) 
    from
        couriers c1_0
2026-05-29T12:20:34.747+05:30  INFO 30848 --- [EasyRoute_Backend] [http-nio-8080-exec-7] o.a.c.c.C.[Tomcat].[localhost].[/]       : Initializing Spring DispatcherServlet 'dispatcherServlet'
2026-05-29T12:20:34.749+05:30  INFO 30848 --- [EasyRoute_Backend] [http-nio-8080-exec-7] o.s.web.servlet.DispatcherServlet        : Initializing Servlet 'dispatcherServlet'
2026-05-29T12:20:34.749+05:30 DEBUG 30848 --- [EasyRoute_Backend] [http-nio-8080-exec-7] o.s.web.servlet.DispatcherServlet        : Detected StandardServletMultipartResolver
2026-05-29T12:20:34.749+05:30 DEBUG 30848 --- [EasyRoute_Backend] [http-nio-8080-exec-7] o.s.web.servlet.DispatcherServlet        : Detected AcceptHeaderLocaleResolver
2026-05-29T12:20:34.750+05:30 DEBUG 30848 --- [EasyRoute_Backend] [http-nio-8080-exec-7] o.s.web.servlet.DispatcherServlet        : Detected FixedThemeResolver
2026-05-29T12:20:34.752+05:30 DEBUG 30848 --- [EasyRoute_Backend] [http-nio-8080-exec-7] o.s.web.servlet.DispatcherServlet        : Detected org.springframework.web.servlet.view.DefaultRequestToViewNameTranslator@7df09f55
2026-05-29T12:20:34.752+05:30 DEBUG 30848 --- [EasyRoute_Backend] [http-nio-8080-exec-7] o.s.web.servlet.DispatcherServlet        : Detected org.springframework.web.servlet.support.SessionFlashMapManager@184b3575
2026-05-29T12:20:34.752+05:30 DEBUG 30848 --- [EasyRoute_Backend] [http-nio-8080-exec-7] o.s.web.servlet.DispatcherServlet        : enableLoggingRequestDetails='false': request parameters and headers will be masked to prevent unsafe logging of potentially sensitive data
2026-05-29T12:20:34.752+05:30  INFO 30848 --- [EasyRoute_Backend] [http-nio-8080-exec-7] o.s.web.servlet.DispatcherServlet        : Completed initialization in 3 ms
2026-05-29T12:20:35.127+05:30 DEBUG 30848 --- [EasyRoute_Backend] [http-nio-8080-exec-5] org.hibernate.SQL                        : 
    select
        u1_0.id,
        u1_0.address,
        u1_0.bank_details,
        u1_0.bio,
        u1_0.city,
        u1_0.created_at,
        u1_0.email,
        u1_0.email_verified,
        u1_0.emergency_contacts,
        u1_0.gstin,
        u1_0.is_active,
        u1_0.name,
        u1_0.password,
        u1_0.phone,
        u1_0.pincode,
        u1_0.preferred_route_area,
        u1_0.profile_photo_url,
        u1_0.role,
        u1_0.state,
        u1_0.updated_at 
    from
        users u1_0 
    where
        u1_0.email=?
2026-05-29T12:20:35.127+05:30 DEBUG 30848 --- [EasyRoute_Backend] [http-nio-8080-exec-9] org.hibernate.SQL                        : 
    select
        u1_0.id,
        u1_0.address,
        u1_0.bank_details,
        u1_0.bio,
        u1_0.city,
        u1_0.created_at,
        u1_0.email,
        u1_0.email_verified,
        u1_0.emergency_contacts,
        u1_0.gstin,
        u1_0.is_active,
        u1_0.name,
        u1_0.password,
        u1_0.phone,
        u1_0.pincode,
        u1_0.preferred_route_area,
        u1_0.profile_photo_url,
        u1_0.role,
        u1_0.state,
        u1_0.updated_at 
    from
        users u1_0 
    where
        u1_0.email=?
2026-05-29T12:20:35.127+05:30 DEBUG 30848 --- [EasyRoute_Backend] [http-nio-8080-exec-8] org.hibernate.SQL                        : 
    select
        u1_0.id,
        u1_0.address,
        u1_0.bank_details,
        u1_0.bio,
        u1_0.city,
        u1_0.created_at,
        u1_0.email,
        u1_0.email_verified,
        u1_0.emergency_contacts,
        u1_0.gstin,
        u1_0.is_active,
        u1_0.name,
        u1_0.password,
        u1_0.phone,
        u1_0.pincode,
        u1_0.preferred_route_area,
        u1_0.profile_photo_url,
        u1_0.role,
        u1_0.state,
        u1_0.updated_at 
    from
        users u1_0 
    where
        u1_0.email=?
2026-05-29T12:20:35.167+05:30 DEBUG 30848 --- [EasyRoute_Backend] [http-nio-8080-exec-8] o.s.web.servlet.DispatcherServlet        : GET "/api/v1/rates/my-rate", parameters={}
2026-05-29T12:20:35.167+05:30 DEBUG 30848 --- [EasyRoute_Backend] [http-nio-8080-exec-5] o.s.web.servlet.DispatcherServlet        : GET "/api/v1/config/maps-key", parameters={}
2026-05-29T12:20:35.167+05:30 DEBUG 30848 --- [EasyRoute_Backend] [http-nio-8080-exec-9] o.s.web.servlet.DispatcherServlet        : GET "/api/v1/shipments", parameters={}
2026-05-29T12:20:35.177+05:30 DEBUG 30848 --- [EasyRoute_Backend] [http-nio-8080-exec-9] s.w.s.m.m.a.RequestMappingHandlerMapping : Mapped to com.logistics.platform.controller.ShipmentController#getMyShipments(User, ShipmentStatus)
2026-05-29T12:20:35.177+05:30 DEBUG 30848 --- [EasyRoute_Backend] [http-nio-8080-exec-5] s.w.s.m.m.a.RequestMappingHandlerMapping : Mapped to com.logistics.platform.controller.ConfigController#getMapsKey()
2026-05-29T12:20:35.177+05:30 DEBUG 30848 --- [EasyRoute_Backend] [http-nio-8080-exec-8] s.w.s.m.m.a.RequestMappingHandlerMapping : Mapped to com.logistics.platform.controller.PlatformRateController#getMyRate(Authentication)
2026-05-29T12:20:35.236+05:30 DEBUG 30848 --- [EasyRoute_Backend] [http-nio-8080-exec-9] org.hibernate.SQL                        : 
    select
        u1_0.id,
        u1_0.address,
        u1_0.bank_details,
        u1_0.bio,
        u1_0.city,
        u1_0.created_at,
        u1_0.email,
        u1_0.email_verified,
        u1_0.emergency_contacts,
        u1_0.gstin,
        u1_0.is_active,
        u1_0.name,
        u1_0.password,
        u1_0.phone,
        u1_0.pincode,
        u1_0.preferred_route_area,
        u1_0.profile_photo_url,
        u1_0.role,
        u1_0.state,
        u1_0.updated_at 
    from
        users u1_0 
    where
        u1_0.email=?
2026-05-29T12:20:35.261+05:30 DEBUG 30848 --- [EasyRoute_Backend] [http-nio-8080-exec-9] org.hibernate.SQL                        : 
    select
        s1_0.id,
        s1_0.actual_delivery_time,
        s1_0.actual_pickup_time,
        s1_0.cancellation_reason,
        s1_0.chargeable_weight,
        s1_0.cod_amount,
        s1_0.cod_charge,
        s1_0.courier_id,
        s1_0.created_at,
        s1_0.customer_id,
        s1_0.drop_address,
        s1_0.drop_city,
        s1_0.drop_lat,
        s1_0.drop_lng,
        s1_0.drop_pincode,
        s1_0.estimated_cost,
        s1_0.freight_charge,
        s1_0.fuel_charge,
        s1_0.gst_charge,
        s1_0.payment_mode,
        s1_0.pickup_address,
        s1_0.pickup_city,
        s1_0.pickup_lat,
        s1_0.pickup_lng,
        s1_0.pickup_partner_id,
        s1_0.pickup_pincode,
        s1_0.remote_charge,
        s1_0.scheduled_pickup_time,
        s1_0.status,
        s1_0.total_weight_kg,
        s1_0.tracking_number,
        s1_0.truck_id,
        s1_0.updated_at,
        s1_0.volumetric_weight 
    from
        shipments s1_0 
    where
        s1_0.customer_id=?
2026-05-29T12:20:35.267+05:30 DEBUG 30848 --- [EasyRoute_Backend] [http-nio-8080-exec-8] org.hibernate.SQL                        : 
    select
        urc1_0.id,
        urc1_0.is_active,
        urc1_0.base_fare,
        urc1_0.commission_percentage,
        urc1_0.created_at,
        urc1_0.fixed_fee,
        urc1_0.name,
        urc1_0.per_kg_rate,
        urc1_0.per_km_rate,
        urc1_0.target_role,
        urc1_0.updated_at,
        urc1_0.user_id 
    from
        user_rate_cards urc1_0 
    where
        urc1_0.user_id=? 
        and urc1_0.is_active
2026-05-29T12:20:35.277+05:30 DEBUG 30848 --- [EasyRoute_Backend] [http-nio-8080-exec-8] org.hibernate.SQL                        : 
    select
        urc1_0.id,
        urc1_0.is_active,
        urc1_0.base_fare,
        urc1_0.commission_percentage,
        urc1_0.created_at,
        urc1_0.fixed_fee,
        urc1_0.name,
        urc1_0.per_kg_rate,
        urc1_0.per_km_rate,
        urc1_0.target_role,
        urc1_0.updated_at,
        urc1_0.user_id 
    from
        user_rate_cards urc1_0 
    where
        urc1_0.target_role=? 
        and urc1_0.is_active
2026-05-29T12:20:35.317+05:30 DEBUG 30848 --- [EasyRoute_Backend] [http-nio-8080-exec-9] org.hibernate.SQL                        : 
    select
        i1_0.shipment_id,
        i1_0.id,
        i1_0.created_at,
        i1_0.description,
        i1_0.fragile,
        i1_0.item_name,
        i1_0.quantity,
        i1_0.updated_at,
        i1_0.weight_kg 
    from
        shipment_items i1_0 
    where
        i1_0.shipment_id=?
2026-05-29T12:20:35.321+05:30 DEBUG 30848 --- [EasyRoute_Backend] [http-nio-8080-exec-5] o.s.w.s.m.m.a.HttpEntityMethodProcessor  : Using 'application/json', given [application/json, text/plain, */*] and supported [application/json, application/*+json]
2026-05-29T12:20:35.321+05:30 DEBUG 30848 --- [EasyRoute_Backend] [http-nio-8080-exec-8] o.s.w.s.m.m.a.HttpEntityMethodProcessor  : Using 'application/json', given [application/json, text/plain, */*] and supported [application/json, application/*+json]
2026-05-29T12:20:35.321+05:30 DEBUG 30848 --- [EasyRoute_Backend] [http-nio-8080-exec-8] o.s.w.s.m.m.a.HttpEntityMethodProcessor  : Nothing to write: null body
2026-05-29T12:20:35.321+05:30 DEBUG 30848 --- [EasyRoute_Backend] [http-nio-8080-exec-8] o.s.web.servlet.DispatcherServlet        : Completed 200 OK
2026-05-29T12:20:35.328+05:30 DEBUG 30848 --- [EasyRoute_Backend] [http-nio-8080-exec-5] o.s.w.s.m.m.a.HttpEntityMethodProcessor  : Writing [ApiResponse(success=true, message=Maps API Key retrieved successfully, data={apiKey=AIzaSyANarU6cEpt (truncated)...]
2026-05-29T12:20:35.335+05:30 DEBUG 30848 --- [EasyRoute_Backend] [http-nio-8080-exec-4] org.hibernate.SQL                        : 
    select
        u1_0.id,
        u1_0.address,
        u1_0.bank_details,
        u1_0.bio,
        u1_0.city,
        u1_0.created_at,
        u1_0.email,
        u1_0.email_verified,
        u1_0.emergency_contacts,
        u1_0.gstin,
        u1_0.is_active,
        u1_0.name,
        u1_0.password,
        u1_0.phone,
        u1_0.pincode,
        u1_0.preferred_route_area,
        u1_0.profile_photo_url,
        u1_0.role,
        u1_0.state,
        u1_0.updated_at 
    from
        users u1_0 
    where
        u1_0.email=?
2026-05-29T12:20:35.335+05:30 DEBUG 30848 --- [EasyRoute_Backend] [http-nio-8080-exec-9] org.hibernate.SQL                        : 
    select
        t1_0.id,
        t1_0.capacity_tons,
        t1_0.created_at,
        t1_0.current_route_area,
        t1_0.insurance_url,
        t1_0.is_available,
        t1_0.is_rejected,
        t1_0.is_verified,
        t1_0.license_url,
        t1_0.owner_id,
        t1_0.rate_card_accepted,
        t1_0.rc_document_url,
        t1_0.registration_number,
        t1_0.truck_type,
        t1_0.updated_at 
    from
        trucks t1_0 
    where
        t1_0.id=?
2026-05-29T12:20:35.335+05:30 DEBUG 30848 --- [EasyRoute_Backend] [http-nio-8080-exec-4] o.s.web.servlet.DispatcherServlet        : GET "/api/v1/rates/my-rate", parameters={}
2026-05-29T12:20:35.344+05:30 DEBUG 30848 --- [EasyRoute_Backend] [http-nio-8080-exec-4] s.w.s.m.m.a.RequestMappingHandlerMapping : Mapped to com.logistics.platform.controller.PlatformRateController#getMyRate(Authentication)
2026-05-29T12:20:35.351+05:30 DEBUG 30848 --- [EasyRoute_Backend] [http-nio-8080-exec-4] org.hibernate.SQL                        : 
    select
        urc1_0.id,
        urc1_0.is_active,
        urc1_0.base_fare,
        urc1_0.commission_percentage,
        urc1_0.created_at,
        urc1_0.fixed_fee,
        urc1_0.name,
        urc1_0.per_kg_rate,
        urc1_0.per_km_rate,
        urc1_0.target_role,
        urc1_0.updated_at,
        urc1_0.user_id 
    from
        user_rate_cards urc1_0 
    where
        urc1_0.user_id=? 
        and urc1_0.is_active
2026-05-29T12:20:35.353+05:30 DEBUG 30848 --- [EasyRoute_Backend] [http-nio-8080-exec-9] org.hibernate.SQL                        : 
    select
        u1_0.id,
        u1_0.address,
        u1_0.bank_details,
        u1_0.bio,
        u1_0.city,
        u1_0.created_at,
        u1_0.email,
        u1_0.email_verified,
        u1_0.emergency_contacts,
        u1_0.gstin,
        u1_0.is_active,
        u1_0.name,
        u1_0.password,
        u1_0.phone,
        u1_0.pincode,
        u1_0.preferred_route_area,
        u1_0.profile_photo_url,
        u1_0.role,
        u1_0.state,
        u1_0.updated_at 
    from
        users u1_0 
    where
        u1_0.id=?
2026-05-29T12:20:35.356+05:30 DEBUG 30848 --- [EasyRoute_Backend] [http-nio-8080-exec-4] org.hibernate.SQL                        : 
    select
        urc1_0.id,
        urc1_0.is_active,
        urc1_0.base_fare,
        urc1_0.commission_percentage,
        urc1_0.created_at,
        urc1_0.fixed_fee,
        urc1_0.name,
        urc1_0.per_kg_rate,
        urc1_0.per_km_rate,
        urc1_0.target_role,
        urc1_0.updated_at,
        urc1_0.user_id 
    from
        user_rate_cards urc1_0 
    where
        urc1_0.target_role=? 
        and urc1_0.is_active
2026-05-29T12:20:35.356+05:30 DEBUG 30848 --- [EasyRoute_Backend] [http-nio-8080-exec-9] org.hibernate.SQL                        : 
    select
        u1_0.id,
        u1_0.address,
        u1_0.bank_details,
        u1_0.bio,
        u1_0.city,
        u1_0.created_at,
        u1_0.email,
        u1_0.email_verified,
        u1_0.emergency_contacts,
        u1_0.gstin,
        u1_0.is_active,
        u1_0.name,
        u1_0.password,
        u1_0.phone,
        u1_0.pincode,
        u1_0.preferred_route_area,
        u1_0.profile_photo_url,
        u1_0.role,
        u1_0.state,
        u1_0.updated_at 
    from
        users u1_0 
    where
        u1_0.id=?
2026-05-29T12:20:35.356+05:30 DEBUG 30848 --- [EasyRoute_Backend] [http-nio-8080-exec-4] o.s.w.s.m.m.a.HttpEntityMethodProcessor  : Using 'application/json', given [application/json, text/plain, */*] and supported [application/json, application/*+json]
2026-05-29T12:20:35.361+05:30 DEBUG 30848 --- [EasyRoute_Backend] [http-nio-8080-exec-4] o.s.w.s.m.m.a.HttpEntityMethodProcessor  : Nothing to write: null body
2026-05-29T12:20:35.361+05:30 DEBUG 30848 --- [EasyRoute_Backend] [http-nio-8080-exec-9] org.hibernate.SQL                        : 
    select
        i1_0.shipment_id,
        i1_0.id,
        i1_0.created_at,
        i1_0.description,
        i1_0.fragile,
        i1_0.item_name,
        i1_0.quantity,
        i1_0.updated_at,
        i1_0.weight_kg 
    from
        shipment_items i1_0 
    where
        i1_0.shipment_id=?
2026-05-29T12:20:35.361+05:30 DEBUG 30848 --- [EasyRoute_Backend] [http-nio-8080-exec-4] o.s.web.servlet.DispatcherServlet        : Completed 200 OK
2026-05-29T12:20:35.368+05:30 DEBUG 30848 --- [EasyRoute_Backend] [http-nio-8080-exec-9] o.s.w.s.m.m.a.HttpEntityMethodProcessor  : Using 'application/json', given [application/json, text/plain, */*] and supported [application/json, application/*+json]
2026-05-29T12:20:35.368+05:30 DEBUG 30848 --- [EasyRoute_Backend] [http-nio-8080-exec-5] o.s.web.servlet.DispatcherServlet        : Completed 200 OK
2026-05-29T12:20:35.382+05:30 DEBUG 30848 --- [EasyRoute_Backend] [http-nio-8080-exec-2] org.hibernate.SQL                        : 
    select
        u1_0.id,
        u1_0.address,
        u1_0.bank_details,
        u1_0.bio,
        u1_0.city,
        u1_0.created_at,
        u1_0.email,
        u1_0.email_verified,
        u1_0.emergency_contacts,
        u1_0.gstin,
        u1_0.is_active,
        u1_0.name,
        u1_0.password,
        u1_0.phone,
        u1_0.pincode,
        u1_0.preferred_route_area,
        u1_0.profile_photo_url,
        u1_0.role,
        u1_0.state,
        u1_0.updated_at 
    from
        users u1_0 
    where
        u1_0.email=?
2026-05-29T12:20:35.384+05:30 DEBUG 30848 --- [EasyRoute_Backend] [http-nio-8080-exec-2] o.s.web.servlet.DispatcherServlet        : GET "/api/v1/config/maps-key", parameters={}
2026-05-29T12:20:35.384+05:30 DEBUG 30848 --- [EasyRoute_Backend] [http-nio-8080-exec-2] s.w.s.m.m.a.RequestMappingHandlerMapping : Mapped to com.logistics.platform.controller.ConfigController#getMapsKey()
2026-05-29T12:20:35.386+05:30 DEBUG 30848 --- [EasyRoute_Backend] [http-nio-8080-exec-2] o.s.w.s.m.m.a.HttpEntityMethodProcessor  : Using 'application/json', given [application/json, text/plain, */*] and supported [application/json, application/*+json]
2026-05-29T12:20:35.386+05:30 DEBUG 30848 --- [EasyRoute_Backend] [http-nio-8080-exec-2] o.s.w.s.m.m.a.HttpEntityMethodProcessor  : Writing [ApiResponse(success=true, message=Maps API Key retrieved successfully, data={apiKey=AIzaSyANarU6cEpt (truncated)...]
2026-05-29T12:20:35.386+05:30 DEBUG 30848 --- [EasyRoute_Backend] [http-nio-8080-exec-2] o.s.web.servlet.DispatcherServlet        : Completed 200 OK
2026-05-29T12:20:35.400+05:30 DEBUG 30848 --- [EasyRoute_Backend] [http-nio-8080-exec-9] o.s.w.s.m.m.a.HttpEntityMethodProcessor  : Writing [ApiResponse(success=true, message=Shipments retrieved successfully, data=[ShipmentResponse(id=440150 (truncated)...]
2026-05-29T12:20:35.427+05:30 DEBUG 30848 --- [EasyRoute_Backend] [http-nio-8080-exec-9] o.s.web.servlet.DispatcherServlet        : Completed 200 OK
2026-05-29T12:20:35.439+05:30 DEBUG 30848 --- [EasyRoute_Backend] [http-nio-8080-exec-7] org.hibernate.SQL                        : 
    select
        u1_0.id,
        u1_0.address,
        u1_0.bank_details,
        u1_0.bio,
        u1_0.city,
        u1_0.created_at,
        u1_0.email,
        u1_0.email_verified,
        u1_0.emergency_contacts,
        u1_0.gstin,
        u1_0.is_active,
        u1_0.name,
        u1_0.password,
        u1_0.phone,
        u1_0.pincode,
        u1_0.preferred_route_area,
        u1_0.profile_photo_url,
        u1_0.role,
        u1_0.state,
        u1_0.updated_at 
    from
        users u1_0 
    where
        u1_0.email=?
2026-05-29T12:20:35.441+05:30 DEBUG 30848 --- [EasyRoute_Backend] [http-nio-8080-exec-7] o.s.web.servlet.DispatcherServlet        : GET "/api/v1/shipments", parameters={}
2026-05-29T12:20:35.443+05:30 DEBUG 30848 --- [EasyRoute_Backend] [http-nio-8080-exec-7] s.w.s.m.m.a.RequestMappingHandlerMapping : Mapped to com.logistics.platform.controller.ShipmentController#getMyShipments(User, ShipmentStatus)
2026-05-29T12:20:35.444+05:30 DEBUG 30848 --- [EasyRoute_Backend] [http-nio-8080-exec-7] org.hibernate.SQL                        : 
    select
        u1_0.id,
        u1_0.address,
        u1_0.bank_details,
        u1_0.bio,
        u1_0.city,
        u1_0.created_at,
        u1_0.email,
        u1_0.email_verified,
        u1_0.emergency_contacts,
        u1_0.gstin,
        u1_0.is_active,
        u1_0.name,
        u1_0.password,
        u1_0.phone,
        u1_0.pincode,
        u1_0.preferred_route_area,
        u1_0.profile_photo_url,
        u1_0.role,
        u1_0.state,
        u1_0.updated_at 
    from
        users u1_0 
    where
        u1_0.email=?
2026-05-29T12:20:35.449+05:30 DEBUG 30848 --- [EasyRoute_Backend] [http-nio-8080-exec-7] org.hibernate.SQL                        : 
    select
        s1_0.id,
        s1_0.actual_delivery_time,
        s1_0.actual_pickup_time,
        s1_0.cancellation_reason,
        s1_0.chargeable_weight,
        s1_0.cod_amount,
        s1_0.cod_charge,
        s1_0.courier_id,
        s1_0.created_at,
        s1_0.customer_id,
        s1_0.drop_address,
        s1_0.drop_city,
        s1_0.drop_lat,
        s1_0.drop_lng,
        s1_0.drop_pincode,
        s1_0.estimated_cost,
        s1_0.freight_charge,
        s1_0.fuel_charge,
        s1_0.gst_charge,
        s1_0.payment_mode,
        s1_0.pickup_address,
        s1_0.pickup_city,
        s1_0.pickup_lat,
        s1_0.pickup_lng,
        s1_0.pickup_partner_id,
        s1_0.pickup_pincode,
        s1_0.remote_charge,
        s1_0.scheduled_pickup_time,
        s1_0.status,
        s1_0.total_weight_kg,
        s1_0.tracking_number,
        s1_0.truck_id,
        s1_0.updated_at,
        s1_0.volumetric_weight 
    from
        shipments s1_0 
    where
        s1_0.customer_id=?
2026-05-29T12:20:35.456+05:30 DEBUG 30848 --- [EasyRoute_Backend] [http-nio-8080-exec-7] org.hibernate.SQL                        : 
    select
        i1_0.shipment_id,
        i1_0.id,
        i1_0.created_at,
        i1_0.description,
        i1_0.fragile,
        i1_0.item_name,
        i1_0.quantity,
        i1_0.updated_at,
        i1_0.weight_kg 
    from
        shipment_items i1_0 
    where
        i1_0.shipment_id=?
2026-05-29T12:20:35.460+05:30 DEBUG 30848 --- [EasyRoute_Backend] [http-nio-8080-exec-7] org.hibernate.SQL                        : 
    select
        t1_0.id,
        t1_0.capacity_tons,
        t1_0.created_at,
        t1_0.current_route_area,
        t1_0.insurance_url,
        t1_0.is_available,
        t1_0.is_rejected,
        t1_0.is_verified,
        t1_0.license_url,
        t1_0.owner_id,
        t1_0.rate_card_accepted,
        t1_0.rc_document_url,
        t1_0.registration_number,
        t1_0.truck_type,
        t1_0.updated_at 
    from
        trucks t1_0 
    where
        t1_0.id=?
2026-05-29T12:20:35.461+05:30 DEBUG 30848 --- [EasyRoute_Backend] [http-nio-8080-exec-7] org.hibernate.SQL                        : 
    select
        u1_0.id,
        u1_0.address,
        u1_0.bank_details,
        u1_0.bio,
        u1_0.city,
        u1_0.created_at,
        u1_0.email,
        u1_0.email_verified,
        u1_0.emergency_contacts,
        u1_0.gstin,
        u1_0.is_active,
        u1_0.name,
        u1_0.password,
        u1_0.phone,
        u1_0.pincode,
        u1_0.preferred_route_area,
        u1_0.profile_photo_url,
        u1_0.role,
        u1_0.state,
        u1_0.updated_at 
    from
        users u1_0 
    where
        u1_0.id=?
2026-05-29T12:20:35.463+05:30 DEBUG 30848 --- [EasyRoute_Backend] [http-nio-8080-exec-7] org.hibernate.SQL                        : 
    select
        u1_0.id,
        u1_0.address,
        u1_0.bank_details,
        u1_0.bio,
        u1_0.city,
        u1_0.created_at,
        u1_0.email,
        u1_0.email_verified,
        u1_0.emergency_contacts,
        u1_0.gstin,
        u1_0.is_active,
        u1_0.name,
        u1_0.password,
        u1_0.phone,
        u1_0.pincode,
        u1_0.preferred_route_area,
        u1_0.profile_photo_url,
        u1_0.role,
        u1_0.state,
        u1_0.updated_at 
    from
        users u1_0 
    where
        u1_0.id=?
2026-05-29T12:20:35.467+05:30 DEBUG 30848 --- [EasyRoute_Backend] [http-nio-8080-exec-7] org.hibernate.SQL                        : 
    select
        i1_0.shipment_id,
        i1_0.id,
        i1_0.created_at,
        i1_0.description,
        i1_0.fragile,
        i1_0.item_name,
        i1_0.quantity,
        i1_0.updated_at,
        i1_0.weight_kg 
    from
        shipment_items i1_0 
    where
        i1_0.shipment_id=?
2026-05-29T12:20:35.471+05:30 DEBUG 30848 --- [EasyRoute_Backend] [http-nio-8080-exec-7] o.s.w.s.m.m.a.HttpEntityMethodProcessor  : Using 'application/json', given [application/json, text/plain, */*] and supported [application/json, application/*+json]
2026-05-29T12:20:35.472+05:30 DEBUG 30848 --- [EasyRoute_Backend] [http-nio-8080-exec-7] o.s.w.s.m.m.a.HttpEntityMethodProcessor  : Writing [ApiResponse(success=true, message=Shipments retrieved successfully, data=[ShipmentResponse(id=440150 (truncated)...]
2026-05-29T12:20:35.473+05:30 DEBUG 30848 --- [EasyRoute_Backend] [http-nio-8080-exec-7] o.s.web.servlet.DispatcherServlet        : Completed 200 OK
2026-05-29T12:20:39.796+05:30 DEBUG 30848 --- [EasyRoute_Backend] [http-nio-8080-exec-1] org.hibernate.SQL                        : 
    select
        u1_0.id,
        u1_0.address,
        u1_0.bank_details,
        u1_0.bio,
        u1_0.city,
        u1_0.created_at,
        u1_0.email,
        u1_0.email_verified,
        u1_0.emergency_contacts,
        u1_0.gstin,
        u1_0.is_active,
        u1_0.name,
        u1_0.password,
        u1_0.phone,
        u1_0.pincode,
        u1_0.preferred_route_area,
        u1_0.profile_photo_url,
        u1_0.role,
        u1_0.state,
        u1_0.updated_at 
    from
        users u1_0 
    where
        u1_0.email=?
2026-05-29T12:20:39.802+05:30 DEBUG 30848 --- [EasyRoute_Backend] [http-nio-8080-exec-1] o.s.web.servlet.DispatcherServlet        : GET "/api/v1/ai/chat?message=Hello%5C", parameters={masked}
2026-05-29T12:20:39.803+05:30 DEBUG 30848 --- [EasyRoute_Backend] [http-nio-8080-exec-1] s.w.s.m.m.a.RequestMappingHandlerMapping : Mapped to com.logistics.platform.controller.AiController#chat(String, Authentication)
2026-05-29T12:20:39.815+05:30 DEBUG 30848 --- [EasyRoute_Backend] [http-nio-8080-exec-1] org.hibernate.SQL                        : 
    select
        u1_0.id,
        u1_0.address,
        u1_0.bank_details,
        u1_0.bio,
        u1_0.city,
        u1_0.created_at,
        u1_0.email,
        u1_0.email_verified,
        u1_0.emergency_contacts,
        u1_0.gstin,
        u1_0.is_active,
        u1_0.name,
        u1_0.password,
        u1_0.phone,
        u1_0.pincode,
        u1_0.preferred_route_area,
        u1_0.profile_photo_url,
        u1_0.role,
        u1_0.state,
        u1_0.updated_at 
    from
        users u1_0 
    where
        u1_0.email=?
2026-05-29T12:20:39.818+05:30 DEBUG 30848 --- [EasyRoute_Backend] [http-nio-8080-exec-1] org.hibernate.SQL                        : 
    select
        u1_0.id,
        u1_0.address,
        u1_0.bank_details,
        u1_0.bio,
        u1_0.city,
        u1_0.created_at,
        u1_0.email,
        u1_0.email_verified,
        u1_0.emergency_contacts,
        u1_0.gstin,
        u1_0.is_active,
        u1_0.name,
        u1_0.password,
        u1_0.phone,
        u1_0.pincode,
        u1_0.preferred_route_area,
        u1_0.profile_photo_url,
        u1_0.role,
        u1_0.state,
        u1_0.updated_at 
    from
        users u1_0 
    where
        u1_0.email=?
2026-05-29T12:20:39.823+05:30 DEBUG 30848 --- [EasyRoute_Backend] [http-nio-8080-exec-1] org.hibernate.SQL                        : 
    select
        s1_0.id,
        s1_0.actual_delivery_time,
        s1_0.actual_pickup_time,
        s1_0.cancellation_reason,
        s1_0.chargeable_weight,
        s1_0.cod_amount,
        s1_0.cod_charge,
        s1_0.courier_id,
        s1_0.created_at,
        s1_0.customer_id,
        s1_0.drop_address,
        s1_0.drop_city,
        s1_0.drop_lat,
        s1_0.drop_lng,
        s1_0.drop_pincode,
        s1_0.estimated_cost,
        s1_0.freight_charge,
        s1_0.fuel_charge,
        s1_0.gst_charge,
        s1_0.payment_mode,
        s1_0.pickup_address,
        s1_0.pickup_city,
        s1_0.pickup_lat,
        s1_0.pickup_lng,
        s1_0.pickup_partner_id,
        s1_0.pickup_pincode,
        s1_0.remote_charge,
        s1_0.scheduled_pickup_time,
        s1_0.status,
        s1_0.total_weight_kg,
        s1_0.tracking_number,
        s1_0.truck_id,
        s1_0.updated_at,
        s1_0.volumetric_weight 
    from
        shipments s1_0 
    where
        s1_0.customer_id=?
2026-05-29T12:20:39.827+05:30 DEBUG 30848 --- [EasyRoute_Backend] [http-nio-8080-exec-1] org.hibernate.SQL                        : 
    select
        i1_0.shipment_id,
        i1_0.id,
        i1_0.created_at,
        i1_0.description,
        i1_0.fragile,
        i1_0.item_name,
        i1_0.quantity,
        i1_0.updated_at,
        i1_0.weight_kg 
    from
        shipment_items i1_0 
    where
        i1_0.shipment_id=?
2026-05-29T12:20:39.831+05:30 DEBUG 30848 --- [EasyRoute_Backend] [http-nio-8080-exec-1] org.hibernate.SQL                        : 
    select
        t1_0.id,
        t1_0.capacity_tons,
        t1_0.created_at,
        t1_0.current_route_area,
        t1_0.insurance_url,
        t1_0.is_available,
        t1_0.is_rejected,
        t1_0.is_verified,
        t1_0.license_url,
        t1_0.owner_id,
        t1_0.rate_card_accepted,
        t1_0.rc_document_url,
        t1_0.registration_number,
        t1_0.truck_type,
        t1_0.updated_at 
    from
        trucks t1_0 
    where
        t1_0.id=?
2026-05-29T12:20:39.834+05:30 DEBUG 30848 --- [EasyRoute_Backend] [http-nio-8080-exec-1] org.hibernate.SQL                        : 
    select
        u1_0.id,
        u1_0.address,
        u1_0.bank_details,
        u1_0.bio,
        u1_0.city,
        u1_0.created_at,
        u1_0.email,
        u1_0.email_verified,
        u1_0.emergency_contacts,
        u1_0.gstin,
        u1_0.is_active,
        u1_0.name,
        u1_0.password,
        u1_0.phone,
        u1_0.pincode,
        u1_0.preferred_route_area,
        u1_0.profile_photo_url,
        u1_0.role,
        u1_0.state,
        u1_0.updated_at 
    from
        users u1_0 
    where
        u1_0.id=?
2026-05-29T12:20:39.835+05:30 DEBUG 30848 --- [EasyRoute_Backend] [http-nio-8080-exec-1] org.hibernate.SQL                        : 
    select
        u1_0.id,
        u1_0.address,
        u1_0.bank_details,
        u1_0.bio,
        u1_0.city,
        u1_0.created_at,
        u1_0.email,
        u1_0.email_verified,
        u1_0.emergency_contacts,
        u1_0.gstin,
        u1_0.is_active,
        u1_0.name,
        u1_0.password,
        u1_0.phone,
        u1_0.pincode,
        u1_0.preferred_route_area,
        u1_0.profile_photo_url,
        u1_0.role,
        u1_0.state,
        u1_0.updated_at 
    from
        users u1_0 
    where
        u1_0.id=?
2026-05-29T12:20:39.835+05:30 DEBUG 30848 --- [EasyRoute_Backend] [http-nio-8080-exec-1] org.hibernate.SQL                        : 
    select
        i1_0.shipment_id,
        i1_0.id,
        i1_0.created_at,
        i1_0.description,
        i1_0.fragile,
        i1_0.item_name,
        i1_0.quantity,
        i1_0.updated_at,
        i1_0.weight_kg 
    from
        shipment_items i1_0 
    where
        i1_0.shipment_id=?
2026-05-29T12:20:40.152+05:30 DEBUG 30848 --- [EasyRoute_Backend] [http-nio-8080-exec-1] o.s.web.client.DefaultRestClient         : Writing [ChatCompletionRequest[messages=[ChatCompletionMessage[rawContent=[{type=text, text=You are an expert Logistics and Supply Chain Assistant. You help users with shipping, warehousing, inventory management, and transportation queries. Provide concise, professional, and accurate answers.

--- CURRENT USER CONTEXT ---
You are currently talking directly to a registered user of the logistics platform. Always use this context to answer their personal questions. DO NOT ask them for their details, you already have them below:

Name: Sravani Annapureddy
Role: ROLE_CUSTOMER
Contact: 8989898989

Shipment Statistics:
- Total Shipments: 2
- Pending Shipments: 0
- Delivered Shipments: 2

10 Most Recent Shipments:
- Tracking #ER-BE9E22B8: DELIVERED (From: Hyderabad To: Mumbai)
- Tracking #null: DELIVERED (From: Hyderabad To: Mumbai)
----------------------------
}], role=SYSTEM, name=null, toolCallId=null, toolCalls=null], ChatCompletionMessage[rawContent=[{type=text, text=Hello\}], role=USER, name=null, toolCallId=null, toolCalls=null]], model=llama-3.1-8b-instant, frequencyPenalty=null, logitBias=null, logprobs=null, topLogprobs=null, maxTokens=null, n=null, presencePenalty=null, responseFormat=null, seed=null, stop=null, stream=false, temperature=0.7, topP=null, tools=null, toolChoice=null, user=null]] as "application/json" with org.springframework.http.converter.json.MappingJackson2HttpMessageConverter
2026-05-29T12:20:40.957+05:30 DEBUG 30848 --- [EasyRoute_Backend] [http-nio-8080-exec-1] o.s.web.client.DefaultRestClient         : Reading to [org.springframework.ai.openai.api.OpenAiApi$ChatCompletion]
2026-05-29T12:20:40.992+05:30 DEBUG 30848 --- [EasyRoute_Backend] [http-nio-8080-exec-1] m.m.a.RequestResponseBodyMethodProcessor : Using 'application/json', given [application/json, text/plain, */*] and supported [text/plain, */*, application/json, application/*+json]
2026-05-29T12:20:40.992+05:30 DEBUG 30848 --- [EasyRoute_Backend] [http-nio-8080-exec-1] m.m.a.RequestResponseBodyMethodProcessor : Writing ["Hello Sravani, welcome back to the logistics platform. How can I assist you today?"]
2026-05-29T12:20:40.992+05:30 DEBUG 30848 --- [EasyRoute_Backend] [http-nio-8080-exec-1] o.s.web.servlet.DispatcherServlet        : Completed 200 OK
2026-05-29T12:20:54.828+05:30 DEBUG 30848 --- [EasyRoute_Backend] [http-nio-8080-exec-3] org.hibernate.SQL                        : 
    select
        u1_0.id,
        u1_0.address,
        u1_0.bank_details,
        u1_0.bio,
        u1_0.city,
        u1_0.created_at,
        u1_0.email,
        u1_0.email_verified,
        u1_0.emergency_contacts,
        u1_0.gstin,
        u1_0.is_active,
        u1_0.name,
        u1_0.password,
        u1_0.phone,
        u1_0.pincode,
        u1_0.preferred_route_area,
        u1_0.profile_photo_url,
        u1_0.role,
        u1_0.state,
        u1_0.updated_at 
    from
        users u1_0 
    where
        u1_0.email=?
2026-05-29T12:20:54.838+05:30 DEBUG 30848 --- [EasyRoute_Backend] [http-nio-8080-exec-3] o.s.web.servlet.DispatcherServlet        : GET "/api/v1/ai/chat?message=what%20is%20the%20total%20amount%20i%20spent%20here", parameters={masked}
2026-05-29T12:20:54.838+05:30 DEBUG 30848 --- [EasyRoute_Backend] [http-nio-8080-exec-3] s.w.s.m.m.a.RequestMappingHandlerMapping : Mapped to com.logistics.platform.controller.AiController#chat(String, Authentication)
2026-05-29T12:20:54.838+05:30 DEBUG 30848 --- [EasyRoute_Backend] [http-nio-8080-exec-3] org.hibernate.SQL                        : 
    select
        u1_0.id,
        u1_0.address,
        u1_0.bank_details,
        u1_0.bio,
        u1_0.city,
        u1_0.created_at,
        u1_0.email,
        u1_0.email_verified,
        u1_0.emergency_contacts,
        u1_0.gstin,
        u1_0.is_active,
        u1_0.name,
        u1_0.password,
        u1_0.phone,
        u1_0.pincode,
        u1_0.preferred_route_area,
        u1_0.profile_photo_url,
        u1_0.role,
        u1_0.state,
        u1_0.updated_at 
    from
        users u1_0 
    where
        u1_0.email=?
2026-05-29T12:20:54.838+05:30 DEBUG 30848 --- [EasyRoute_Backend] [http-nio-8080-exec-3] org.hibernate.SQL                        : 
    select
        u1_0.id,
        u1_0.address,
        u1_0.bank_details,
        u1_0.bio,
        u1_0.city,
        u1_0.created_at,
        u1_0.email,
        u1_0.email_verified,
        u1_0.emergency_contacts,
        u1_0.gstin,
        u1_0.is_active,
        u1_0.name,
        u1_0.password,
        u1_0.phone,
        u1_0.pincode,
        u1_0.preferred_route_area,
        u1_0.profile_photo_url,
        u1_0.role,
        u1_0.state,
        u1_0.updated_at 
    from
        users u1_0 
    where
        u1_0.email=?
2026-05-29T12:20:54.852+05:30 DEBUG 30848 --- [EasyRoute_Backend] [http-nio-8080-exec-3] org.hibernate.SQL                        : 
    select
        s1_0.id,
        s1_0.actual_delivery_time,
        s1_0.actual_pickup_time,
        s1_0.cancellation_reason,
        s1_0.chargeable_weight,
        s1_0.cod_amount,
        s1_0.cod_charge,
        s1_0.courier_id,
        s1_0.created_at,
        s1_0.customer_id,
        s1_0.drop_address,
        s1_0.drop_city,
        s1_0.drop_lat,
        s1_0.drop_lng,
        s1_0.drop_pincode,
        s1_0.estimated_cost,
        s1_0.freight_charge,
        s1_0.fuel_charge,
        s1_0.gst_charge,
        s1_0.payment_mode,
        s1_0.pickup_address,
        s1_0.pickup_city,
        s1_0.pickup_lat,
        s1_0.pickup_lng,
        s1_0.pickup_partner_id,
        s1_0.pickup_pincode,
        s1_0.remote_charge,
        s1_0.scheduled_pickup_time,
        s1_0.status,
        s1_0.total_weight_kg,
        s1_0.tracking_number,
        s1_0.truck_id,
        s1_0.updated_at,
        s1_0.volumetric_weight 
    from
        shipments s1_0 
    where
        s1_0.customer_id=?
2026-05-29T12:20:54.854+05:30 DEBUG 30848 --- [EasyRoute_Backend] [http-nio-8080-exec-3] org.hibernate.SQL                        : 
    select
        i1_0.shipment_id,
        i1_0.id,
        i1_0.created_at,
        i1_0.description,
        i1_0.fragile,
        i1_0.item_name,
        i1_0.quantity,
        i1_0.updated_at,
        i1_0.weight_kg 
    from
        shipment_items i1_0 
    where
        i1_0.shipment_id=?
2026-05-29T12:20:54.857+05:30 DEBUG 30848 --- [EasyRoute_Backend] [http-nio-8080-exec-3] org.hibernate.SQL                        : 
    select
        t1_0.id,
        t1_0.capacity_tons,
        t1_0.created_at,
        t1_0.current_route_area,
        t1_0.insurance_url,
        t1_0.is_available,
        t1_0.is_rejected,
        t1_0.is_verified,
        t1_0.license_url,
        t1_0.owner_id,
        t1_0.rate_card_accepted,
        t1_0.rc_document_url,
        t1_0.registration_number,
        t1_0.truck_type,
        t1_0.updated_at 
    from
        trucks t1_0 
    where
        t1_0.id=?
2026-05-29T12:20:54.861+05:30 DEBUG 30848 --- [EasyRoute_Backend] [http-nio-8080-exec-3] org.hibernate.SQL                        : 
    select
        u1_0.id,
        u1_0.address,
        u1_0.bank_details,
        u1_0.bio,
        u1_0.city,
        u1_0.created_at,
        u1_0.email,
        u1_0.email_verified,
        u1_0.emergency_contacts,
        u1_0.gstin,
        u1_0.is_active,
        u1_0.name,
        u1_0.password,
        u1_0.phone,
        u1_0.pincode,
        u1_0.preferred_route_area,
        u1_0.profile_photo_url,
        u1_0.role,
        u1_0.state,
        u1_0.updated_at 
    from
        users u1_0 
    where
        u1_0.id=?
2026-05-29T12:20:54.862+05:30 DEBUG 30848 --- [EasyRoute_Backend] [http-nio-8080-exec-3] org.hibernate.SQL                        : 
    select
        u1_0.id,
        u1_0.address,
        u1_0.bank_details,
        u1_0.bio,
        u1_0.city,
        u1_0.created_at,
        u1_0.email,
        u1_0.email_verified,
        u1_0.emergency_contacts,
        u1_0.gstin,
        u1_0.is_active,
        u1_0.name,
        u1_0.password,
        u1_0.phone,
        u1_0.pincode,
        u1_0.preferred_route_area,
        u1_0.profile_photo_url,
        u1_0.role,
        u1_0.state,
        u1_0.updated_at 
    from
        users u1_0 
    where
        u1_0.id=?
2026-05-29T12:20:54.862+05:30 DEBUG 30848 --- [EasyRoute_Backend] [http-nio-8080-exec-3] org.hibernate.SQL                        : 
    select
        i1_0.shipment_id,
        i1_0.id,
        i1_0.created_at,
        i1_0.description,
        i1_0.fragile,
        i1_0.item_name,
        i1_0.quantity,
        i1_0.updated_at,
        i1_0.weight_kg 
    from
        shipment_items i1_0 
    where
        i1_0.shipment_id=?
2026-05-29T12:20:54.868+05:30 DEBUG 30848 --- [EasyRoute_Backend] [http-nio-8080-exec-3] o.s.web.client.DefaultRestClient         : Writing [ChatCompletionRequest[messages=[ChatCompletionMessage[rawContent=[{type=text, text=You are an expert Logistics and Supply Chain Assistant. You help users with shipping, warehousing, inventory management, and transportation queries. Provide concise, professional, and accurate answers.

--- CURRENT USER CONTEXT ---
You are currently talking directly to a registered user of the logistics platform. Always use this context to answer their personal questions. DO NOT ask them for their details, you already have them below:

Name: Sravani Annapureddy
Role: ROLE_CUSTOMER
Contact: 8989898989

Shipment Statistics:
- Total Shipments: 2
- Pending Shipments: 0
- Delivered Shipments: 2

10 Most Recent Shipments:
- Tracking #ER-BE9E22B8: DELIVERED (From: Hyderabad To: Mumbai)
- Tracking #null: DELIVERED (From: Hyderabad To: Mumbai)
----------------------------
}], role=SYSTEM, name=null, toolCallId=null, toolCalls=null], ChatCompletionMessage[rawContent=[{type=text, text=what is the total amount i spent here}], role=USER, name=null, toolCallId=null, toolCalls=null]], model=llama-3.1-8b-instant, frequencyPenalty=null, logitBias=null, logprobs=null, topLogprobs=null, maxTokens=null, n=null, presencePenalty=null, responseFormat=null, seed=null, stop=null, stream=false, temperature=0.7, topP=null, tools=null, toolChoice=null, user=null]] as "application/json" with org.springframework.http.converter.json.MappingJackson2HttpMessageConverter
2026-05-29T12:20:55.836+05:30 DEBUG 30848 --- [EasyRoute_Backend] [http-nio-8080-exec-3] o.s.web.client.DefaultRestClient         : Reading to [org.springframework.ai.openai.api.OpenAiApi$ChatCompletion]
2026-05-29T12:20:55.838+05:30 DEBUG 30848 --- [EasyRoute_Backend] [http-nio-8080-exec-3] m.m.a.RequestResponseBodyMethodProcessor : Using 'application/json', given [application/json, text/plain, */*] and supported [text/plain, */*, application/json, application/*+json]
2026-05-29T12:20:55.838+05:30 DEBUG 30848 --- [EasyRoute_Backend] [http-nio-8080-exec-3] m.m.a.RequestResponseBodyMethodProcessor : Writing ["I've checked your account, Sravani. Based on your shipment history, I see that you have completed 2  (truncated)..."]
2026-05-29T12:20:55.840+05:30 DEBUG 30848 --- [EasyRoute_Backend] [http-nio-8080-exec-3] o.s.web.servlet.DispatcherServlet        : Completed 200 OK
2026-05-29T12:23:07.473+05:30 DEBUG 30848 --- [EasyRoute_Backend] [http-nio-8080-exec-1] org.hibernate.SQL                        : 
    select
        u1_0.id,
        u1_0.address,
        u1_0.bank_details,
        u1_0.bio,
        u1_0.city,
        u1_0.created_at,
        u1_0.email,
        u1_0.email_verified,
        u1_0.emergency_contacts,
        u1_0.gstin,
        u1_0.is_active,
        u1_0.name,
        u1_0.password,
        u1_0.phone,
        u1_0.pincode,
        u1_0.preferred_route_area,
        u1_0.profile_photo_url,
        u1_0.role,
        u1_0.state,
        u1_0.updated_at 
    from
        users u1_0 
    where
        u1_0.email=?
2026-05-29T12:23:07.473+05:30 DEBUG 30848 --- [EasyRoute_Backend] [http-nio-8080-exec-1] o.s.web.servlet.DispatcherServlet        : GET "/api/v1/ai/chat?message=what%20is%20the%20language%20used%20in%20this%20system%20creation", parameters={masked}
2026-05-29T12:23:07.473+05:30 DEBUG 30848 --- [EasyRoute_Backend] [http-nio-8080-exec-1] s.w.s.m.m.a.RequestMappingHandlerMapping : Mapped to com.logistics.platform.controller.AiController#chat(String, Authentication)
2026-05-29T12:23:07.481+05:30 DEBUG 30848 --- [EasyRoute_Backend] [http-nio-8080-exec-1] org.hibernate.SQL                        : 
    select
        u1_0.id,
        u1_0.address,
        u1_0.bank_details,
        u1_0.bio,
        u1_0.city,
        u1_0.created_at,
        u1_0.email,
        u1_0.email_verified,
        u1_0.emergency_contacts,
        u1_0.gstin,
        u1_0.is_active,
        u1_0.name,
        u1_0.password,
        u1_0.phone,
        u1_0.pincode,
        u1_0.preferred_route_area,
        u1_0.profile_photo_url,
        u1_0.role,
        u1_0.state,
        u1_0.updated_at 
    from
        users u1_0 
    where
        u1_0.email=?
2026-05-29T12:23:07.488+05:30 DEBUG 30848 --- [EasyRoute_Backend] [http-nio-8080-exec-1] org.hibernate.SQL                        : 
    select
        u1_0.id,
        u1_0.address,
        u1_0.bank_details,
        u1_0.bio,
        u1_0.city,
        u1_0.created_at,
        u1_0.email,
        u1_0.email_verified,
        u1_0.emergency_contacts,
        u1_0.gstin,
        u1_0.is_active,
        u1_0.name,
        u1_0.password,
        u1_0.phone,
        u1_0.pincode,
        u1_0.preferred_route_area,
        u1_0.profile_photo_url,
        u1_0.role,
        u1_0.state,
        u1_0.updated_at 
    from
        users u1_0 
    where
        u1_0.email=?
2026-05-29T12:23:07.494+05:30 DEBUG 30848 --- [EasyRoute_Backend] [http-nio-8080-exec-1] org.hibernate.SQL                        : 
    select
        s1_0.id,
        s1_0.actual_delivery_time,
        s1_0.actual_pickup_time,
        s1_0.cancellation_reason,
        s1_0.chargeable_weight,
        s1_0.cod_amount,
        s1_0.cod_charge,
        s1_0.courier_id,
        s1_0.created_at,
        s1_0.customer_id,
        s1_0.drop_address,
        s1_0.drop_city,
        s1_0.drop_lat,
        s1_0.drop_lng,
        s1_0.drop_pincode,
        s1_0.estimated_cost,
        s1_0.freight_charge,
        s1_0.fuel_charge,
        s1_0.gst_charge,
        s1_0.payment_mode,
        s1_0.pickup_address,
        s1_0.pickup_city,
        s1_0.pickup_lat,
        s1_0.pickup_lng,
        s1_0.pickup_partner_id,
        s1_0.pickup_pincode,
        s1_0.remote_charge,
        s1_0.scheduled_pickup_time,
        s1_0.status,
        s1_0.total_weight_kg,
        s1_0.tracking_number,
        s1_0.truck_id,
        s1_0.updated_at,
        s1_0.volumetric_weight 
    from
        shipments s1_0 
    where
        s1_0.customer_id=?
2026-05-29T12:23:07.497+05:30 DEBUG 30848 --- [EasyRoute_Backend] [http-nio-8080-exec-1] org.hibernate.SQL                        : 
    select
        i1_0.shipment_id,
        i1_0.id,
        i1_0.created_at,
        i1_0.description,
        i1_0.fragile,
        i1_0.item_name,
        i1_0.quantity,
        i1_0.updated_at,
        i1_0.weight_kg 
    from
        shipment_items i1_0 
    where
        i1_0.shipment_id=?
2026-05-29T12:23:07.504+05:30 DEBUG 30848 --- [EasyRoute_Backend] [http-nio-8080-exec-1] org.hibernate.SQL                        : 
    select
        t1_0.id,
        t1_0.capacity_tons,
        t1_0.created_at,
        t1_0.current_route_area,
        t1_0.insurance_url,
        t1_0.is_available,
        t1_0.is_rejected,
        t1_0.is_verified,
        t1_0.license_url,
        t1_0.owner_id,
        t1_0.rate_card_accepted,
        t1_0.rc_document_url,
        t1_0.registration_number,
        t1_0.truck_type,
        t1_0.updated_at 
    from
        trucks t1_0 
    where
        t1_0.id=?
2026-05-29T12:23:07.505+05:30 DEBUG 30848 --- [EasyRoute_Backend] [http-nio-8080-exec-1] org.hibernate.SQL                        : 
    select
        u1_0.id,
        u1_0.address,
        u1_0.bank_details,
        u1_0.bio,
        u1_0.city,
        u1_0.created_at,
        u1_0.email,
        u1_0.email_verified,
        u1_0.emergency_contacts,
        u1_0.gstin,
        u1_0.is_active,
        u1_0.name,
        u1_0.password,
        u1_0.phone,
        u1_0.pincode,
        u1_0.preferred_route_area,
        u1_0.profile_photo_url,
        u1_0.role,
        u1_0.state,
        u1_0.updated_at 
    from
        users u1_0 
    where
        u1_0.id=?
2026-05-29T12:23:07.505+05:30 DEBUG 30848 --- [EasyRoute_Backend] [http-nio-8080-exec-1] org.hibernate.SQL                        : 
    select
        u1_0.id,
        u1_0.address,
        u1_0.bank_details,
        u1_0.bio,
        u1_0.city,
        u1_0.created_at,
        u1_0.email,
        u1_0.email_verified,
        u1_0.emergency_contacts,
        u1_0.gstin,
        u1_0.is_active,
        u1_0.name,
        u1_0.password,
        u1_0.phone,
        u1_0.pincode,
        u1_0.preferred_route_area,
        u1_0.profile_photo_url,
        u1_0.role,
        u1_0.state,
        u1_0.updated_at 
    from
        users u1_0 
    where
        u1_0.id=?
2026-05-29T12:23:07.510+05:30 DEBUG 30848 --- [EasyRoute_Backend] [http-nio-8080-exec-1] org.hibernate.SQL                        : 
    select
        i1_0.shipment_id,
        i1_0.id,
        i1_0.created_at,
        i1_0.description,
        i1_0.fragile,
        i1_0.item_name,
        i1_0.quantity,
        i1_0.updated_at,
        i1_0.weight_kg 
    from
        shipment_items i1_0 
    where
        i1_0.shipment_id=?
2026-05-29T12:23:07.522+05:30 DEBUG 30848 --- [EasyRoute_Backend] [http-nio-8080-exec-1] o.s.web.client.DefaultRestClient         : Writing [ChatCompletionRequest[messages=[ChatCompletionMessage[rawContent=[{type=text, text=You are an expert Logistics and Supply Chain Assistant. You help users with shipping, warehousing, inventory management, and transportation queries. Provide concise, professional, and accurate answers.

--- CURRENT USER CONTEXT ---
You are currently talking directly to a registered user of the logistics platform. Always use this context to answer their personal questions. DO NOT ask them for their details, you already have them below:

Name: Sravani Annapureddy
Role: ROLE_CUSTOMER
Contact: 8989898989

Shipment Statistics:
- Total Shipments: 2
- Pending Shipments: 0
- Delivered Shipments: 2

10 Most Recent Shipments:
- Tracking #ER-BE9E22B8: DELIVERED (From: Hyderabad To: Mumbai)
- Tracking #null: DELIVERED (From: Hyderabad To: Mumbai)
----------------------------
}], role=SYSTEM, name=null, toolCallId=null, toolCalls=null], ChatCompletionMessage[rawContent=[{type=text, text=what is the language used in this system creation}], role=USER, name=null, toolCallId=null, toolCalls=null]], model=llama-3.1-8b-instant, frequencyPenalty=null, logitBias=null, logprobs=null, topLogprobs=null, maxTokens=null, n=null, presencePenalty=null, responseFormat=null, seed=null, stop=null, stream=false, temperature=0.7, topP=null, tools=null, toolChoice=null, user=null]] as "application/json" with org.springframework.http.converter.json.MappingJackson2HttpMessageConverter
2026-05-29T12:23:08.421+05:30 DEBUG 30848 --- [EasyRoute_Backend] [http-nio-8080-exec-1] o.s.web.client.DefaultRestClient         : Reading to [org.springframework.ai.openai.api.OpenAiApi$ChatCompletion]
2026-05-29T12:23:08.425+05:30 DEBUG 30848 --- [EasyRoute_Backend] [http-nio-8080-exec-1] m.m.a.RequestResponseBodyMethodProcessor : Using 'application/json', given [application/json, text/plain, */*] and supported [text/plain, */*, application/json, application/*+json]
2026-05-29T12:23:08.426+05:30 DEBUG 30848 --- [EasyRoute_Backend] [http-nio-8080-exec-1] m.m.a.RequestResponseBodyMethodProcessor : Writing ["The language used in this system's creation appears to be Markdown, which is a lightweight markup la (truncated)..."]
2026-05-29T12:23:08.427+05:30 DEBUG 30848 --- [EasyRoute_Backend] [http-nio-8080-exec-1] o.s.web.servlet.DispatcherServlet        : Completed 200 OK
2026-05-29T12:23:26.753+05:30 DEBUG 30848 --- [EasyRoute_Backend] [http-nio-8080-exec-3] org.hibernate.SQL                        : 
    select
        u1_0.id,
        u1_0.address,
        u1_0.bank_details,
        u1_0.bio,
        u1_0.city,
        u1_0.created_at,
        u1_0.email,
        u1_0.email_verified,
        u1_0.emergency_contacts,
        u1_0.gstin,
        u1_0.is_active,
        u1_0.name,
        u1_0.password,
        u1_0.phone,
        u1_0.pincode,
        u1_0.preferred_route_area,
        u1_0.profile_photo_url,
        u1_0.role,
        u1_0.state,
        u1_0.updated_at 
    from
        users u1_0 
    where
        u1_0.email=?
2026-05-29T12:23:26.756+05:30 DEBUG 30848 --- [EasyRoute_Backend] [http-nio-8080-exec-3] o.s.web.servlet.DispatcherServlet        : GET "/api/v1/ai/chat?message=for%20backend", parameters={masked}
2026-05-29T12:23:26.756+05:30 DEBUG 30848 --- [EasyRoute_Backend] [http-nio-8080-exec-3] s.w.s.m.m.a.RequestMappingHandlerMapping : Mapped to com.logistics.platform.controller.AiController#chat(String, Authentication)
2026-05-29T12:23:26.764+05:30 DEBUG 30848 --- [EasyRoute_Backend] [http-nio-8080-exec-3] org.hibernate.SQL                        : 
    select
        u1_0.id,
        u1_0.address,
        u1_0.bank_details,
        u1_0.bio,
        u1_0.city,
        u1_0.created_at,
        u1_0.email,
        u1_0.email_verified,
        u1_0.emergency_contacts,
        u1_0.gstin,
        u1_0.is_active,
        u1_0.name,
        u1_0.password,
        u1_0.phone,
        u1_0.pincode,
        u1_0.preferred_route_area,
        u1_0.profile_photo_url,
        u1_0.role,
        u1_0.state,
        u1_0.updated_at 
    from
        users u1_0 
    where
        u1_0.email=?
2026-05-29T12:23:26.770+05:30 DEBUG 30848 --- [EasyRoute_Backend] [http-nio-8080-exec-3] org.hibernate.SQL                        : 
    select
        u1_0.id,
        u1_0.address,
        u1_0.bank_details,
        u1_0.bio,
        u1_0.city,
        u1_0.created_at,
        u1_0.email,
        u1_0.email_verified,
        u1_0.emergency_contacts,
        u1_0.gstin,
        u1_0.is_active,
        u1_0.name,
        u1_0.password,
        u1_0.phone,
        u1_0.pincode,
        u1_0.preferred_route_area,
        u1_0.profile_photo_url,
        u1_0.role,
        u1_0.state,
        u1_0.updated_at 
    from
        users u1_0 
    where
        u1_0.email=?
2026-05-29T12:23:26.773+05:30 DEBUG 30848 --- [EasyRoute_Backend] [http-nio-8080-exec-3] org.hibernate.SQL                        : 
    select
        s1_0.id,
        s1_0.actual_delivery_time,
        s1_0.actual_pickup_time,
        s1_0.cancellation_reason,
        s1_0.chargeable_weight,
        s1_0.cod_amount,
        s1_0.cod_charge,
        s1_0.courier_id,
        s1_0.created_at,
        s1_0.customer_id,
        s1_0.drop_address,
        s1_0.drop_city,
        s1_0.drop_lat,
        s1_0.drop_lng,
        s1_0.drop_pincode,
        s1_0.estimated_cost,
        s1_0.freight_charge,
        s1_0.fuel_charge,
        s1_0.gst_charge,
        s1_0.payment_mode,
        s1_0.pickup_address,
        s1_0.pickup_city,
        s1_0.pickup_lat,
        s1_0.pickup_lng,
        s1_0.pickup_partner_id,
        s1_0.pickup_pincode,
        s1_0.remote_charge,
        s1_0.scheduled_pickup_time,
        s1_0.status,
        s1_0.total_weight_kg,
        s1_0.tracking_number,
        s1_0.truck_id,
        s1_0.updated_at,
        s1_0.volumetric_weight 
    from
        shipments s1_0 
    where
        s1_0.customer_id=?
2026-05-29T12:23:26.785+05:30 DEBUG 30848 --- [EasyRoute_Backend] [http-nio-8080-exec-3] org.hibernate.SQL                        : 
    select
        i1_0.shipment_id,
        i1_0.id,
        i1_0.created_at,
        i1_0.description,
        i1_0.fragile,
        i1_0.item_name,
        i1_0.quantity,
        i1_0.updated_at,
        i1_0.weight_kg 
    from
        shipment_items i1_0 
    where
        i1_0.shipment_id=?
2026-05-29T12:23:26.789+05:30 DEBUG 30848 --- [EasyRoute_Backend] [http-nio-8080-exec-3] org.hibernate.SQL                        : 
    select
        t1_0.id,
        t1_0.capacity_tons,
        t1_0.created_at,
        t1_0.current_route_area,
        t1_0.insurance_url,
        t1_0.is_available,
        t1_0.is_rejected,
        t1_0.is_verified,
        t1_0.license_url,
        t1_0.owner_id,
        t1_0.rate_card_accepted,
        t1_0.rc_document_url,
        t1_0.registration_number,
        t1_0.truck_type,
        t1_0.updated_at 
    from
        trucks t1_0 
    where
        t1_0.id=?
2026-05-29T12:23:26.789+05:30 DEBUG 30848 --- [EasyRoute_Backend] [http-nio-8080-exec-3] org.hibernate.SQL                        : 
    select
        u1_0.id,
        u1_0.address,
        u1_0.bank_details,
        u1_0.bio,
        u1_0.city,
        u1_0.created_at,
        u1_0.email,
        u1_0.email_verified,
        u1_0.emergency_contacts,
        u1_0.gstin,
        u1_0.is_active,
        u1_0.name,
        u1_0.password,
        u1_0.phone,
        u1_0.pincode,
        u1_0.preferred_route_area,
        u1_0.profile_photo_url,
        u1_0.role,
        u1_0.state,
        u1_0.updated_at 
    from
        users u1_0 
    where
        u1_0.id=?
2026-05-29T12:23:26.798+05:30 DEBUG 30848 --- [EasyRoute_Backend] [http-nio-8080-exec-3] org.hibernate.SQL                        : 
    select
        u1_0.id,
        u1_0.address,
        u1_0.bank_details,
        u1_0.bio,
        u1_0.city,
        u1_0.created_at,
        u1_0.email,
        u1_0.email_verified,
        u1_0.emergency_contacts,
        u1_0.gstin,
        u1_0.is_active,
        u1_0.name,
        u1_0.password,
        u1_0.phone,
        u1_0.pincode,
        u1_0.preferred_route_area,
        u1_0.profile_photo_url,
        u1_0.role,
        u1_0.state,
        u1_0.updated_at 
    from
        users u1_0 
    where
        u1_0.id=?
2026-05-29T12:23:26.798+05:30 DEBUG 30848 --- [EasyRoute_Backend] [http-nio-8080-exec-3] org.hibernate.SQL                        : 
    select
        i1_0.shipment_id,
        i1_0.id,
        i1_0.created_at,
        i1_0.description,
        i1_0.fragile,
        i1_0.item_name,
        i1_0.quantity,
        i1_0.updated_at,
        i1_0.weight_kg 
    from
        shipment_items i1_0 
    where
        i1_0.shipment_id=?
2026-05-29T12:23:26.815+05:30 DEBUG 30848 --- [EasyRoute_Backend] [http-nio-8080-exec-3] o.s.web.client.DefaultRestClient         : Writing [ChatCompletionRequest[messages=[ChatCompletionMessage[rawContent=[{type=text, text=You are an expert Logistics and Supply Chain Assistant. You help users with shipping, warehousing, inventory management, and transportation queries. Provide concise, professional, and accurate answers.

--- CURRENT USER CONTEXT ---
You are currently talking directly to a registered user of the logistics platform. Always use this context to answer their personal questions. DO NOT ask them for their details, you already have them below:

Name: Sravani Annapureddy
Role: ROLE_CUSTOMER
Contact: 8989898989

Shipment Statistics:
- Total Shipments: 2
- Pending Shipments: 0
- Delivered Shipments: 2

10 Most Recent Shipments:
- Tracking #ER-BE9E22B8: DELIVERED (From: Hyderabad To: Mumbai)
- Tracking #null: DELIVERED (From: Hyderabad To: Mumbai)
----------------------------
}], role=SYSTEM, name=null, toolCallId=null, toolCalls=null], ChatCompletionMessage[rawContent=[{type=text, text=for backend}], role=USER, name=null, toolCallId=null, toolCalls=null]], model=llama-3.1-8b-instant, frequencyPenalty=null, logitBias=null, logprobs=null, topLogprobs=null, maxTokens=null, n=null, presencePenalty=null, responseFormat=null, seed=null, stop=null, stream=false, temperature=0.7, topP=null, tools=null, toolChoice=null, user=null]] as "application/json" with org.springframework.http.converter.json.MappingJackson2HttpMessageConverter
2026-05-29T12:23:28.695+05:30 DEBUG 30848 --- [EasyRoute_Backend] [http-nio-8080-exec-3] o.s.web.client.DefaultRestClient         : Reading to [org.springframework.ai.openai.api.OpenAiApi$ChatCompletion]
2026-05-29T12:23:28.695+05:30 DEBUG 30848 --- [EasyRoute_Backend] [http-nio-8080-exec-3] m.m.a.RequestResponseBodyMethodProcessor : Using 'application/json', given [application/json, text/plain, */*] and supported [text/plain, */*, application/json, application/*+json]
2026-05-29T12:23:28.695+05:30 DEBUG 30848 --- [EasyRoute_Backend] [http-nio-8080-exec-3] m.m.a.RequestResponseBodyMethodProcessor : Writing ["**Backend Shipment Management**<EOL><EOL>As a Logistics and Supply Chain Assistant, I can help you manage yo (truncated)..."]
2026-05-29T12:23:28.695+05:30 DEBUG 30848 --- [EasyRoute_Backend] [http-nio-8080-exec-3] o.s.web.servlet.DispatcherServlet        : Completed 200 OK
2026-05-29T12:23:57.199+05:30 DEBUG 30848 --- [EasyRoute_Backend] [http-nio-8080-exec-5] org.hibernate.SQL                        : 
    select
        u1_0.id,
        u1_0.address,
        u1_0.bank_details,
        u1_0.bio,
        u1_0.city,
        u1_0.created_at,
        u1_0.email,
        u1_0.email_verified,
        u1_0.emergency_contacts,
        u1_0.gstin,
        u1_0.is_active,
        u1_0.name,
        u1_0.password,
        u1_0.phone,
        u1_0.pincode,
        u1_0.preferred_route_area,
        u1_0.profile_photo_url,
        u1_0.role,
        u1_0.state,
        u1_0.updated_at 
    from
        users u1_0 
    where
        u1_0.email=?
2026-05-29T12:23:57.205+05:30 DEBUG 30848 --- [EasyRoute_Backend] [http-nio-8080-exec-5] o.s.web.servlet.DispatcherServlet        : GET "/api/v1/ai/chat?message=i%20want%20to%20create%20a%20logistic%20aplication%20like%20this%20will%20you%20help%20me", parameters={masked}
2026-05-29T12:23:57.205+05:30 DEBUG 30848 --- [EasyRoute_Backend] [http-nio-8080-exec-5] s.w.s.m.m.a.RequestMappingHandlerMapping : Mapped to com.logistics.platform.controller.AiController#chat(String, Authentication)
2026-05-29T12:23:57.210+05:30 DEBUG 30848 --- [EasyRoute_Backend] [http-nio-8080-exec-5] org.hibernate.SQL                        : 
    select
        u1_0.id,
        u1_0.address,
        u1_0.bank_details,
        u1_0.bio,
        u1_0.city,
        u1_0.created_at,
        u1_0.email,
        u1_0.email_verified,
        u1_0.emergency_contacts,
        u1_0.gstin,
        u1_0.is_active,
        u1_0.name,
        u1_0.password,
        u1_0.phone,
        u1_0.pincode,
        u1_0.preferred_route_area,
        u1_0.profile_photo_url,
        u1_0.role,
        u1_0.state,
        u1_0.updated_at 
    from
        users u1_0 
    where
        u1_0.email=?
2026-05-29T12:23:57.216+05:30 DEBUG 30848 --- [EasyRoute_Backend] [http-nio-8080-exec-5] org.hibernate.SQL                        : 
    select
        u1_0.id,
        u1_0.address,
        u1_0.bank_details,
        u1_0.bio,
        u1_0.city,
        u1_0.created_at,
        u1_0.email,
        u1_0.email_verified,
        u1_0.emergency_contacts,
        u1_0.gstin,
        u1_0.is_active,
        u1_0.name,
        u1_0.password,
        u1_0.phone,
        u1_0.pincode,
        u1_0.preferred_route_area,
        u1_0.profile_photo_url,
        u1_0.role,
        u1_0.state,
        u1_0.updated_at 
    from
        users u1_0 
    where
        u1_0.email=?
2026-05-29T12:23:57.222+05:30 DEBUG 30848 --- [EasyRoute_Backend] [http-nio-8080-exec-5] org.hibernate.SQL                        : 
    select
        s1_0.id,
        s1_0.actual_delivery_time,
        s1_0.actual_pickup_time,
        s1_0.cancellation_reason,
        s1_0.chargeable_weight,
        s1_0.cod_amount,
        s1_0.cod_charge,
        s1_0.courier_id,
        s1_0.created_at,
        s1_0.customer_id,
        s1_0.drop_address,
        s1_0.drop_city,
        s1_0.drop_lat,
        s1_0.drop_lng,
        s1_0.drop_pincode,
        s1_0.estimated_cost,
        s1_0.freight_charge,
        s1_0.fuel_charge,
        s1_0.gst_charge,
        s1_0.payment_mode,
        s1_0.pickup_address,
        s1_0.pickup_city,
        s1_0.pickup_lat,
        s1_0.pickup_lng,
        s1_0.pickup_partner_id,
        s1_0.pickup_pincode,
        s1_0.remote_charge,
        s1_0.scheduled_pickup_time,
        s1_0.status,
        s1_0.total_weight_kg,
        s1_0.tracking_number,
        s1_0.truck_id,
        s1_0.updated_at,
        s1_0.volumetric_weight 
    from
        shipments s1_0 
    where
        s1_0.customer_id=?
2026-05-29T12:23:57.222+05:30 DEBUG 30848 --- [EasyRoute_Backend] [http-nio-8080-exec-5] org.hibernate.SQL                        : 
    select
        i1_0.shipment_id,
        i1_0.id,
        i1_0.created_at,
        i1_0.description,
        i1_0.fragile,
        i1_0.item_name,
        i1_0.quantity,
        i1_0.updated_at,
        i1_0.weight_kg 
    from
        shipment_items i1_0 
    where
        i1_0.shipment_id=?
2026-05-29T12:23:57.222+05:30 DEBUG 30848 --- [EasyRoute_Backend] [http-nio-8080-exec-5] org.hibernate.SQL                        : 
    select
        t1_0.id,
        t1_0.capacity_tons,
        t1_0.created_at,
        t1_0.current_route_area,
        t1_0.insurance_url,
        t1_0.is_available,
        t1_0.is_rejected,
        t1_0.is_verified,
        t1_0.license_url,
        t1_0.owner_id,
        t1_0.rate_card_accepted,
        t1_0.rc_document_url,
        t1_0.registration_number,
        t1_0.truck_type,
        t1_0.updated_at 
    from
        trucks t1_0 
    where
        t1_0.id=?
2026-05-29T12:23:57.232+05:30 DEBUG 30848 --- [EasyRoute_Backend] [http-nio-8080-exec-5] org.hibernate.SQL                        : 
    select
        u1_0.id,
        u1_0.address,
        u1_0.bank_details,
        u1_0.bio,
        u1_0.city,
        u1_0.created_at,
        u1_0.email,
        u1_0.email_verified,
        u1_0.emergency_contacts,
        u1_0.gstin,
        u1_0.is_active,
        u1_0.name,
        u1_0.password,
        u1_0.phone,
        u1_0.pincode,
        u1_0.preferred_route_area,
        u1_0.profile_photo_url,
        u1_0.role,
        u1_0.state,
        u1_0.updated_at 
    from
        users u1_0 
    where
        u1_0.id=?
2026-05-29T12:23:57.232+05:30 DEBUG 30848 --- [EasyRoute_Backend] [http-nio-8080-exec-5] org.hibernate.SQL                        : 
    select
        u1_0.id,
        u1_0.address,
        u1_0.bank_details,
        u1_0.bio,
        u1_0.city,
        u1_0.created_at,
        u1_0.email,
        u1_0.email_verified,
        u1_0.emergency_contacts,
        u1_0.gstin,
        u1_0.is_active,
        u1_0.name,
        u1_0.password,
        u1_0.phone,
        u1_0.pincode,
        u1_0.preferred_route_area,
        u1_0.profile_photo_url,
        u1_0.role,
        u1_0.state,
        u1_0.updated_at 
    from
        users u1_0 
    where
        u1_0.id=?
2026-05-29T12:23:57.237+05:30 DEBUG 30848 --- [EasyRoute_Backend] [http-nio-8080-exec-5] org.hibernate.SQL                        : 
    select
        i1_0.shipment_id,
        i1_0.id,
        i1_0.created_at,
        i1_0.description,
        i1_0.fragile,
        i1_0.item_name,
        i1_0.quantity,
        i1_0.updated_at,
        i1_0.weight_kg 
    from
        shipment_items i1_0 
    where
        i1_0.shipment_id=?
2026-05-29T12:23:57.241+05:30 DEBUG 30848 --- [EasyRoute_Backend] [http-nio-8080-exec-5] o.s.web.client.DefaultRestClient         : Writing [ChatCompletionRequest[messages=[ChatCompletionMessage[rawContent=[{type=text, text=You are an expert Logistics and Supply Chain Assistant. You help users with shipping, warehousing, inventory management, and transportation queries. Provide concise, professional, and accurate answers.

--- CURRENT USER CONTEXT ---
You are currently talking directly to a registered user of the logistics platform. Always use this context to answer their personal questions. DO NOT ask them for their details, you already have them below:

Name: Sravani Annapureddy
Role: ROLE_CUSTOMER
Contact: 8989898989

Shipment Statistics:
- Total Shipments: 2
- Pending Shipments: 0
- Delivered Shipments: 2

10 Most Recent Shipments:
- Tracking #ER-BE9E22B8: DELIVERED (From: Hyderabad To: Mumbai)
- Tracking #null: DELIVERED (From: Hyderabad To: Mumbai)
----------------------------
}], role=SYSTEM, name=null, toolCallId=null, toolCalls=null], ChatCompletionMessage[rawContent=[{type=text, text=i want to create a logistic aplication like this will you help me}], role=USER, name=null, toolCallId=null, toolCalls=null]], model=llama-3.1-8b-instant, frequencyPenalty=null, logitBias=null, logprobs=null, topLogprobs=null, maxTokens=null, n=null, presencePenalty=null, responseFormat=null, seed=null, stop=null, stream=false, temperature=0.7, topP=null, tools=null, toolChoice=null, user=null]] as "application/json" with org.springframework.http.converter.json.MappingJackson2HttpMessageConverter
2026-05-29T12:23:59.724+05:30 DEBUG 30848 --- [EasyRoute_Backend] [http-nio-8080-exec-5] o.s.web.client.DefaultRestClient         : Reading to [org.springframework.ai.openai.api.OpenAiApi$ChatCompletion]
2026-05-29T12:23:59.730+05:30 DEBUG 30848 --- [EasyRoute_Backend] [http-nio-8080-exec-5] m.m.a.RequestResponseBodyMethodProcessor : Using 'application/json', given [application/json, text/plain, */*] and supported [text/plain, */*, application/json, application/*+json]
2026-05-29T12:23:59.730+05:30 DEBUG 30848 --- [EasyRoute_Backend] [http-nio-8080-exec-5] m.m.a.RequestResponseBodyMethodProcessor : Writing ["I'd be happy to help you create a logistics application. Here's a high-level overview of the key com (truncated)..."]
2026-05-29T12:23:59.730+05:30 DEBUG 30848 --- [EasyRoute_Backend] [http-nio-8080-exec-5] o.s.web.servlet.DispatcherServlet        : Completed 200 OK
2026-05-29T12:32:28.979+05:30 DEBUG 30848 --- [EasyRoute_Backend] [http-nio-8080-exec-1] o.s.web.servlet.DispatcherServlet        : POST "/api/v1/auth/login", parameters={}
2026-05-29T12:32:28.984+05:30 DEBUG 30848 --- [EasyRoute_Backend] [http-nio-8080-exec-1] s.w.s.m.m.a.RequestMappingHandlerMapping : Mapped to com.logistics.platform.controller.AuthController#login(LoginRequest, HttpServletRequest)
2026-05-29T12:32:28.992+05:30 DEBUG 30848 --- [EasyRoute_Backend] [http-nio-8080-exec-1] m.m.a.RequestResponseBodyMethodProcessor : Read "application/json;charset=UTF-8" to [LoginRequest(email=sravani@gmail.com, password=Sravani123)]
2026-05-29T12:32:29.595+05:30 DEBUG 30848 --- [EasyRoute_Backend] [http-nio-8080-exec-1] org.hibernate.SQL                        : 
    select
        u1_0.id,
        u1_0.address,
        u1_0.bank_details,
        u1_0.bio,
        u1_0.city,
        u1_0.created_at,
        u1_0.email,
        u1_0.email_verified,
        u1_0.emergency_contacts,
        u1_0.gstin,
        u1_0.is_active,
        u1_0.name,
        u1_0.password,
        u1_0.phone,
        u1_0.pincode,
        u1_0.preferred_route_area,
        u1_0.profile_photo_url,
        u1_0.role,
        u1_0.state,
        u1_0.updated_at 
    from
        users u1_0 
    where
        u1_0.email=?
2026-05-29T12:32:30.293+05:30 DEBUG 30848 --- [EasyRoute_Backend] [http-nio-8080-exec-1] org.hibernate.SQL                        : 
    insert 
    into
        audit_logs
        (action, created_at, entity_id, entity_type, ip_address, notes, updated_at, user_id, id) 
    values
        (?, ?, ?, ?, ?, ?, ?, ?, ?)
2026-05-29T12:32:30.322+05:30 DEBUG 30848 --- [EasyRoute_Backend] [http-nio-8080-exec-1] o.s.w.s.m.m.a.HttpEntityMethodProcessor  : Using 'application/json', given [application/json, text/plain, */*] and supported [application/json, application/*+json]
2026-05-29T12:32:30.324+05:30 DEBUG 30848 --- [EasyRoute_Backend] [http-nio-8080-exec-1] o.s.w.s.m.m.a.HttpEntityMethodProcessor  : Writing [ApiResponse(success=true, message=Login successful, data=AuthResponse(token=eyJhbGciOiJIUzUxMiJ9.eyJ (truncated)...]
2026-05-29T12:32:30.327+05:30 DEBUG 30848 --- [EasyRoute_Backend] [http-nio-8080-exec-1] o.s.web.servlet.DispatcherServlet        : Completed 200 OK
2026-05-29T12:32:30.360+05:30 DEBUG 30848 --- [EasyRoute_Backend] [http-nio-8080-exec-2] org.hibernate.SQL                        : 
    select
        u1_0.id,
        u1_0.address,
        u1_0.bank_details,
        u1_0.bio,
        u1_0.city,
        u1_0.created_at,
        u1_0.email,
        u1_0.email_verified,
        u1_0.emergency_contacts,
        u1_0.gstin,
        u1_0.is_active,
        u1_0.name,
        u1_0.password,
        u1_0.phone,
        u1_0.pincode,
        u1_0.preferred_route_area,
        u1_0.profile_photo_url,
        u1_0.role,
        u1_0.state,
        u1_0.updated_at 
    from
        users u1_0 
    where
        u1_0.email=?
2026-05-29T12:32:30.360+05:30 DEBUG 30848 --- [EasyRoute_Backend] [http-nio-8080-exec-4] org.hibernate.SQL                        : 
    select
        u1_0.id,
        u1_0.address,
        u1_0.bank_details,
        u1_0.bio,
        u1_0.city,
        u1_0.created_at,
        u1_0.email,
        u1_0.email_verified,
        u1_0.emergency_contacts,
        u1_0.gstin,
        u1_0.is_active,
        u1_0.name,
        u1_0.password,
        u1_0.phone,
        u1_0.pincode,
        u1_0.preferred_route_area,
        u1_0.profile_photo_url,
        u1_0.role,
        u1_0.state,
        u1_0.updated_at 
    from
        users u1_0 
    where
        u1_0.email=?
2026-05-29T12:32:30.360+05:30 DEBUG 30848 --- [EasyRoute_Backend] [http-nio-8080-exec-6] org.hibernate.SQL                        : 
    select
        u1_0.id,
        u1_0.address,
        u1_0.bank_details,
        u1_0.bio,
        u1_0.city,
        u1_0.created_at,
        u1_0.email,
        u1_0.email_verified,
        u1_0.emergency_contacts,
        u1_0.gstin,
        u1_0.is_active,
        u1_0.name,
        u1_0.password,
        u1_0.phone,
        u1_0.pincode,
        u1_0.preferred_route_area,
        u1_0.profile_photo_url,
        u1_0.role,
        u1_0.state,
        u1_0.updated_at 
    from
        users u1_0 
    where
        u1_0.email=?
2026-05-29T12:32:30.361+05:30 DEBUG 30848 --- [EasyRoute_Backend] [http-nio-8080-exec-2] o.s.web.servlet.DispatcherServlet        : GET "/api/v1/config/maps-key", parameters={}
2026-05-29T12:32:30.361+05:30 DEBUG 30848 --- [EasyRoute_Backend] [http-nio-8080-exec-2] s.w.s.m.m.a.RequestMappingHandlerMapping : Mapped to com.logistics.platform.controller.ConfigController#getMapsKey()
2026-05-29T12:32:30.364+05:30 DEBUG 30848 --- [EasyRoute_Backend] [http-nio-8080-exec-2] o.s.w.s.m.m.a.HttpEntityMethodProcessor  : Using 'application/json', given [application/json, text/plain, */*] and supported [application/json, application/*+json]
2026-05-29T12:32:30.364+05:30 DEBUG 30848 --- [EasyRoute_Backend] [http-nio-8080-exec-4] o.s.web.servlet.DispatcherServlet        : GET "/api/v1/rates/my-rate", parameters={}
2026-05-29T12:32:30.364+05:30 DEBUG 30848 --- [EasyRoute_Backend] [http-nio-8080-exec-6] o.s.web.servlet.DispatcherServlet        : GET "/api/v1/shipments", parameters={}
2026-05-29T12:32:30.364+05:30 DEBUG 30848 --- [EasyRoute_Backend] [http-nio-8080-exec-2] o.s.w.s.m.m.a.HttpEntityMethodProcessor  : Writing [ApiResponse(success=true, message=Maps API Key retrieved successfully, data={apiKey=AIzaSyANarU6cEpt (truncated)...]
2026-05-29T12:32:30.364+05:30 DEBUG 30848 --- [EasyRoute_Backend] [http-nio-8080-exec-4] s.w.s.m.m.a.RequestMappingHandlerMapping : Mapped to com.logistics.platform.controller.PlatformRateController#getMyRate(Authentication)
2026-05-29T12:32:30.366+05:30 DEBUG 30848 --- [EasyRoute_Backend] [http-nio-8080-exec-6] s.w.s.m.m.a.RequestMappingHandlerMapping : Mapped to com.logistics.platform.controller.ShipmentController#getMyShipments(User, ShipmentStatus)
2026-05-29T12:32:30.366+05:30 DEBUG 30848 --- [EasyRoute_Backend] [http-nio-8080-exec-2] o.s.web.servlet.DispatcherServlet        : Completed 200 OK
2026-05-29T12:32:30.369+05:30 DEBUG 30848 --- [EasyRoute_Backend] [http-nio-8080-exec-6] org.hibernate.SQL                        : 
    select
        u1_0.id,
        u1_0.address,
        u1_0.bank_details,
        u1_0.bio,
        u1_0.city,
        u1_0.created_at,
        u1_0.email,
        u1_0.email_verified,
        u1_0.emergency_contacts,
        u1_0.gstin,
        u1_0.is_active,
        u1_0.name,
        u1_0.password,
        u1_0.phone,
        u1_0.pincode,
        u1_0.preferred_route_area,
        u1_0.profile_photo_url,
        u1_0.role,
        u1_0.state,
        u1_0.updated_at 
    from
        users u1_0 
    where
        u1_0.email=?
2026-05-29T12:32:30.369+05:30 DEBUG 30848 --- [EasyRoute_Backend] [http-nio-8080-exec-4] org.hibernate.SQL                        : 
    select
        urc1_0.id,
        urc1_0.is_active,
        urc1_0.base_fare,
        urc1_0.commission_percentage,
        urc1_0.created_at,
        urc1_0.fixed_fee,
        urc1_0.name,
        urc1_0.per_kg_rate,
        urc1_0.per_km_rate,
        urc1_0.target_role,
        urc1_0.updated_at,
        urc1_0.user_id 
    from
        user_rate_cards urc1_0 
    where
        urc1_0.user_id=? 
        and urc1_0.is_active
2026-05-29T12:32:30.375+05:30 DEBUG 30848 --- [EasyRoute_Backend] [http-nio-8080-exec-6] org.hibernate.SQL                        : 
    select
        s1_0.id,
        s1_0.actual_delivery_time,
        s1_0.actual_pickup_time,
        s1_0.cancellation_reason,
        s1_0.chargeable_weight,
        s1_0.cod_amount,
        s1_0.cod_charge,
        s1_0.courier_id,
        s1_0.created_at,
        s1_0.customer_id,
        s1_0.drop_address,
        s1_0.drop_city,
        s1_0.drop_lat,
        s1_0.drop_lng,
        s1_0.drop_pincode,
        s1_0.estimated_cost,
        s1_0.freight_charge,
        s1_0.fuel_charge,
        s1_0.gst_charge,
        s1_0.payment_mode,
        s1_0.pickup_address,
        s1_0.pickup_city,
        s1_0.pickup_lat,
        s1_0.pickup_lng,
        s1_0.pickup_partner_id,
        s1_0.pickup_pincode,
        s1_0.remote_charge,
        s1_0.scheduled_pickup_time,
        s1_0.status,
        s1_0.total_weight_kg,
        s1_0.tracking_number,
        s1_0.truck_id,
        s1_0.updated_at,
        s1_0.volumetric_weight 
    from
        shipments s1_0 
    where
        s1_0.customer_id=?
2026-05-29T12:32:30.375+05:30 DEBUG 30848 --- [EasyRoute_Backend] [http-nio-8080-exec-1] org.hibernate.SQL                        : 
    select
        u1_0.id,
        u1_0.address,
        u1_0.bank_details,
        u1_0.bio,
        u1_0.city,
        u1_0.created_at,
        u1_0.email,
        u1_0.email_verified,
        u1_0.emergency_contacts,
        u1_0.gstin,
        u1_0.is_active,
        u1_0.name,
        u1_0.password,
        u1_0.phone,
        u1_0.pincode,
        u1_0.preferred_route_area,
        u1_0.profile_photo_url,
        u1_0.role,
        u1_0.state,
        u1_0.updated_at 
    from
        users u1_0 
    where
        u1_0.email=?
2026-05-29T12:32:30.375+05:30 DEBUG 30848 --- [EasyRoute_Backend] [http-nio-8080-exec-4] org.hibernate.SQL                        : 
    select
        urc1_0.id,
        urc1_0.is_active,
        urc1_0.base_fare,
        urc1_0.commission_percentage,
        urc1_0.created_at,
        urc1_0.fixed_fee,
        urc1_0.name,
        urc1_0.per_kg_rate,
        urc1_0.per_km_rate,
        urc1_0.target_role,
        urc1_0.updated_at,
        urc1_0.user_id 
    from
        user_rate_cards urc1_0 
    where
        urc1_0.target_role=? 
        and urc1_0.is_active
2026-05-29T12:32:30.378+05:30 DEBUG 30848 --- [EasyRoute_Backend] [http-nio-8080-exec-1] o.s.web.servlet.DispatcherServlet        : GET "/api/v1/config/maps-key", parameters={}
2026-05-29T12:32:30.378+05:30 DEBUG 30848 --- [EasyRoute_Backend] [http-nio-8080-exec-1] s.w.s.m.m.a.RequestMappingHandlerMapping : Mapped to com.logistics.platform.controller.ConfigController#getMapsKey()
2026-05-29T12:32:30.378+05:30 DEBUG 30848 --- [EasyRoute_Backend] [http-nio-8080-exec-4] o.s.w.s.m.m.a.HttpEntityMethodProcessor  : Using 'application/json', given [application/json, text/plain, */*] and supported [application/json, application/*+json]
2026-05-29T12:32:30.379+05:30 DEBUG 30848 --- [EasyRoute_Backend] [http-nio-8080-exec-4] o.s.w.s.m.m.a.HttpEntityMethodProcessor  : Nothing to write: null body
2026-05-29T12:32:30.379+05:30 DEBUG 30848 --- [EasyRoute_Backend] [http-nio-8080-exec-4] o.s.web.servlet.DispatcherServlet        : Completed 200 OK
2026-05-29T12:32:30.379+05:30 DEBUG 30848 --- [EasyRoute_Backend] [http-nio-8080-exec-1] o.s.w.s.m.m.a.HttpEntityMethodProcessor  : Using 'application/json', given [application/json, text/plain, */*] and supported [application/json, application/*+json]
2026-05-29T12:32:30.380+05:30 DEBUG 30848 --- [EasyRoute_Backend] [http-nio-8080-exec-1] o.s.w.s.m.m.a.HttpEntityMethodProcessor  : Writing [ApiResponse(success=true, message=Maps API Key retrieved successfully, data={apiKey=AIzaSyANarU6cEpt (truncated)...]
2026-05-29T12:32:30.380+05:30 DEBUG 30848 --- [EasyRoute_Backend] [http-nio-8080-exec-1] o.s.web.servlet.DispatcherServlet        : Completed 200 OK
2026-05-29T12:32:30.383+05:30 DEBUG 30848 --- [EasyRoute_Backend] [http-nio-8080-exec-6] org.hibernate.SQL                        : 
    select
        i1_0.shipment_id,
        i1_0.id,
        i1_0.created_at,
        i1_0.description,
        i1_0.fragile,
        i1_0.item_name,
        i1_0.quantity,
        i1_0.updated_at,
        i1_0.weight_kg 
    from
        shipment_items i1_0 
    where
        i1_0.shipment_id=?
2026-05-29T12:32:30.386+05:30 DEBUG 30848 --- [EasyRoute_Backend] [http-nio-8080-exec-7] org.hibernate.SQL                        : 
    select
        u1_0.id,
        u1_0.address,
        u1_0.bank_details,
        u1_0.bio,
        u1_0.city,
        u1_0.created_at,
        u1_0.email,
        u1_0.email_verified,
        u1_0.emergency_contacts,
        u1_0.gstin,
        u1_0.is_active,
        u1_0.name,
        u1_0.password,
        u1_0.phone,
        u1_0.pincode,
        u1_0.preferred_route_area,
        u1_0.profile_photo_url,
        u1_0.role,
        u1_0.state,
        u1_0.updated_at 
    from
        users u1_0 
    where
        u1_0.email=?
2026-05-29T12:32:30.388+05:30 DEBUG 30848 --- [EasyRoute_Backend] [http-nio-8080-exec-6] org.hibernate.SQL                        : 
    select
        t1_0.id,
        t1_0.capacity_tons,
        t1_0.created_at,
        t1_0.current_route_area,
        t1_0.insurance_url,
        t1_0.is_available,
        t1_0.is_rejected,
        t1_0.is_verified,
        t1_0.license_url,
        t1_0.owner_id,
        t1_0.rate_card_accepted,
        t1_0.rc_document_url,
        t1_0.registration_number,
        t1_0.truck_type,
        t1_0.updated_at 
    from
        trucks t1_0 
    where
        t1_0.id=?
2026-05-29T12:32:30.388+05:30 DEBUG 30848 --- [EasyRoute_Backend] [http-nio-8080-exec-7] o.s.web.servlet.DispatcherServlet        : GET "/api/v1/rates/my-rate", parameters={}
2026-05-29T12:32:30.388+05:30 DEBUG 30848 --- [EasyRoute_Backend] [http-nio-8080-exec-7] s.w.s.m.m.a.RequestMappingHandlerMapping : Mapped to com.logistics.platform.controller.PlatformRateController#getMyRate(Authentication)
2026-05-29T12:32:30.396+05:30 DEBUG 30848 --- [EasyRoute_Backend] [http-nio-8080-exec-7] org.hibernate.SQL                        : 
    select
        urc1_0.id,
        urc1_0.is_active,
        urc1_0.base_fare,
        urc1_0.commission_percentage,
        urc1_0.created_at,
        urc1_0.fixed_fee,
        urc1_0.name,
        urc1_0.per_kg_rate,
        urc1_0.per_km_rate,
        urc1_0.target_role,
        urc1_0.updated_at,
        urc1_0.user_id 
    from
        user_rate_cards urc1_0 
    where
        urc1_0.user_id=? 
        and urc1_0.is_active
2026-05-29T12:32:30.396+05:30 DEBUG 30848 --- [EasyRoute_Backend] [http-nio-8080-exec-6] org.hibernate.SQL                        : 
    select
        u1_0.id,
        u1_0.address,
        u1_0.bank_details,
        u1_0.bio,
        u1_0.city,
        u1_0.created_at,
        u1_0.email,
        u1_0.email_verified,
        u1_0.emergency_contacts,
        u1_0.gstin,
        u1_0.is_active,
        u1_0.name,
        u1_0.password,
        u1_0.phone,
        u1_0.pincode,
        u1_0.preferred_route_area,
        u1_0.profile_photo_url,
        u1_0.role,
        u1_0.state,
        u1_0.updated_at 
    from
        users u1_0 
    where
        u1_0.id=?
2026-05-29T12:32:30.396+05:30 DEBUG 30848 --- [EasyRoute_Backend] [http-nio-8080-exec-7] org.hibernate.SQL                        : 
    select
        urc1_0.id,
        urc1_0.is_active,
        urc1_0.base_fare,
        urc1_0.commission_percentage,
        urc1_0.created_at,
        urc1_0.fixed_fee,
        urc1_0.name,
        urc1_0.per_kg_rate,
        urc1_0.per_km_rate,
        urc1_0.target_role,
        urc1_0.updated_at,
        urc1_0.user_id 
    from
        user_rate_cards urc1_0 
    where
        urc1_0.target_role=? 
        and urc1_0.is_active
2026-05-29T12:32:30.396+05:30 DEBUG 30848 --- [EasyRoute_Backend] [http-nio-8080-exec-6] org.hibernate.SQL                        : 
    select
        u1_0.id,
        u1_0.address,
        u1_0.bank_details,
        u1_0.bio,
        u1_0.city,
        u1_0.created_at,
        u1_0.email,
        u1_0.email_verified,
        u1_0.emergency_contacts,
        u1_0.gstin,
        u1_0.is_active,
        u1_0.name,
        u1_0.password,
        u1_0.phone,
        u1_0.pincode,
        u1_0.preferred_route_area,
        u1_0.profile_photo_url,
        u1_0.role,
        u1_0.state,
        u1_0.updated_at 
    from
        users u1_0 
    where
        u1_0.id=?
2026-05-29T12:32:30.403+05:30 DEBUG 30848 --- [EasyRoute_Backend] [http-nio-8080-exec-7] o.s.w.s.m.m.a.HttpEntityMethodProcessor  : Using 'application/json', given [application/json, text/plain, */*] and supported [application/json, application/*+json]
2026-05-29T12:32:30.403+05:30 DEBUG 30848 --- [EasyRoute_Backend] [http-nio-8080-exec-6] org.hibernate.SQL                        : 
    select
        i1_0.shipment_id,
        i1_0.id,
        i1_0.created_at,
        i1_0.description,
        i1_0.fragile,
        i1_0.item_name,
        i1_0.quantity,
        i1_0.updated_at,
        i1_0.weight_kg 
    from
        shipment_items i1_0 
    where
        i1_0.shipment_id=?
2026-05-29T12:32:30.403+05:30 DEBUG 30848 --- [EasyRoute_Backend] [http-nio-8080-exec-7] o.s.w.s.m.m.a.HttpEntityMethodProcessor  : Nothing to write: null body
2026-05-29T12:32:30.403+05:30 DEBUG 30848 --- [EasyRoute_Backend] [http-nio-8080-exec-7] o.s.web.servlet.DispatcherServlet        : Completed 200 OK
2026-05-29T12:32:30.405+05:30 DEBUG 30848 --- [EasyRoute_Backend] [http-nio-8080-exec-6] o.s.w.s.m.m.a.HttpEntityMethodProcessor  : Using 'application/json', given [application/json, text/plain, */*] and supported [application/json, application/*+json]
2026-05-29T12:32:30.405+05:30 DEBUG 30848 --- [EasyRoute_Backend] [http-nio-8080-exec-6] o.s.w.s.m.m.a.HttpEntityMethodProcessor  : Writing [ApiResponse(success=true, message=Shipments retrieved successfully, data=[ShipmentResponse(id=440150 (truncated)...]
2026-05-29T12:32:30.405+05:30 DEBUG 30848 --- [EasyRoute_Backend] [http-nio-8080-exec-6] o.s.web.servlet.DispatcherServlet        : Completed 200 OK
2026-05-29T12:32:30.415+05:30 DEBUG 30848 --- [EasyRoute_Backend] [http-nio-8080-exec-9] org.hibernate.SQL                        : 
    select
        u1_0.id,
        u1_0.address,
        u1_0.bank_details,
        u1_0.bio,
        u1_0.city,
        u1_0.created_at,
        u1_0.email,
        u1_0.email_verified,
        u1_0.emergency_contacts,
        u1_0.gstin,
        u1_0.is_active,
        u1_0.name,
        u1_0.password,
        u1_0.phone,
        u1_0.pincode,
        u1_0.preferred_route_area,
        u1_0.profile_photo_url,
        u1_0.role,
        u1_0.state,
        u1_0.updated_at 
    from
        users u1_0 
    where
        u1_0.email=?
2026-05-29T12:32:30.418+05:30 DEBUG 30848 --- [EasyRoute_Backend] [http-nio-8080-exec-9] o.s.web.servlet.DispatcherServlet        : GET "/api/v1/shipments", parameters={}
2026-05-29T12:32:30.418+05:30 DEBUG 30848 --- [EasyRoute_Backend] [http-nio-8080-exec-9] s.w.s.m.m.a.RequestMappingHandlerMapping : Mapped to com.logistics.platform.controller.ShipmentController#getMyShipments(User, ShipmentStatus)
2026-05-29T12:32:30.420+05:30 DEBUG 30848 --- [EasyRoute_Backend] [http-nio-8080-exec-9] org.hibernate.SQL                        : 
    select
        u1_0.id,
        u1_0.address,
        u1_0.bank_details,
        u1_0.bio,
        u1_0.city,
        u1_0.created_at,
        u1_0.email,
        u1_0.email_verified,
        u1_0.emergency_contacts,
        u1_0.gstin,
        u1_0.is_active,
        u1_0.name,
        u1_0.password,
        u1_0.phone,
        u1_0.pincode,
        u1_0.preferred_route_area,
        u1_0.profile_photo_url,
        u1_0.role,
        u1_0.state,
        u1_0.updated_at 
    from
        users u1_0 
    where
        u1_0.email=?
2026-05-29T12:32:30.425+05:30 DEBUG 30848 --- [EasyRoute_Backend] [http-nio-8080-exec-9] org.hibernate.SQL                        : 
    select
        s1_0.id,
        s1_0.actual_delivery_time,
        s1_0.actual_pickup_time,
        s1_0.cancellation_reason,
        s1_0.chargeable_weight,
        s1_0.cod_amount,
        s1_0.cod_charge,
        s1_0.courier_id,
        s1_0.created_at,
        s1_0.customer_id,
        s1_0.drop_address,
        s1_0.drop_city,
        s1_0.drop_lat,
        s1_0.drop_lng,
        s1_0.drop_pincode,
        s1_0.estimated_cost,
        s1_0.freight_charge,
        s1_0.fuel_charge,
        s1_0.gst_charge,
        s1_0.payment_mode,
        s1_0.pickup_address,
        s1_0.pickup_city,
        s1_0.pickup_lat,
        s1_0.pickup_lng,
        s1_0.pickup_partner_id,
        s1_0.pickup_pincode,
        s1_0.remote_charge,
        s1_0.scheduled_pickup_time,
        s1_0.status,
        s1_0.total_weight_kg,
        s1_0.tracking_number,
        s1_0.truck_id,
        s1_0.updated_at,
        s1_0.volumetric_weight 
    from
        shipments s1_0 
    where
        s1_0.customer_id=?
2026-05-29T12:32:30.425+05:30 DEBUG 30848 --- [EasyRoute_Backend] [http-nio-8080-exec-9] org.hibernate.SQL                        : 
    select
        i1_0.shipment_id,
        i1_0.id,
        i1_0.created_at,
        i1_0.description,
        i1_0.fragile,
        i1_0.item_name,
        i1_0.quantity,
        i1_0.updated_at,
        i1_0.weight_kg 
    from
        shipment_items i1_0 
    where
        i1_0.shipment_id=?
2026-05-29T12:32:30.434+05:30 DEBUG 30848 --- [EasyRoute_Backend] [http-nio-8080-exec-9] org.hibernate.SQL                        : 
    select
        t1_0.id,
        t1_0.capacity_tons,
        t1_0.created_at,
        t1_0.current_route_area,
        t1_0.insurance_url,
        t1_0.is_available,
        t1_0.is_rejected,
        t1_0.is_verified,
        t1_0.license_url,
        t1_0.owner_id,
        t1_0.rate_card_accepted,
        t1_0.rc_document_url,
        t1_0.registration_number,
        t1_0.truck_type,
        t1_0.updated_at 
    from
        trucks t1_0 
    where
        t1_0.id=?
2026-05-29T12:32:30.435+05:30 DEBUG 30848 --- [EasyRoute_Backend] [http-nio-8080-exec-9] org.hibernate.SQL                        : 
    select
        u1_0.id,
        u1_0.address,
        u1_0.bank_details,
        u1_0.bio,
        u1_0.city,
        u1_0.created_at,
        u1_0.email,
        u1_0.email_verified,
        u1_0.emergency_contacts,
        u1_0.gstin,
        u1_0.is_active,
        u1_0.name,
        u1_0.password,
        u1_0.phone,
        u1_0.pincode,
        u1_0.preferred_route_area,
        u1_0.profile_photo_url,
        u1_0.role,
        u1_0.state,
        u1_0.updated_at 
    from
        users u1_0 
    where
        u1_0.id=?
2026-05-29T12:32:30.435+05:30 DEBUG 30848 --- [EasyRoute_Backend] [http-nio-8080-exec-9] org.hibernate.SQL                        : 
    select
        u1_0.id,
        u1_0.address,
        u1_0.bank_details,
        u1_0.bio,
        u1_0.city,
        u1_0.created_at,
        u1_0.email,
        u1_0.email_verified,
        u1_0.emergency_contacts,
        u1_0.gstin,
        u1_0.is_active,
        u1_0.name,
        u1_0.password,
        u1_0.phone,
        u1_0.pincode,
        u1_0.preferred_route_area,
        u1_0.profile_photo_url,
        u1_0.role,
        u1_0.state,
        u1_0.updated_at 
    from
        users u1_0 
    where
        u1_0.id=?
2026-05-29T12:32:30.442+05:30 DEBUG 30848 --- [EasyRoute_Backend] [http-nio-8080-exec-9] org.hibernate.SQL                        : 
    select
        i1_0.shipment_id,
        i1_0.id,
        i1_0.created_at,
        i1_0.description,
        i1_0.fragile,
        i1_0.item_name,
        i1_0.quantity,
        i1_0.updated_at,
        i1_0.weight_kg 
    from
        shipment_items i1_0 
    where
        i1_0.shipment_id=?
2026-05-29T12:32:30.444+05:30 DEBUG 30848 --- [EasyRoute_Backend] [http-nio-8080-exec-9] o.s.w.s.m.m.a.HttpEntityMethodProcessor  : Using 'application/json', given [application/json, text/plain, */*] and supported [application/json, application/*+json]
2026-05-29T12:32:30.444+05:30 DEBUG 30848 --- [EasyRoute_Backend] [http-nio-8080-exec-9] o.s.w.s.m.m.a.HttpEntityMethodProcessor  : Writing [ApiResponse(success=true, message=Shipments retrieved successfully, data=[ShipmentResponse(id=440150 (truncated)...]
2026-05-29T12:32:30.444+05:30 DEBUG 30848 --- [EasyRoute_Backend] [http-nio-8080-exec-9] o.s.web.servlet.DispatcherServlet        : Completed 200 OK
2026-05-29T12:32:42.228+05:30 DEBUG 30848 --- [EasyRoute_Backend] [http-nio-8080-exec-10] org.hibernate.SQL                        : 
    select
        u1_0.id,
        u1_0.address,
        u1_0.bank_details,
        u1_0.bio,
        u1_0.city,
        u1_0.created_at,
        u1_0.email,
        u1_0.email_verified,
        u1_0.emergency_contacts,
        u1_0.gstin,
        u1_0.is_active,
        u1_0.name,
        u1_0.password,
        u1_0.phone,
        u1_0.pincode,
        u1_0.preferred_route_area,
        u1_0.profile_photo_url,
        u1_0.role,
        u1_0.state,
        u1_0.updated_at 
    from
        users u1_0 
    where
        u1_0.email=?
2026-05-29T12:32:42.236+05:30 DEBUG 30848 --- [EasyRoute_Backend] [http-nio-8080-exec-10] o.s.web.servlet.DispatcherServlet        : GET "/api/v1/ai/chat?message=Hello", parameters={masked}
2026-05-29T12:32:42.237+05:30 DEBUG 30848 --- [EasyRoute_Backend] [http-nio-8080-exec-10] s.w.s.m.m.a.RequestMappingHandlerMapping : Mapped to com.logistics.platform.controller.AiController#chat(String, Authentication)
2026-05-29T12:32:42.240+05:30 DEBUG 30848 --- [EasyRoute_Backend] [http-nio-8080-exec-10] org.hibernate.SQL                        : 
    select
        u1_0.id,
        u1_0.address,
        u1_0.bank_details,
        u1_0.bio,
        u1_0.city,
        u1_0.created_at,
        u1_0.email,
        u1_0.email_verified,
        u1_0.emergency_contacts,
        u1_0.gstin,
        u1_0.is_active,
        u1_0.name,
        u1_0.password,
        u1_0.phone,
        u1_0.pincode,
        u1_0.preferred_route_area,
        u1_0.profile_photo_url,
        u1_0.role,
        u1_0.state,
        u1_0.updated_at 
    from
        users u1_0 
    where
        u1_0.email=?
2026-05-29T12:32:42.244+05:30 DEBUG 30848 --- [EasyRoute_Backend] [http-nio-8080-exec-10] org.hibernate.SQL                        : 
    select
        u1_0.id,
        u1_0.address,
        u1_0.bank_details,
        u1_0.bio,
        u1_0.city,
        u1_0.created_at,
        u1_0.email,
        u1_0.email_verified,
        u1_0.emergency_contacts,
        u1_0.gstin,
        u1_0.is_active,
        u1_0.name,
        u1_0.password,
        u1_0.phone,
        u1_0.pincode,
        u1_0.preferred_route_area,
        u1_0.profile_photo_url,
        u1_0.role,
        u1_0.state,
        u1_0.updated_at 
    from
        users u1_0 
    where
        u1_0.email=?
2026-05-29T12:32:42.249+05:30 DEBUG 30848 --- [EasyRoute_Backend] [http-nio-8080-exec-10] org.hibernate.SQL                        : 
    select
        s1_0.id,
        s1_0.actual_delivery_time,
        s1_0.actual_pickup_time,
        s1_0.cancellation_reason,
        s1_0.chargeable_weight,
        s1_0.cod_amount,
        s1_0.cod_charge,
        s1_0.courier_id,
        s1_0.created_at,
        s1_0.customer_id,
        s1_0.drop_address,
        s1_0.drop_city,
        s1_0.drop_lat,
        s1_0.drop_lng,
        s1_0.drop_pincode,
        s1_0.estimated_cost,
        s1_0.freight_charge,
        s1_0.fuel_charge,
        s1_0.gst_charge,
        s1_0.payment_mode,
        s1_0.pickup_address,
        s1_0.pickup_city,
        s1_0.pickup_lat,
        s1_0.pickup_lng,
        s1_0.pickup_partner_id,
        s1_0.pickup_pincode,
        s1_0.remote_charge,
        s1_0.scheduled_pickup_time,
        s1_0.status,
        s1_0.total_weight_kg,
        s1_0.tracking_number,
        s1_0.truck_id,
        s1_0.updated_at,
        s1_0.volumetric_weight 
    from
        shipments s1_0 
    where
        s1_0.customer_id=?
2026-05-29T12:32:42.251+05:30 DEBUG 30848 --- [EasyRoute_Backend] [http-nio-8080-exec-10] org.hibernate.SQL                        : 
    select
        i1_0.shipment_id,
        i1_0.id,
        i1_0.created_at,
        i1_0.description,
        i1_0.fragile,
        i1_0.item_name,
        i1_0.quantity,
        i1_0.updated_at,
        i1_0.weight_kg 
    from
        shipment_items i1_0 
    where
        i1_0.shipment_id=?
2026-05-29T12:32:42.253+05:30 DEBUG 30848 --- [EasyRoute_Backend] [http-nio-8080-exec-10] org.hibernate.SQL                        : 
    select
        t1_0.id,
        t1_0.capacity_tons,
        t1_0.created_at,
        t1_0.current_route_area,
        t1_0.insurance_url,
        t1_0.is_available,
        t1_0.is_rejected,
        t1_0.is_verified,
        t1_0.license_url,
        t1_0.owner_id,
        t1_0.rate_card_accepted,
        t1_0.rc_document_url,
        t1_0.registration_number,
        t1_0.truck_type,
        t1_0.updated_at 
    from
        trucks t1_0 
    where
        t1_0.id=?
2026-05-29T12:32:42.255+05:30 DEBUG 30848 --- [EasyRoute_Backend] [http-nio-8080-exec-10] org.hibernate.SQL                        : 
    select
        u1_0.id,
        u1_0.address,
        u1_0.bank_details,
        u1_0.bio,
        u1_0.city,
        u1_0.created_at,
        u1_0.email,
        u1_0.email_verified,
        u1_0.emergency_contacts,
        u1_0.gstin,
        u1_0.is_active,
        u1_0.name,
        u1_0.password,
        u1_0.phone,
        u1_0.pincode,
        u1_0.preferred_route_area,
        u1_0.profile_photo_url,
        u1_0.role,
        u1_0.state,
        u1_0.updated_at 
    from
        users u1_0 
    where
        u1_0.id=?
2026-05-29T12:32:42.256+05:30 DEBUG 30848 --- [EasyRoute_Backend] [http-nio-8080-exec-10] org.hibernate.SQL                        : 
    select
        u1_0.id,
        u1_0.address,
        u1_0.bank_details,
        u1_0.bio,
        u1_0.city,
        u1_0.created_at,
        u1_0.email,
        u1_0.email_verified,
        u1_0.emergency_contacts,
        u1_0.gstin,
        u1_0.is_active,
        u1_0.name,
        u1_0.password,
        u1_0.phone,
        u1_0.pincode,
        u1_0.preferred_route_area,
        u1_0.profile_photo_url,
        u1_0.role,
        u1_0.state,
        u1_0.updated_at 
    from
        users u1_0 
    where
        u1_0.id=?
2026-05-29T12:32:42.257+05:30 DEBUG 30848 --- [EasyRoute_Backend] [http-nio-8080-exec-10] org.hibernate.SQL                        : 
    select
        i1_0.shipment_id,
        i1_0.id,
        i1_0.created_at,
        i1_0.description,
        i1_0.fragile,
        i1_0.item_name,
        i1_0.quantity,
        i1_0.updated_at,
        i1_0.weight_kg 
    from
        shipment_items i1_0 
    where
        i1_0.shipment_id=?
2026-05-29T12:32:42.272+05:30 DEBUG 30848 --- [EasyRoute_Backend] [http-nio-8080-exec-10] o.s.web.client.DefaultRestClient         : Writing [ChatCompletionRequest[messages=[ChatCompletionMessage[rawContent=[{type=text, text=You are an expert Logistics and Supply Chain Assistant. You help users with shipping, warehousing, inventory management, and transportation queries. Provide concise, professional, and accurate answers.

--- CURRENT USER CONTEXT ---
You are currently talking directly to a registered user of the logistics platform. Always use this context to answer their personal questions. DO NOT ask them for their details, you already have them below:

Name: Sravani Annapureddy
Role: ROLE_CUSTOMER
Contact: 8989898989

Shipment Statistics:
- Total Shipments: 2
- Pending Shipments: 0
- Delivered Shipments: 2

10 Most Recent Shipments:
- Tracking #ER-BE9E22B8: DELIVERED (From: Hyderabad To: Mumbai)
- Tracking #null: DELIVERED (From: Hyderabad To: Mumbai)
----------------------------
}], role=SYSTEM, name=null, toolCallId=null, toolCalls=null], ChatCompletionMessage[rawContent=[{type=text, text=Hello}], role=USER, name=null, toolCallId=null, toolCalls=null]], model=llama-3.1-8b-instant, frequencyPenalty=null, logitBias=null, logprobs=null, topLogprobs=null, maxTokens=null, n=null, presencePenalty=null, responseFormat=null, seed=null, stop=null, stream=false, temperature=0.7, topP=null, tools=null, toolChoice=null, user=null]] as "application/json" with org.springframework.http.converter.json.MappingJackson2HttpMessageConverter
2026-05-29T12:32:43.052+05:30 DEBUG 30848 --- [EasyRoute_Backend] [http-nio-8080-exec-10] o.s.web.client.DefaultRestClient         : Reading to [org.springframework.ai.openai.api.OpenAiApi$ChatCompletion]
2026-05-29T12:32:43.062+05:30 DEBUG 30848 --- [EasyRoute_Backend] [http-nio-8080-exec-10] m.m.a.RequestResponseBodyMethodProcessor : Using 'application/json', given [application/json, text/plain, */*] and supported [text/plain, */*, application/json, application/*+json]
2026-05-29T12:32:43.063+05:30 DEBUG 30848 --- [EasyRoute_Backend] [http-nio-8080-exec-10] m.m.a.RequestResponseBodyMethodProcessor : Writing ["Hello Sravani. It's great to connect with you again. You have two delivered shipments so far, and yo (truncated)..."]
2026-05-29T12:32:43.064+05:30 DEBUG 30848 --- [EasyRoute_Backend] [http-nio-8080-exec-10] o.s.web.servlet.DispatcherServlet        : Completed 200 OK
2026-05-29T12:33:10.544+05:30 DEBUG 30848 --- [EasyRoute_Backend] [http-nio-8080-exec-5] org.hibernate.SQL                        : 
    select
        u1_0.id,
        u1_0.address,
        u1_0.bank_details,
        u1_0.bio,
        u1_0.city,
        u1_0.created_at,
        u1_0.email,
        u1_0.email_verified,
        u1_0.emergency_contacts,
        u1_0.gstin,
        u1_0.is_active,
        u1_0.name,
        u1_0.password,
        u1_0.phone,
        u1_0.pincode,
        u1_0.preferred_route_area,
        u1_0.profile_photo_url,
        u1_0.role,
        u1_0.state,
        u1_0.updated_at 
    from
        users u1_0 
    where
        u1_0.email=?
2026-05-29T12:33:10.544+05:30 DEBUG 30848 --- [EasyRoute_Backend] [http-nio-8080-exec-5] o.s.web.servlet.DispatcherServlet        : GET "/api/v1/ai/chat?message=what%20is%20the%20name%20of%20cargo%20partner", parameters={masked}
2026-05-29T12:33:10.544+05:30 DEBUG 30848 --- [EasyRoute_Backend] [http-nio-8080-exec-5] s.w.s.m.m.a.RequestMappingHandlerMapping : Mapped to com.logistics.platform.controller.AiController#chat(String, Authentication)
2026-05-29T12:33:10.551+05:30 DEBUG 30848 --- [EasyRoute_Backend] [http-nio-8080-exec-5] org.hibernate.SQL                        : 
    select
        u1_0.id,
        u1_0.address,
        u1_0.bank_details,
        u1_0.bio,
        u1_0.city,
        u1_0.created_at,
        u1_0.email,
        u1_0.email_verified,
        u1_0.emergency_contacts,
        u1_0.gstin,
        u1_0.is_active,
        u1_0.name,
        u1_0.password,
        u1_0.phone,
        u1_0.pincode,
        u1_0.preferred_route_area,
        u1_0.profile_photo_url,
        u1_0.role,
        u1_0.state,
        u1_0.updated_at 
    from
        users u1_0 
    where
        u1_0.email=?
2026-05-29T12:33:10.551+05:30 DEBUG 30848 --- [EasyRoute_Backend] [http-nio-8080-exec-5] org.hibernate.SQL                        : 
    select
        u1_0.id,
        u1_0.address,
        u1_0.bank_details,
        u1_0.bio,
        u1_0.city,
        u1_0.created_at,
        u1_0.email,
        u1_0.email_verified,
        u1_0.emergency_contacts,
        u1_0.gstin,
        u1_0.is_active,
        u1_0.name,
        u1_0.password,
        u1_0.phone,
        u1_0.pincode,
        u1_0.preferred_route_area,
        u1_0.profile_photo_url,
        u1_0.role,
        u1_0.state,
        u1_0.updated_at 
    from
        users u1_0 
    where
        u1_0.email=?
2026-05-29T12:33:10.561+05:30 DEBUG 30848 --- [EasyRoute_Backend] [http-nio-8080-exec-5] org.hibernate.SQL                        : 
    select
        s1_0.id,
        s1_0.actual_delivery_time,
        s1_0.actual_pickup_time,
        s1_0.cancellation_reason,
        s1_0.chargeable_weight,
        s1_0.cod_amount,
        s1_0.cod_charge,
        s1_0.courier_id,
        s1_0.created_at,
        s1_0.customer_id,
        s1_0.drop_address,
        s1_0.drop_city,
        s1_0.drop_lat,
        s1_0.drop_lng,
        s1_0.drop_pincode,
        s1_0.estimated_cost,
        s1_0.freight_charge,
        s1_0.fuel_charge,
        s1_0.gst_charge,
        s1_0.payment_mode,
        s1_0.pickup_address,
        s1_0.pickup_city,
        s1_0.pickup_lat,
        s1_0.pickup_lng,
        s1_0.pickup_partner_id,
        s1_0.pickup_pincode,
        s1_0.remote_charge,
        s1_0.scheduled_pickup_time,
        s1_0.status,
        s1_0.total_weight_kg,
        s1_0.tracking_number,
        s1_0.truck_id,
        s1_0.updated_at,
        s1_0.volumetric_weight 
    from
        shipments s1_0 
    where
        s1_0.customer_id=?
2026-05-29T12:33:10.567+05:30 DEBUG 30848 --- [EasyRoute_Backend] [http-nio-8080-exec-5] org.hibernate.SQL                        : 
    select
        i1_0.shipment_id,
        i1_0.id,
        i1_0.created_at,
        i1_0.description,
        i1_0.fragile,
        i1_0.item_name,
        i1_0.quantity,
        i1_0.updated_at,
        i1_0.weight_kg 
    from
        shipment_items i1_0 
    where
        i1_0.shipment_id=?
2026-05-29T12:33:10.570+05:30 DEBUG 30848 --- [EasyRoute_Backend] [http-nio-8080-exec-5] org.hibernate.SQL                        : 
    select
        t1_0.id,
        t1_0.capacity_tons,
        t1_0.created_at,
        t1_0.current_route_area,
        t1_0.insurance_url,
        t1_0.is_available,
        t1_0.is_rejected,
        t1_0.is_verified,
        t1_0.license_url,
        t1_0.owner_id,
        t1_0.rate_card_accepted,
        t1_0.rc_document_url,
        t1_0.registration_number,
        t1_0.truck_type,
        t1_0.updated_at 
    from
        trucks t1_0 
    where
        t1_0.id=?
2026-05-29T12:33:10.572+05:30 DEBUG 30848 --- [EasyRoute_Backend] [http-nio-8080-exec-5] org.hibernate.SQL                        : 
    select
        u1_0.id,
        u1_0.address,
        u1_0.bank_details,
        u1_0.bio,
        u1_0.city,
        u1_0.created_at,
        u1_0.email,
        u1_0.email_verified,
        u1_0.emergency_contacts,
        u1_0.gstin,
        u1_0.is_active,
        u1_0.name,
        u1_0.password,
        u1_0.phone,
        u1_0.pincode,
        u1_0.preferred_route_area,
        u1_0.profile_photo_url,
        u1_0.role,
        u1_0.state,
        u1_0.updated_at 
    from
        users u1_0 
    where
        u1_0.id=?
2026-05-29T12:33:10.576+05:30 DEBUG 30848 --- [EasyRoute_Backend] [http-nio-8080-exec-5] org.hibernate.SQL                        : 
    select
        u1_0.id,
        u1_0.address,
        u1_0.bank_details,
        u1_0.bio,
        u1_0.city,
        u1_0.created_at,
        u1_0.email,
        u1_0.email_verified,
        u1_0.emergency_contacts,
        u1_0.gstin,
        u1_0.is_active,
        u1_0.name,
        u1_0.password,
        u1_0.phone,
        u1_0.pincode,
        u1_0.preferred_route_area,
        u1_0.profile_photo_url,
        u1_0.role,
        u1_0.state,
        u1_0.updated_at 
    from
        users u1_0 
    where
        u1_0.id=?
2026-05-29T12:33:10.577+05:30 DEBUG 30848 --- [EasyRoute_Backend] [http-nio-8080-exec-5] org.hibernate.SQL                        : 
    select
        i1_0.shipment_id,
        i1_0.id,
        i1_0.created_at,
        i1_0.description,
        i1_0.fragile,
        i1_0.item_name,
        i1_0.quantity,
        i1_0.updated_at,
        i1_0.weight_kg 
    from
        shipment_items i1_0 
    where
        i1_0.shipment_id=?
2026-05-29T12:33:10.588+05:30 DEBUG 30848 --- [EasyRoute_Backend] [http-nio-8080-exec-5] o.s.web.client.DefaultRestClient         : Writing [ChatCompletionRequest[messages=[ChatCompletionMessage[rawContent=[{type=text, text=You are an expert Logistics and Supply Chain Assistant. You help users with shipping, warehousing, inventory management, and transportation queries. Provide concise, professional, and accurate answers.

--- CURRENT USER CONTEXT ---
You are currently talking directly to a registered user of the logistics platform. Always use this context to answer their personal questions. DO NOT ask them for their details, you already have them below:

Name: Sravani Annapureddy
Role: ROLE_CUSTOMER
Contact: 8989898989

Shipment Statistics:
- Total Shipments: 2
- Pending Shipments: 0
- Delivered Shipments: 2

10 Most Recent Shipments:
- Tracking #ER-BE9E22B8: DELIVERED (From: Hyderabad To: Mumbai)
- Tracking #null: DELIVERED (From: Hyderabad To: Mumbai)
----------------------------
}], role=SYSTEM, name=null, toolCallId=null, toolCalls=null], ChatCompletionMessage[rawContent=[{type=text, text=what is the name of cargo partner}], role=USER, name=null, toolCallId=null, toolCalls=null]], model=llama-3.1-8b-instant, frequencyPenalty=null, logitBias=null, logprobs=null, topLogprobs=null, maxTokens=null, n=null, presencePenalty=null, responseFormat=null, seed=null, stop=null, stream=false, temperature=0.7, topP=null, tools=null, toolChoice=null, user=null]] as "application/json" with org.springframework.http.converter.json.MappingJackson2HttpMessageConverter
2026-05-29T12:33:11.638+05:30 DEBUG 30848 --- [EasyRoute_Backend] [http-nio-8080-exec-5] o.s.web.client.DefaultRestClient         : Reading to [org.springframework.ai.openai.api.OpenAiApi$ChatCompletion]
2026-05-29T12:33:11.641+05:30 DEBUG 30848 --- [EasyRoute_Backend] [http-nio-8080-exec-5] m.m.a.RequestResponseBodyMethodProcessor : Using 'application/json', given [application/json, text/plain, */*] and supported [text/plain, */*, application/json, application/*+json]
2026-05-29T12:33:11.641+05:30 DEBUG 30848 --- [EasyRoute_Backend] [http-nio-8080-exec-5] m.m.a.RequestResponseBodyMethodProcessor : Writing ["Based on your shipment history, I can see that the cargo partner for your last two shipments, Tracki (truncated)..."]
2026-05-29T12:33:11.642+05:30 DEBUG 30848 --- [EasyRoute_Backend] [http-nio-8080-exec-5] o.s.web.servlet.DispatcherServlet        : Completed 200 OK
2026-05-29T12:33:36.628+05:30 DEBUG 30848 --- [EasyRoute_Backend] [http-nio-8080-exec-8] org.hibernate.SQL                        : 
    select
        u1_0.id,
        u1_0.address,
        u1_0.bank_details,
        u1_0.bio,
        u1_0.city,
        u1_0.created_at,
        u1_0.email,
        u1_0.email_verified,
        u1_0.emergency_contacts,
        u1_0.gstin,
        u1_0.is_active,
        u1_0.name,
        u1_0.password,
        u1_0.phone,
        u1_0.pincode,
        u1_0.preferred_route_area,
        u1_0.profile_photo_url,
        u1_0.role,
        u1_0.state,
        u1_0.updated_at 
    from
        users u1_0 
    where
        u1_0.email=?
2026-05-29T12:33:36.636+05:30 DEBUG 30848 --- [EasyRoute_Backend] [http-nio-8080-exec-8] o.s.web.servlet.DispatcherServlet        : GET "/api/v1/ai/chat?message=can%20you%20provide%20the%20customer%20care%20number", parameters={masked}
2026-05-29T12:33:36.637+05:30 DEBUG 30848 --- [EasyRoute_Backend] [http-nio-8080-exec-8] s.w.s.m.m.a.RequestMappingHandlerMapping : Mapped to com.logistics.platform.controller.AiController#chat(String, Authentication)
2026-05-29T12:33:36.639+05:30 DEBUG 30848 --- [EasyRoute_Backend] [http-nio-8080-exec-8] org.hibernate.SQL                        : 
    select
        u1_0.id,
        u1_0.address,
        u1_0.bank_details,
        u1_0.bio,
        u1_0.city,
        u1_0.created_at,
        u1_0.email,
        u1_0.email_verified,
        u1_0.emergency_contacts,
        u1_0.gstin,
        u1_0.is_active,
        u1_0.name,
        u1_0.password,
        u1_0.phone,
        u1_0.pincode,
        u1_0.preferred_route_area,
        u1_0.profile_photo_url,
        u1_0.role,
        u1_0.state,
        u1_0.updated_at 
    from
        users u1_0 
    where
        u1_0.email=?
2026-05-29T12:33:36.644+05:30 DEBUG 30848 --- [EasyRoute_Backend] [http-nio-8080-exec-8] org.hibernate.SQL                        : 
    select
        u1_0.id,
        u1_0.address,
        u1_0.bank_details,
        u1_0.bio,
        u1_0.city,
        u1_0.created_at,
        u1_0.email,
        u1_0.email_verified,
        u1_0.emergency_contacts,
        u1_0.gstin,
        u1_0.is_active,
        u1_0.name,
        u1_0.password,
        u1_0.phone,
        u1_0.pincode,
        u1_0.preferred_route_area,
        u1_0.profile_photo_url,
        u1_0.role,
        u1_0.state,
        u1_0.updated_at 
    from
        users u1_0 
    where
        u1_0.email=?
2026-05-29T12:33:36.654+05:30 DEBUG 30848 --- [EasyRoute_Backend] [http-nio-8080-exec-8] org.hibernate.SQL                        : 
    select
        s1_0.id,
        s1_0.actual_delivery_time,
        s1_0.actual_pickup_time,
        s1_0.cancellation_reason,
        s1_0.chargeable_weight,
        s1_0.cod_amount,
        s1_0.cod_charge,
        s1_0.courier_id,
        s1_0.created_at,
        s1_0.customer_id,
        s1_0.drop_address,
        s1_0.drop_city,
        s1_0.drop_lat,
        s1_0.drop_lng,
        s1_0.drop_pincode,
        s1_0.estimated_cost,
        s1_0.freight_charge,
        s1_0.fuel_charge,
        s1_0.gst_charge,
        s1_0.payment_mode,
        s1_0.pickup_address,
        s1_0.pickup_city,
        s1_0.pickup_lat,
        s1_0.pickup_lng,
        s1_0.pickup_partner_id,
        s1_0.pickup_pincode,
        s1_0.remote_charge,
        s1_0.scheduled_pickup_time,
        s1_0.status,
        s1_0.total_weight_kg,
        s1_0.tracking_number,
        s1_0.truck_id,
        s1_0.updated_at,
        s1_0.volumetric_weight 
    from
        shipments s1_0 
    where
        s1_0.customer_id=?
2026-05-29T12:33:36.656+05:30 DEBUG 30848 --- [EasyRoute_Backend] [http-nio-8080-exec-8] org.hibernate.SQL                        : 
    select
        i1_0.shipment_id,
        i1_0.id,
        i1_0.created_at,
        i1_0.description,
        i1_0.fragile,
        i1_0.item_name,
        i1_0.quantity,
        i1_0.updated_at,
        i1_0.weight_kg 
    from
        shipment_items i1_0 
    where
        i1_0.shipment_id=?
2026-05-29T12:33:36.661+05:30 DEBUG 30848 --- [EasyRoute_Backend] [http-nio-8080-exec-8] org.hibernate.SQL                        : 
    select
        t1_0.id,
        t1_0.capacity_tons,
        t1_0.created_at,
        t1_0.current_route_area,
        t1_0.insurance_url,
        t1_0.is_available,
        t1_0.is_rejected,
        t1_0.is_verified,
        t1_0.license_url,
        t1_0.owner_id,
        t1_0.rate_card_accepted,
        t1_0.rc_document_url,
        t1_0.registration_number,
        t1_0.truck_type,
        t1_0.updated_at 
    from
        trucks t1_0 
    where
        t1_0.id=?
2026-05-29T12:33:36.665+05:30 DEBUG 30848 --- [EasyRoute_Backend] [http-nio-8080-exec-8] org.hibernate.SQL                        : 
    select
        u1_0.id,
        u1_0.address,
        u1_0.bank_details,
        u1_0.bio,
        u1_0.city,
        u1_0.created_at,
        u1_0.email,
        u1_0.email_verified,
        u1_0.emergency_contacts,
        u1_0.gstin,
        u1_0.is_active,
        u1_0.name,
        u1_0.password,
        u1_0.phone,
        u1_0.pincode,
        u1_0.preferred_route_area,
        u1_0.profile_photo_url,
        u1_0.role,
        u1_0.state,
        u1_0.updated_at 
    from
        users u1_0 
    where
        u1_0.id=?
2026-05-29T12:33:36.669+05:30 DEBUG 30848 --- [EasyRoute_Backend] [http-nio-8080-exec-8] org.hibernate.SQL                        : 
    select
        u1_0.id,
        u1_0.address,
        u1_0.bank_details,
        u1_0.bio,
        u1_0.city,
        u1_0.created_at,
        u1_0.email,
        u1_0.email_verified,
        u1_0.emergency_contacts,
        u1_0.gstin,
        u1_0.is_active,
        u1_0.name,
        u1_0.password,
        u1_0.phone,
        u1_0.pincode,
        u1_0.preferred_route_area,
        u1_0.profile_photo_url,
        u1_0.role,
        u1_0.state,
        u1_0.updated_at 
    from
        users u1_0 
    where
        u1_0.id=?
2026-05-29T12:33:36.673+05:30 DEBUG 30848 --- [EasyRoute_Backend] [http-nio-8080-exec-8] org.hibernate.SQL                        : 
    select
        i1_0.shipment_id,
        i1_0.id,
        i1_0.created_at,
        i1_0.description,
        i1_0.fragile,
        i1_0.item_name,
        i1_0.quantity,
        i1_0.updated_at,
        i1_0.weight_kg 
    from
        shipment_items i1_0 
    where
        i1_0.shipment_id=?
2026-05-29T12:33:36.692+05:30 DEBUG 30848 --- [EasyRoute_Backend] [http-nio-8080-exec-8] o.s.web.client.DefaultRestClient         : Writing [ChatCompletionRequest[messages=[ChatCompletionMessage[rawContent=[{type=text, text=You are an expert Logistics and Supply Chain Assistant. You help users with shipping, warehousing, inventory management, and transportation queries. Provide concise, professional, and accurate answers.

--- CURRENT USER CONTEXT ---
You are currently talking directly to a registered user of the logistics platform. Always use this context to answer their personal questions. DO NOT ask them for their details, you already have them below:

Name: Sravani Annapureddy
Role: ROLE_CUSTOMER
Contact: 8989898989

Shipment Statistics:
- Total Shipments: 2
- Pending Shipments: 0
- Delivered Shipments: 2

10 Most Recent Shipments:
- Tracking #ER-BE9E22B8: DELIVERED (From: Hyderabad To: Mumbai)
- Tracking #null: DELIVERED (From: Hyderabad To: Mumbai)
----------------------------
}], role=SYSTEM, name=null, toolCallId=null, toolCalls=null], ChatCompletionMessage[rawContent=[{type=text, text=can you provide the customer care number}], role=USER, name=null, toolCallId=null, toolCalls=null]], model=llama-3.1-8b-instant, frequencyPenalty=null, logitBias=null, logprobs=null, topLogprobs=null, maxTokens=null, n=null, presencePenalty=null, responseFormat=null, seed=null, stop=null, stream=false, temperature=0.7, topP=null, tools=null, toolChoice=null, user=null]] as "application/json" with org.springframework.http.converter.json.MappingJackson2HttpMessageConverter
2026-05-29T12:33:37.436+05:30 DEBUG 30848 --- [EasyRoute_Backend] [http-nio-8080-exec-8] o.s.web.client.DefaultRestClient         : Reading to [org.springframework.ai.openai.api.OpenAiApi$ChatCompletion]
2026-05-29T12:33:37.438+05:30 DEBUG 30848 --- [EasyRoute_Backend] [http-nio-8080-exec-8] m.m.a.RequestResponseBodyMethodProcessor : Using 'application/json', given [application/json, text/plain, */*] and supported [text/plain, */*, application/json, application/*+json]
2026-05-29T12:33:37.438+05:30 DEBUG 30848 --- [EasyRoute_Backend] [http-nio-8080-exec-8] m.m.a.RequestResponseBodyMethodProcessor : Writing ["Good day Sravani. I'm happy to assist you. The customer care number for our logistics platform is 18 (truncated)..."]
2026-05-29T12:33:37.438+05:30 DEBUG 30848 --- [EasyRoute_Backend] [http-nio-8080-exec-8] o.s.web.servlet.DispatcherServlet        : Completed 200 OK
2026-05-29T12:39:19.037+05:30 DEBUG 30848 --- [EasyRoute_Backend] [http-nio-8080-exec-5] o.s.web.servlet.DispatcherServlet        : POST "/api/v1/auth/login", parameters={}
2026-05-29T12:39:19.039+05:30 DEBUG 30848 --- [EasyRoute_Backend] [http-nio-8080-exec-5] s.w.s.m.m.a.RequestMappingHandlerMapping : Mapped to com.logistics.platform.controller.AuthController#login(LoginRequest, HttpServletRequest)
2026-05-29T12:39:19.039+05:30 DEBUG 30848 --- [EasyRoute_Backend] [http-nio-8080-exec-5] m.m.a.RequestResponseBodyMethodProcessor : Read "application/json;charset=UTF-8" to [LoginRequest(email=admin@easyroute.com, password=admin123)]
2026-05-29T12:39:19.042+05:30 DEBUG 30848 --- [EasyRoute_Backend] [http-nio-8080-exec-5] org.hibernate.SQL                        : 
    select
        u1_0.id,
        u1_0.address,
        u1_0.bank_details,
        u1_0.bio,
        u1_0.city,
        u1_0.created_at,
        u1_0.email,
        u1_0.email_verified,
        u1_0.emergency_contacts,
        u1_0.gstin,
        u1_0.is_active,
        u1_0.name,
        u1_0.password,
        u1_0.phone,
        u1_0.pincode,
        u1_0.preferred_route_area,
        u1_0.profile_photo_url,
        u1_0.role,
        u1_0.state,
        u1_0.updated_at 
    from
        users u1_0 
    where
        u1_0.email=?
2026-05-29T12:39:19.586+05:30 DEBUG 30848 --- [EasyRoute_Backend] [http-nio-8080-exec-5] org.hibernate.SQL                        : 
    insert 
    into
        audit_logs
        (action, created_at, entity_id, entity_type, ip_address, notes, updated_at, user_id, id) 
    values
        (?, ?, ?, ?, ?, ?, ?, ?, ?)
2026-05-29T12:39:19.593+05:30 DEBUG 30848 --- [EasyRoute_Backend] [http-nio-8080-exec-5] o.s.w.s.m.m.a.HttpEntityMethodProcessor  : Using 'application/json', given [application/json, text/plain, */*] and supported [application/json, application/*+json]
2026-05-29T12:39:19.593+05:30 DEBUG 30848 --- [EasyRoute_Backend] [http-nio-8080-exec-5] o.s.w.s.m.m.a.HttpEntityMethodProcessor  : Writing [ApiResponse(success=true, message=Login successful, data=AuthResponse(token=eyJhbGciOiJIUzUxMiJ9.eyJ (truncated)...]
2026-05-29T12:39:19.593+05:30 DEBUG 30848 --- [EasyRoute_Backend] [http-nio-8080-exec-5] o.s.web.servlet.DispatcherServlet        : Completed 200 OK
2026-05-29T12:39:19.635+05:30 DEBUG 30848 --- [EasyRoute_Backend] [http-nio-8080-exec-2] org.hibernate.SQL                        : 
    select
        u1_0.id,
        u1_0.address,
        u1_0.bank_details,
        u1_0.bio,
        u1_0.city,
        u1_0.created_at,
        u1_0.email,
        u1_0.email_verified,
        u1_0.emergency_contacts,
        u1_0.gstin,
        u1_0.is_active,
        u1_0.name,
        u1_0.password,
        u1_0.phone,
        u1_0.pincode,
        u1_0.preferred_route_area,
        u1_0.profile_photo_url,
        u1_0.role,
        u1_0.state,
        u1_0.updated_at 
    from
        users u1_0 
    where
        u1_0.email=?
2026-05-29T12:39:19.636+05:30 DEBUG 30848 --- [EasyRoute_Backend] [http-nio-8080-exec-2] o.s.web.servlet.DispatcherServlet        : GET "/api/v1/admin/dashboard", parameters={}
2026-05-29T12:39:19.636+05:30 DEBUG 30848 --- [EasyRoute_Backend] [http-nio-8080-exec-2] s.w.s.m.m.a.RequestMappingHandlerMapping : Mapped to com.logistics.platform.controller.AdminController#getDashboardSummary()
2026-05-29T12:39:19.646+05:30 DEBUG 30848 --- [EasyRoute_Backend] [http-nio-8080-exec-2] org.hibernate.SQL                        : 
    select
        count(*) 
    from
        shipments s1_0
2026-05-29T12:39:19.652+05:30 DEBUG 30848 --- [EasyRoute_Backend] [http-nio-8080-exec-2] org.hibernate.SQL                        : 
    select
        s1_0.id,
        s1_0.actual_delivery_time,
        s1_0.actual_pickup_time,
        s1_0.cancellation_reason,
        s1_0.chargeable_weight,
        s1_0.cod_amount,
        s1_0.cod_charge,
        s1_0.courier_id,
        s1_0.created_at,
        s1_0.customer_id,
        s1_0.drop_address,
        s1_0.drop_city,
        s1_0.drop_lat,
        s1_0.drop_lng,
        s1_0.drop_pincode,
        s1_0.estimated_cost,
        s1_0.freight_charge,
        s1_0.fuel_charge,
        s1_0.gst_charge,
        s1_0.payment_mode,
        s1_0.pickup_address,
        s1_0.pickup_city,
        s1_0.pickup_lat,
        s1_0.pickup_lng,
        s1_0.pickup_partner_id,
        s1_0.pickup_pincode,
        s1_0.remote_charge,
        s1_0.scheduled_pickup_time,
        s1_0.status,
        s1_0.total_weight_kg,
        s1_0.tracking_number,
        s1_0.truck_id,
        s1_0.updated_at,
        s1_0.volumetric_weight 
    from
        shipments s1_0 
    where
        s1_0.status=?
2026-05-29T12:39:19.663+05:30 DEBUG 30848 --- [EasyRoute_Backend] [http-nio-8080-exec-2] org.hibernate.SQL                        : 
    select
        s1_0.id,
        s1_0.actual_delivery_time,
        s1_0.actual_pickup_time,
        s1_0.cancellation_reason,
        s1_0.chargeable_weight,
        s1_0.cod_amount,
        s1_0.cod_charge,
        s1_0.courier_id,
        s1_0.created_at,
        s1_0.customer_id,
        s1_0.drop_address,
        s1_0.drop_city,
        s1_0.drop_lat,
        s1_0.drop_lng,
        s1_0.drop_pincode,
        s1_0.estimated_cost,
        s1_0.freight_charge,
        s1_0.fuel_charge,
        s1_0.gst_charge,
        s1_0.payment_mode,
        s1_0.pickup_address,
        s1_0.pickup_city,
        s1_0.pickup_lat,
        s1_0.pickup_lng,
        s1_0.pickup_partner_id,
        s1_0.pickup_pincode,
        s1_0.remote_charge,
        s1_0.scheduled_pickup_time,
        s1_0.status,
        s1_0.total_weight_kg,
        s1_0.tracking_number,
        s1_0.truck_id,
        s1_0.updated_at,
        s1_0.volumetric_weight 
    from
        shipments s1_0 
    where
        s1_0.status in (?, ?, ?)
2026-05-29T12:39:19.663+05:30 DEBUG 30848 --- [EasyRoute_Backend] [http-nio-8080-exec-2] org.hibernate.SQL                        : 
    select
        s1_0.id,
        s1_0.actual_delivery_time,
        s1_0.actual_pickup_time,
        s1_0.cancellation_reason,
        s1_0.chargeable_weight,
        s1_0.cod_amount,
        s1_0.cod_charge,
        s1_0.courier_id,
        s1_0.created_at,
        s1_0.customer_id,
        s1_0.drop_address,
        s1_0.drop_city,
        s1_0.drop_lat,
        s1_0.drop_lng,
        s1_0.drop_pincode,
        s1_0.estimated_cost,
        s1_0.freight_charge,
        s1_0.fuel_charge,
        s1_0.gst_charge,
        s1_0.payment_mode,
        s1_0.pickup_address,
        s1_0.pickup_city,
        s1_0.pickup_lat,
        s1_0.pickup_lng,
        s1_0.pickup_partner_id,
        s1_0.pickup_pincode,
        s1_0.remote_charge,
        s1_0.scheduled_pickup_time,
        s1_0.status,
        s1_0.total_weight_kg,
        s1_0.tracking_number,
        s1_0.truck_id,
        s1_0.updated_at,
        s1_0.volumetric_weight 
    from
        shipments s1_0 
    where
        s1_0.status=?
2026-05-29T12:39:19.676+05:30 DEBUG 30848 --- [EasyRoute_Backend] [http-nio-8080-exec-2] org.hibernate.SQL                        : 
    select
        s1_0.id,
        s1_0.actual_delivery_time,
        s1_0.actual_pickup_time,
        s1_0.cancellation_reason,
        s1_0.chargeable_weight,
        s1_0.cod_amount,
        s1_0.cod_charge,
        s1_0.courier_id,
        s1_0.created_at,
        s1_0.customer_id,
        s1_0.drop_address,
        s1_0.drop_city,
        s1_0.drop_lat,
        s1_0.drop_lng,
        s1_0.drop_pincode,
        s1_0.estimated_cost,
        s1_0.freight_charge,
        s1_0.fuel_charge,
        s1_0.gst_charge,
        s1_0.payment_mode,
        s1_0.pickup_address,
        s1_0.pickup_city,
        s1_0.pickup_lat,
        s1_0.pickup_lng,
        s1_0.pickup_partner_id,
        s1_0.pickup_pincode,
        s1_0.remote_charge,
        s1_0.scheduled_pickup_time,
        s1_0.status,
        s1_0.total_weight_kg,
        s1_0.tracking_number,
        s1_0.truck_id,
        s1_0.updated_at,
        s1_0.volumetric_weight 
    from
        shipments s1_0 
    where
        s1_0.status=?
2026-05-29T12:39:19.681+05:30 DEBUG 30848 --- [EasyRoute_Backend] [http-nio-8080-exec-2] org.hibernate.SQL                        : 
    select
        count(*) 
    from
        users u1_0
2026-05-29T12:39:19.690+05:30 DEBUG 30848 --- [EasyRoute_Backend] [http-nio-8080-exec-2] org.hibernate.SQL                        : 
    select
        u1_0.id,
        u1_0.address,
        u1_0.bank_details,
        u1_0.bio,
        u1_0.city,
        u1_0.created_at,
        u1_0.email,
        u1_0.email_verified,
        u1_0.emergency_contacts,
        u1_0.gstin,
        u1_0.is_active,
        u1_0.name,
        u1_0.password,
        u1_0.phone,
        u1_0.pincode,
        u1_0.preferred_route_area,
        u1_0.profile_photo_url,
        u1_0.role,
        u1_0.state,
        u1_0.updated_at 
    from
        users u1_0
2026-05-29T12:39:19.690+05:30 DEBUG 30848 --- [EasyRoute_Backend] [http-nio-8080-exec-2] org.hibernate.SQL                        : 
    select
        u1_0.id,
        u1_0.address,
        u1_0.bank_details,
        u1_0.bio,
        u1_0.city,
        u1_0.created_at,
        u1_0.email,
        u1_0.email_verified,
        u1_0.emergency_contacts,
        u1_0.gstin,
        u1_0.is_active,
        u1_0.name,
        u1_0.password,
        u1_0.phone,
        u1_0.pincode,
        u1_0.preferred_route_area,
        u1_0.profile_photo_url,
        u1_0.role,
        u1_0.state,
        u1_0.updated_at 
    from
        users u1_0
2026-05-29T12:39:19.701+05:30 DEBUG 30848 --- [EasyRoute_Backend] [http-nio-8080-exec-2] org.hibernate.SQL                        : 
    select
        t1_0.id,
        t1_0.capacity_tons,
        t1_0.created_at,
        t1_0.current_route_area,
        t1_0.insurance_url,
        t1_0.is_available,
        t1_0.is_rejected,
        t1_0.is_verified,
        t1_0.license_url,
        t1_0.owner_id,
        t1_0.rate_card_accepted,
        t1_0.rc_document_url,
        t1_0.registration_number,
        t1_0.truck_type,
        t1_0.updated_at 
    from
        trucks t1_0 
    where
        not(t1_0.is_verified) 
        and not(t1_0.is_rejected)
2026-05-29T12:39:19.710+05:30 DEBUG 30848 --- [EasyRoute_Backend] [http-nio-8080-exec-2] org.hibernate.SQL                        : 
    select
        t1_0.id,
        t1_0.capacity_tons,
        t1_0.created_at,
        t1_0.current_route_area,
        t1_0.insurance_url,
        t1_0.is_available,
        t1_0.is_rejected,
        t1_0.is_verified,
        t1_0.license_url,
        t1_0.owner_id,
        t1_0.rate_card_accepted,
        t1_0.rc_document_url,
        t1_0.registration_number,
        t1_0.truck_type,
        t1_0.updated_at 
    from
        trucks t1_0 
    where
        t1_0.is_verified 
        and t1_0.is_available
2026-05-29T12:39:19.715+05:30 DEBUG 30848 --- [EasyRoute_Backend] [http-nio-8080-exec-2] org.hibernate.SQL                        : 
    select
        s1_0.id,
        s1_0.actual_delivery_time,
        s1_0.actual_pickup_time,
        s1_0.cancellation_reason,
        s1_0.chargeable_weight,
        s1_0.cod_amount,
        s1_0.cod_charge,
        s1_0.courier_id,
        s1_0.created_at,
        s1_0.customer_id,
        s1_0.drop_address,
        s1_0.drop_city,
        s1_0.drop_lat,
        s1_0.drop_lng,
        s1_0.drop_pincode,
        s1_0.estimated_cost,
        s1_0.freight_charge,
        s1_0.fuel_charge,
        s1_0.gst_charge,
        s1_0.payment_mode,
        s1_0.pickup_address,
        s1_0.pickup_city,
        s1_0.pickup_lat,
        s1_0.pickup_lng,
        s1_0.pickup_partner_id,
        s1_0.pickup_pincode,
        s1_0.remote_charge,
        s1_0.scheduled_pickup_time,
        s1_0.status,
        s1_0.total_weight_kg,
        s1_0.tracking_number,
        s1_0.truck_id,
        s1_0.updated_at,
        s1_0.volumetric_weight 
    from
        shipments s1_0 
    where
        s1_0.status=?
2026-05-29T12:39:19.724+05:30 DEBUG 30848 --- [EasyRoute_Backend] [http-nio-8080-exec-2] o.s.w.s.m.m.a.HttpEntityMethodProcessor  : Using 'application/json', given [application/json, text/plain, */*] and supported [application/json, application/*+json]
2026-05-29T12:39:19.739+05:30 DEBUG 30848 --- [EasyRoute_Backend] [http-nio-8080-exec-2] o.s.w.s.m.m.a.HttpEntityMethodProcessor  : Writing [ApiResponse(success=true, message=Dashboard metrics compiled successfully, data=AdminDashboardSummar (truncated)...]
2026-05-29T12:39:19.743+05:30 DEBUG 30848 --- [EasyRoute_Backend] [http-nio-8080-exec-2] o.s.web.servlet.DispatcherServlet        : Completed 200 OK
2026-05-29T12:39:19.748+05:30 DEBUG 30848 --- [EasyRoute_Backend] [http-nio-8080-exec-7] org.hibernate.SQL                        : 
    select
        u1_0.id,
        u1_0.address,
        u1_0.bank_details,
        u1_0.bio,
        u1_0.city,
        u1_0.created_at,
        u1_0.email,
        u1_0.email_verified,
        u1_0.emergency_contacts,
        u1_0.gstin,
        u1_0.is_active,
        u1_0.name,
        u1_0.password,
        u1_0.phone,
        u1_0.pincode,
        u1_0.preferred_route_area,
        u1_0.profile_photo_url,
        u1_0.role,
        u1_0.state,
        u1_0.updated_at 
    from
        users u1_0 
    where
        u1_0.email=?
2026-05-29T12:39:19.750+05:30 DEBUG 30848 --- [EasyRoute_Backend] [http-nio-8080-exec-7] o.s.web.servlet.DispatcherServlet        : GET "/api/v1/admin/dashboard", parameters={}
2026-05-29T12:39:19.751+05:30 DEBUG 30848 --- [EasyRoute_Backend] [http-nio-8080-exec-7] s.w.s.m.m.a.RequestMappingHandlerMapping : Mapped to com.logistics.platform.controller.AdminController#getDashboardSummary()
2026-05-29T12:39:19.752+05:30 DEBUG 30848 --- [EasyRoute_Backend] [http-nio-8080-exec-9] org.hibernate.SQL                        : 
    select
        u1_0.id,
        u1_0.address,
        u1_0.bank_details,
        u1_0.bio,
        u1_0.city,
        u1_0.created_at,
        u1_0.email,
        u1_0.email_verified,
        u1_0.emergency_contacts,
        u1_0.gstin,
        u1_0.is_active,
        u1_0.name,
        u1_0.password,
        u1_0.phone,
        u1_0.pincode,
        u1_0.preferred_route_area,
        u1_0.profile_photo_url,
        u1_0.role,
        u1_0.state,
        u1_0.updated_at 
    from
        users u1_0 
    where
        u1_0.email=?
2026-05-29T12:39:19.753+05:30 DEBUG 30848 --- [EasyRoute_Backend] [http-nio-8080-exec-7] org.hibernate.SQL                        : 
    select
        count(*) 
    from
        shipments s1_0
2026-05-29T12:39:19.755+05:30 DEBUG 30848 --- [EasyRoute_Backend] [http-nio-8080-exec-9] o.s.web.servlet.DispatcherServlet        : GET "/api/v1/admin/users", parameters={}
2026-05-29T12:39:19.755+05:30 DEBUG 30848 --- [EasyRoute_Backend] [http-nio-8080-exec-9] s.w.s.m.m.a.RequestMappingHandlerMapping : Mapped to com.logistics.platform.controller.AdminController#getAllUsers(Role, String)
2026-05-29T12:39:19.755+05:30 DEBUG 30848 --- [EasyRoute_Backend] [http-nio-8080-exec-7] org.hibernate.SQL                        : 
    select
        s1_0.id,
        s1_0.actual_delivery_time,
        s1_0.actual_pickup_time,
        s1_0.cancellation_reason,
        s1_0.chargeable_weight,
        s1_0.cod_amount,
        s1_0.cod_charge,
        s1_0.courier_id,
        s1_0.created_at,
        s1_0.customer_id,
        s1_0.drop_address,
        s1_0.drop_city,
        s1_0.drop_lat,
        s1_0.drop_lng,
        s1_0.drop_pincode,
        s1_0.estimated_cost,
        s1_0.freight_charge,
        s1_0.fuel_charge,
        s1_0.gst_charge,
        s1_0.payment_mode,
        s1_0.pickup_address,
        s1_0.pickup_city,
        s1_0.pickup_lat,
        s1_0.pickup_lng,
        s1_0.pickup_partner_id,
        s1_0.pickup_pincode,
        s1_0.remote_charge,
        s1_0.scheduled_pickup_time,
        s1_0.status,
        s1_0.total_weight_kg,
        s1_0.tracking_number,
        s1_0.truck_id,
        s1_0.updated_at,
        s1_0.volumetric_weight 
    from
        shipments s1_0 
    where
        s1_0.status=?
2026-05-29T12:39:19.758+05:30 DEBUG 30848 --- [EasyRoute_Backend] [http-nio-8080-exec-9] org.hibernate.SQL                        : 
    select
        u1_0.id,
        u1_0.address,
        u1_0.bank_details,
        u1_0.bio,
        u1_0.city,
        u1_0.created_at,
        u1_0.email,
        u1_0.email_verified,
        u1_0.emergency_contacts,
        u1_0.gstin,
        u1_0.is_active,
        u1_0.name,
        u1_0.password,
        u1_0.phone,
        u1_0.pincode,
        u1_0.preferred_route_area,
        u1_0.profile_photo_url,
        u1_0.role,
        u1_0.state,
        u1_0.updated_at 
    from
        users u1_0
2026-05-29T12:39:19.760+05:30 DEBUG 30848 --- [EasyRoute_Backend] [http-nio-8080-exec-7] org.hibernate.SQL                        : 
    select
        s1_0.id,
        s1_0.actual_delivery_time,
        s1_0.actual_pickup_time,
        s1_0.cancellation_reason,
        s1_0.chargeable_weight,
        s1_0.cod_amount,
        s1_0.cod_charge,
        s1_0.courier_id,
        s1_0.created_at,
        s1_0.customer_id,
        s1_0.drop_address,
        s1_0.drop_city,
        s1_0.drop_lat,
        s1_0.drop_lng,
        s1_0.drop_pincode,
        s1_0.estimated_cost,
        s1_0.freight_charge,
        s1_0.fuel_charge,
        s1_0.gst_charge,
        s1_0.payment_mode,
        s1_0.pickup_address,
        s1_0.pickup_city,
        s1_0.pickup_lat,
        s1_0.pickup_lng,
        s1_0.pickup_partner_id,
        s1_0.pickup_pincode,
        s1_0.remote_charge,
        s1_0.scheduled_pickup_time,
        s1_0.status,
        s1_0.total_weight_kg,
        s1_0.tracking_number,
        s1_0.truck_id,
        s1_0.updated_at,
        s1_0.volumetric_weight 
    from
        shipments s1_0 
    where
        s1_0.status in (?, ?, ?)
2026-05-29T12:39:19.761+05:30 DEBUG 30848 --- [EasyRoute_Backend] [http-nio-8080-exec-7] org.hibernate.SQL                        : 
    select
        s1_0.id,
        s1_0.actual_delivery_time,
        s1_0.actual_pickup_time,
        s1_0.cancellation_reason,
        s1_0.chargeable_weight,
        s1_0.cod_amount,
        s1_0.cod_charge,
        s1_0.courier_id,
        s1_0.created_at,
        s1_0.customer_id,
        s1_0.drop_address,
        s1_0.drop_city,
        s1_0.drop_lat,
        s1_0.drop_lng,
        s1_0.drop_pincode,
        s1_0.estimated_cost,
        s1_0.freight_charge,
        s1_0.fuel_charge,
        s1_0.gst_charge,
        s1_0.payment_mode,
        s1_0.pickup_address,
        s1_0.pickup_city,
        s1_0.pickup_lat,
        s1_0.pickup_lng,
        s1_0.pickup_partner_id,
        s1_0.pickup_pincode,
        s1_0.remote_charge,
        s1_0.scheduled_pickup_time,
        s1_0.status,
        s1_0.total_weight_kg,
        s1_0.tracking_number,
        s1_0.truck_id,
        s1_0.updated_at,
        s1_0.volumetric_weight 
    from
        shipments s1_0 
    where
        s1_0.status=?
2026-05-29T12:39:19.761+05:30 DEBUG 30848 --- [EasyRoute_Backend] [http-nio-8080-exec-9] o.s.w.s.m.m.a.HttpEntityMethodProcessor  : Using 'application/json', given [application/json, text/plain, */*] and supported [application/json, application/*+json]
2026-05-29T12:39:19.761+05:30 DEBUG 30848 --- [EasyRoute_Backend] [http-nio-8080-exec-7] org.hibernate.SQL                        : 
    select
        s1_0.id,
        s1_0.actual_delivery_time,
        s1_0.actual_pickup_time,
        s1_0.cancellation_reason,
        s1_0.chargeable_weight,
        s1_0.cod_amount,
        s1_0.cod_charge,
        s1_0.courier_id,
        s1_0.created_at,
        s1_0.customer_id,
        s1_0.drop_address,
        s1_0.drop_city,
        s1_0.drop_lat,
        s1_0.drop_lng,
        s1_0.drop_pincode,
        s1_0.estimated_cost,
        s1_0.freight_charge,
        s1_0.fuel_charge,
        s1_0.gst_charge,
        s1_0.payment_mode,
        s1_0.pickup_address,
        s1_0.pickup_city,
        s1_0.pickup_lat,
        s1_0.pickup_lng,
        s1_0.pickup_partner_id,
        s1_0.pickup_pincode,
        s1_0.remote_charge,
        s1_0.scheduled_pickup_time,
        s1_0.status,
        s1_0.total_weight_kg,
        s1_0.tracking_number,
        s1_0.truck_id,
        s1_0.updated_at,
        s1_0.volumetric_weight 
    from
        shipments s1_0 
    where
        s1_0.status=?
2026-05-29T12:39:19.768+05:30 DEBUG 30848 --- [EasyRoute_Backend] [http-nio-8080-exec-7] org.hibernate.SQL                        : 
    select
        count(*) 
    from
        users u1_0
2026-05-29T12:39:19.768+05:30 DEBUG 30848 --- [EasyRoute_Backend] [http-nio-8080-exec-7] org.hibernate.SQL                        : 
    select
        u1_0.id,
        u1_0.address,
        u1_0.bank_details,
        u1_0.bio,
        u1_0.city,
        u1_0.created_at,
        u1_0.email,
        u1_0.email_verified,
        u1_0.emergency_contacts,
        u1_0.gstin,
        u1_0.is_active,
        u1_0.name,
        u1_0.password,
        u1_0.phone,
        u1_0.pincode,
        u1_0.preferred_route_area,
        u1_0.profile_photo_url,
        u1_0.role,
        u1_0.state,
        u1_0.updated_at 
    from
        users u1_0
2026-05-29T12:39:19.775+05:30 DEBUG 30848 --- [EasyRoute_Backend] [http-nio-8080-exec-7] org.hibernate.SQL                        : 
    select
        u1_0.id,
        u1_0.address,
        u1_0.bank_details,
        u1_0.bio,
        u1_0.city,
        u1_0.created_at,
        u1_0.email,
        u1_0.email_verified,
        u1_0.emergency_contacts,
        u1_0.gstin,
        u1_0.is_active,
        u1_0.name,
        u1_0.password,
        u1_0.phone,
        u1_0.pincode,
        u1_0.preferred_route_area,
        u1_0.profile_photo_url,
        u1_0.role,
        u1_0.state,
        u1_0.updated_at 
    from
        users u1_0
2026-05-29T12:39:19.777+05:30 DEBUG 30848 --- [EasyRoute_Backend] [http-nio-8080-exec-7] org.hibernate.SQL                        : 
    select
        t1_0.id,
        t1_0.capacity_tons,
        t1_0.created_at,
        t1_0.current_route_area,
        t1_0.insurance_url,
        t1_0.is_available,
        t1_0.is_rejected,
        t1_0.is_verified,
        t1_0.license_url,
        t1_0.owner_id,
        t1_0.rate_card_accepted,
        t1_0.rc_document_url,
        t1_0.registration_number,
        t1_0.truck_type,
        t1_0.updated_at 
    from
        trucks t1_0 
    where
        not(t1_0.is_verified) 
        and not(t1_0.is_rejected)
2026-05-29T12:39:19.781+05:30 DEBUG 30848 --- [EasyRoute_Backend] [http-nio-8080-exec-7] org.hibernate.SQL                        : 
    select
        t1_0.id,
        t1_0.capacity_tons,
        t1_0.created_at,
        t1_0.current_route_area,
        t1_0.insurance_url,
        t1_0.is_available,
        t1_0.is_rejected,
        t1_0.is_verified,
        t1_0.license_url,
        t1_0.owner_id,
        t1_0.rate_card_accepted,
        t1_0.rc_document_url,
        t1_0.registration_number,
        t1_0.truck_type,
        t1_0.updated_at 
    from
        trucks t1_0 
    where
        t1_0.is_verified 
        and t1_0.is_available
2026-05-29T12:39:19.781+05:30 DEBUG 30848 --- [EasyRoute_Backend] [http-nio-8080-exec-9] o.s.w.s.m.m.a.HttpEntityMethodProcessor  : Writing [ApiResponse(success=true, message=Users retrieved successfully, data=[UserProfileResponse(id=e8527e4 (truncated)...]
2026-05-29T12:39:19.781+05:30 DEBUG 30848 --- [EasyRoute_Backend] [http-nio-8080-exec-7] org.hibernate.SQL                        : 
    select
        s1_0.id,
        s1_0.actual_delivery_time,
        s1_0.actual_pickup_time,
        s1_0.cancellation_reason,
        s1_0.chargeable_weight,
        s1_0.cod_amount,
        s1_0.cod_charge,
        s1_0.courier_id,
        s1_0.created_at,
        s1_0.customer_id,
        s1_0.drop_address,
        s1_0.drop_city,
        s1_0.drop_lat,
        s1_0.drop_lng,
        s1_0.drop_pincode,
        s1_0.estimated_cost,
        s1_0.freight_charge,
        s1_0.fuel_charge,
        s1_0.gst_charge,
        s1_0.payment_mode,
        s1_0.pickup_address,
        s1_0.pickup_city,
        s1_0.pickup_lat,
        s1_0.pickup_lng,
        s1_0.pickup_partner_id,
        s1_0.pickup_pincode,
        s1_0.remote_charge,
        s1_0.scheduled_pickup_time,
        s1_0.status,
        s1_0.total_weight_kg,
        s1_0.tracking_number,
        s1_0.truck_id,
        s1_0.updated_at,
        s1_0.volumetric_weight 
    from
        shipments s1_0 
    where
        s1_0.status=?
2026-05-29T12:39:19.784+05:30 DEBUG 30848 --- [EasyRoute_Backend] [http-nio-8080-exec-9] o.s.web.servlet.DispatcherServlet        : Completed 200 OK
2026-05-29T12:39:19.787+05:30 DEBUG 30848 --- [EasyRoute_Backend] [http-nio-8080-exec-7] o.s.w.s.m.m.a.HttpEntityMethodProcessor  : Using 'application/json', given [application/json, text/plain, */*] and supported [application/json, application/*+json]
2026-05-29T12:39:19.787+05:30 DEBUG 30848 --- [EasyRoute_Backend] [http-nio-8080-exec-7] o.s.w.s.m.m.a.HttpEntityMethodProcessor  : Writing [ApiResponse(success=true, message=Dashboard metrics compiled successfully, data=AdminDashboardSummar (truncated)...]
2026-05-29T12:39:19.787+05:30 DEBUG 30848 --- [EasyRoute_Backend] [http-nio-8080-exec-7] o.s.web.servlet.DispatcherServlet        : Completed 200 OK
2026-05-29T12:39:19.794+05:30 DEBUG 30848 --- [EasyRoute_Backend] [http-nio-8080-exec-10] org.hibernate.SQL                        : 
    select
        u1_0.id,
        u1_0.address,
        u1_0.bank_details,
        u1_0.bio,
        u1_0.city,
        u1_0.created_at,
        u1_0.email,
        u1_0.email_verified,
        u1_0.emergency_contacts,
        u1_0.gstin,
        u1_0.is_active,
        u1_0.name,
        u1_0.password,
        u1_0.phone,
        u1_0.pincode,
        u1_0.preferred_route_area,
        u1_0.profile_photo_url,
        u1_0.role,
        u1_0.state,
        u1_0.updated_at 
    from
        users u1_0 
    where
        u1_0.email=?
2026-05-29T12:39:19.794+05:30 DEBUG 30848 --- [EasyRoute_Backend] [http-nio-8080-exec-3] org.hibernate.SQL                        : 
    select
        u1_0.id,
        u1_0.address,
        u1_0.bank_details,
        u1_0.bio,
        u1_0.city,
        u1_0.created_at,
        u1_0.email,
        u1_0.email_verified,
        u1_0.emergency_contacts,
        u1_0.gstin,
        u1_0.is_active,
        u1_0.name,
        u1_0.password,
        u1_0.phone,
        u1_0.pincode,
        u1_0.preferred_route_area,
        u1_0.profile_photo_url,
        u1_0.role,
        u1_0.state,
        u1_0.updated_at 
    from
        users u1_0 
    where
        u1_0.email=?
2026-05-29T12:39:19.794+05:30 DEBUG 30848 --- [EasyRoute_Backend] [http-nio-8080-exec-3] o.s.web.servlet.DispatcherServlet        : GET "/api/v1/admin/users", parameters={}
2026-05-29T12:39:19.794+05:30 DEBUG 30848 --- [EasyRoute_Backend] [http-nio-8080-exec-10] o.s.web.servlet.DispatcherServlet        : GET "/api/v1/admin/trucks/pending", parameters={}
2026-05-29T12:39:19.794+05:30 DEBUG 30848 --- [EasyRoute_Backend] [http-nio-8080-exec-3] s.w.s.m.m.a.RequestMappingHandlerMapping : Mapped to com.logistics.platform.controller.AdminController#getAllUsers(Role, String)
2026-05-29T12:39:19.794+05:30 DEBUG 30848 --- [EasyRoute_Backend] [http-nio-8080-exec-10] s.w.s.m.m.a.RequestMappingHandlerMapping : Mapped to com.logistics.platform.controller.AdminController#getPendingTrucks()
2026-05-29T12:39:19.801+05:30 DEBUG 30848 --- [EasyRoute_Backend] [http-nio-8080-exec-3] org.hibernate.SQL                        : 
    select
        u1_0.id,
        u1_0.address,
        u1_0.bank_details,
        u1_0.bio,
        u1_0.city,
        u1_0.created_at,
        u1_0.email,
        u1_0.email_verified,
        u1_0.emergency_contacts,
        u1_0.gstin,
        u1_0.is_active,
        u1_0.name,
        u1_0.password,
        u1_0.phone,
        u1_0.pincode,
        u1_0.preferred_route_area,
        u1_0.profile_photo_url,
        u1_0.role,
        u1_0.state,
        u1_0.updated_at 
    from
        users u1_0
2026-05-29T12:39:19.803+05:30 DEBUG 30848 --- [EasyRoute_Backend] [http-nio-8080-exec-10] org.hibernate.SQL                        : 
    select
        t1_0.id,
        t1_0.capacity_tons,
        t1_0.created_at,
        t1_0.current_route_area,
        t1_0.insurance_url,
        t1_0.is_available,
        t1_0.is_rejected,
        t1_0.is_verified,
        t1_0.license_url,
        t1_0.owner_id,
        t1_0.rate_card_accepted,
        t1_0.rc_document_url,
        t1_0.registration_number,
        t1_0.truck_type,
        t1_0.updated_at 
    from
        trucks t1_0 
    where
        not(t1_0.is_verified) 
        and not(t1_0.is_rejected)
2026-05-29T12:39:19.804+05:30 DEBUG 30848 --- [EasyRoute_Backend] [http-nio-8080-exec-3] o.s.w.s.m.m.a.HttpEntityMethodProcessor  : Using 'application/json', given [application/json, text/plain, */*] and supported [application/json, application/*+json]
2026-05-29T12:39:19.804+05:30 DEBUG 30848 --- [EasyRoute_Backend] [http-nio-8080-exec-3] o.s.w.s.m.m.a.HttpEntityMethodProcessor  : Writing [ApiResponse(success=true, message=Users retrieved successfully, data=[UserProfileResponse(id=e8527e4 (truncated)...]
2026-05-29T12:39:19.807+05:30 DEBUG 30848 --- [EasyRoute_Backend] [http-nio-8080-exec-10] o.s.w.s.m.m.a.HttpEntityMethodProcessor  : Using 'application/json', given [application/json, text/plain, */*] and supported [application/json, application/*+json]
2026-05-29T12:39:19.807+05:30 DEBUG 30848 --- [EasyRoute_Backend] [http-nio-8080-exec-10] o.s.w.s.m.m.a.HttpEntityMethodProcessor  : Writing [ApiResponse(success=true, message=Pending trucks fetched successfully, data=[], errors=null, timesta (truncated)...]
2026-05-29T12:39:19.807+05:30 DEBUG 30848 --- [EasyRoute_Backend] [http-nio-8080-exec-3] o.s.web.servlet.DispatcherServlet        : Completed 200 OK
2026-05-29T12:39:19.808+05:30 DEBUG 30848 --- [EasyRoute_Backend] [http-nio-8080-exec-10] o.s.web.servlet.DispatcherServlet        : Completed 200 OK
2026-05-29T12:39:19.814+05:30 DEBUG 30848 --- [EasyRoute_Backend] [http-nio-8080-exec-5] org.hibernate.SQL                        : 
    select
        u1_0.id,
        u1_0.address,
        u1_0.bank_details,
        u1_0.bio,
        u1_0.city,
        u1_0.created_at,
        u1_0.email,
        u1_0.email_verified,
        u1_0.emergency_contacts,
        u1_0.gstin,
        u1_0.is_active,
        u1_0.name,
        u1_0.password,
        u1_0.phone,
        u1_0.pincode,
        u1_0.preferred_route_area,
        u1_0.profile_photo_url,
        u1_0.role,
        u1_0.state,
        u1_0.updated_at 
    from
        users u1_0 
    where
        u1_0.email=?
2026-05-29T12:39:19.816+05:30 DEBUG 30848 --- [EasyRoute_Backend] [http-nio-8080-exec-5] o.s.web.servlet.DispatcherServlet        : GET "/api/v1/admin/trucks/pending", parameters={}
2026-05-29T12:39:19.817+05:30 DEBUG 30848 --- [EasyRoute_Backend] [http-nio-8080-exec-5] s.w.s.m.m.a.RequestMappingHandlerMapping : Mapped to com.logistics.platform.controller.AdminController#getPendingTrucks()
2026-05-29T12:39:19.817+05:30 DEBUG 30848 --- [EasyRoute_Backend] [http-nio-8080-exec-1] org.hibernate.SQL                        : 
    select
        u1_0.id,
        u1_0.address,
        u1_0.bank_details,
        u1_0.bio,
        u1_0.city,
        u1_0.created_at,
        u1_0.email,
        u1_0.email_verified,
        u1_0.emergency_contacts,
        u1_0.gstin,
        u1_0.is_active,
        u1_0.name,
        u1_0.password,
        u1_0.phone,
        u1_0.pincode,
        u1_0.preferred_route_area,
        u1_0.profile_photo_url,
        u1_0.role,
        u1_0.state,
        u1_0.updated_at 
    from
        users u1_0 
    where
        u1_0.email=?
2026-05-29T12:39:19.819+05:30 DEBUG 30848 --- [EasyRoute_Backend] [http-nio-8080-exec-5] org.hibernate.SQL                        : 
    select
        t1_0.id,
        t1_0.capacity_tons,
        t1_0.created_at,
        t1_0.current_route_area,
        t1_0.insurance_url,
        t1_0.is_available,
        t1_0.is_rejected,
        t1_0.is_verified,
        t1_0.license_url,
        t1_0.owner_id,
        t1_0.rate_card_accepted,
        t1_0.rc_document_url,
        t1_0.registration_number,
        t1_0.truck_type,
        t1_0.updated_at 
    from
        trucks t1_0 
    where
        not(t1_0.is_verified) 
        and not(t1_0.is_rejected)
2026-05-29T12:39:19.821+05:30 DEBUG 30848 --- [EasyRoute_Backend] [http-nio-8080-exec-1] o.s.web.servlet.DispatcherServlet        : GET "/api/v1/admin/trucks/all", parameters={}
2026-05-29T12:39:19.822+05:30 DEBUG 30848 --- [EasyRoute_Backend] [http-nio-8080-exec-1] s.w.s.m.m.a.RequestMappingHandlerMapping : Mapped to com.logistics.platform.controller.AdminController#getAllTrucks()
2026-05-29T12:39:19.822+05:30 DEBUG 30848 --- [EasyRoute_Backend] [http-nio-8080-exec-5] o.s.w.s.m.m.a.HttpEntityMethodProcessor  : Using 'application/json', given [application/json, text/plain, */*] and supported [application/json, application/*+json]
2026-05-29T12:39:19.822+05:30 DEBUG 30848 --- [EasyRoute_Backend] [http-nio-8080-exec-5] o.s.w.s.m.m.a.HttpEntityMethodProcessor  : Writing [ApiResponse(success=true, message=Pending trucks fetched successfully, data=[], errors=null, timesta (truncated)...]
2026-05-29T12:39:19.842+05:30 DEBUG 30848 --- [EasyRoute_Backend] [http-nio-8080-exec-5] o.s.web.servlet.DispatcherServlet        : Completed 200 OK
2026-05-29T12:39:19.842+05:30 DEBUG 30848 --- [EasyRoute_Backend] [http-nio-8080-exec-1] org.hibernate.SQL                        : 
    select
        t1_0.id,
        t1_0.capacity_tons,
        t1_0.created_at,
        t1_0.current_route_area,
        t1_0.insurance_url,
        t1_0.is_available,
        t1_0.is_rejected,
        t1_0.is_verified,
        t1_0.license_url,
        t1_0.owner_id,
        t1_0.rate_card_accepted,
        t1_0.rc_document_url,
        t1_0.registration_number,
        t1_0.truck_type,
        t1_0.updated_at 
    from
        trucks t1_0
2026-05-29T12:39:19.845+05:30 DEBUG 30848 --- [EasyRoute_Backend] [http-nio-8080-exec-1] org.hibernate.SQL                        : 
    select
        u1_0.id,
        u1_0.address,
        u1_0.bank_details,
        u1_0.bio,
        u1_0.city,
        u1_0.created_at,
        u1_0.email,
        u1_0.email_verified,
        u1_0.emergency_contacts,
        u1_0.gstin,
        u1_0.is_active,
        u1_0.name,
        u1_0.password,
        u1_0.phone,
        u1_0.pincode,
        u1_0.preferred_route_area,
        u1_0.profile_photo_url,
        u1_0.role,
        u1_0.state,
        u1_0.updated_at 
    from
        users u1_0 
    where
        u1_0.id=?
2026-05-29T12:39:19.845+05:30 DEBUG 30848 --- [EasyRoute_Backend] [http-nio-8080-exec-1] org.hibernate.SQL                        : 
    select
        u1_0.id,
        u1_0.address,
        u1_0.bank_details,
        u1_0.bio,
        u1_0.city,
        u1_0.created_at,
        u1_0.email,
        u1_0.email_verified,
        u1_0.emergency_contacts,
        u1_0.gstin,
        u1_0.is_active,
        u1_0.name,
        u1_0.password,
        u1_0.phone,
        u1_0.pincode,
        u1_0.preferred_route_area,
        u1_0.profile_photo_url,
        u1_0.role,
        u1_0.state,
        u1_0.updated_at 
    from
        users u1_0 
    where
        u1_0.id=?
2026-05-29T12:39:19.850+05:30 DEBUG 30848 --- [EasyRoute_Backend] [http-nio-8080-exec-1] o.s.w.s.m.m.a.HttpEntityMethodProcessor  : Using 'application/json', given [application/json, text/plain, */*] and supported [application/json, application/*+json]
2026-05-29T12:39:19.859+05:30 DEBUG 30848 --- [EasyRoute_Backend] [http-nio-8080-exec-1] o.s.w.s.m.m.a.HttpEntityMethodProcessor  : Writing [ApiResponse(success=true, message=All trucks fetched successfully, data=[TruckResponse(id=5966419a-c (truncated)...]
2026-05-29T12:39:19.868+05:30 DEBUG 30848 --- [EasyRoute_Backend] [http-nio-8080-exec-1] o.s.web.servlet.DispatcherServlet        : Completed 200 OK
2026-05-29T12:39:19.876+05:30 DEBUG 30848 --- [EasyRoute_Backend] [http-nio-8080-exec-2] org.hibernate.SQL                        : 
    select
        u1_0.id,
        u1_0.address,
        u1_0.bank_details,
        u1_0.bio,
        u1_0.city,
        u1_0.created_at,
        u1_0.email,
        u1_0.email_verified,
        u1_0.emergency_contacts,
        u1_0.gstin,
        u1_0.is_active,
        u1_0.name,
        u1_0.password,
        u1_0.phone,
        u1_0.pincode,
        u1_0.preferred_route_area,
        u1_0.profile_photo_url,
        u1_0.role,
        u1_0.state,
        u1_0.updated_at 
    from
        users u1_0 
    where
        u1_0.email=?
2026-05-29T12:39:19.878+05:30 DEBUG 30848 --- [EasyRoute_Backend] [http-nio-8080-exec-2] o.s.web.servlet.DispatcherServlet        : GET "/api/v1/admin/trucks/all", parameters={}
2026-05-29T12:39:19.880+05:30 DEBUG 30848 --- [EasyRoute_Backend] [http-nio-8080-exec-2] s.w.s.m.m.a.RequestMappingHandlerMapping : Mapped to com.logistics.platform.controller.AdminController#getAllTrucks()
2026-05-29T12:39:19.881+05:30 DEBUG 30848 --- [EasyRoute_Backend] [http-nio-8080-exec-9] org.hibernate.SQL                        : 
    select
        u1_0.id,
        u1_0.address,
        u1_0.bank_details,
        u1_0.bio,
        u1_0.city,
        u1_0.created_at,
        u1_0.email,
        u1_0.email_verified,
        u1_0.emergency_contacts,
        u1_0.gstin,
        u1_0.is_active,
        u1_0.name,
        u1_0.password,
        u1_0.phone,
        u1_0.pincode,
        u1_0.preferred_route_area,
        u1_0.profile_photo_url,
        u1_0.role,
        u1_0.state,
        u1_0.updated_at 
    from
        users u1_0 
    where
        u1_0.email=?
2026-05-29T12:39:19.883+05:30 DEBUG 30848 --- [EasyRoute_Backend] [http-nio-8080-exec-2] org.hibernate.SQL                        : 
    select
        t1_0.id,
        t1_0.capacity_tons,
        t1_0.created_at,
        t1_0.current_route_area,
        t1_0.insurance_url,
        t1_0.is_available,
        t1_0.is_rejected,
        t1_0.is_verified,
        t1_0.license_url,
        t1_0.owner_id,
        t1_0.rate_card_accepted,
        t1_0.rc_document_url,
        t1_0.registration_number,
        t1_0.truck_type,
        t1_0.updated_at 
    from
        trucks t1_0
2026-05-29T12:39:19.884+05:30 DEBUG 30848 --- [EasyRoute_Backend] [http-nio-8080-exec-9] o.s.web.servlet.DispatcherServlet        : GET "/api/v1/shipments?status=PENDING", parameters={masked}
2026-05-29T12:39:19.884+05:30 DEBUG 30848 --- [EasyRoute_Backend] [http-nio-8080-exec-9] s.w.s.m.m.a.RequestMappingHandlerMapping : Mapped to com.logistics.platform.controller.ShipmentController#getMyShipments(User, ShipmentStatus)
2026-05-29T12:39:19.884+05:30 DEBUG 30848 --- [EasyRoute_Backend] [http-nio-8080-exec-2] org.hibernate.SQL                        : 
    select
        u1_0.id,
        u1_0.address,
        u1_0.bank_details,
        u1_0.bio,
        u1_0.city,
        u1_0.created_at,
        u1_0.email,
        u1_0.email_verified,
        u1_0.emergency_contacts,
        u1_0.gstin,
        u1_0.is_active,
        u1_0.name,
        u1_0.password,
        u1_0.phone,
        u1_0.pincode,
        u1_0.preferred_route_area,
        u1_0.profile_photo_url,
        u1_0.role,
        u1_0.state,
        u1_0.updated_at 
    from
        users u1_0 
    where
        u1_0.id=?
2026-05-29T12:39:19.887+05:30 DEBUG 30848 --- [EasyRoute_Backend] [http-nio-8080-exec-2] org.hibernate.SQL                        : 
    select
        u1_0.id,
        u1_0.address,
        u1_0.bank_details,
        u1_0.bio,
        u1_0.city,
        u1_0.created_at,
        u1_0.email,
        u1_0.email_verified,
        u1_0.emergency_contacts,
        u1_0.gstin,
        u1_0.is_active,
        u1_0.name,
        u1_0.password,
        u1_0.phone,
        u1_0.pincode,
        u1_0.preferred_route_area,
        u1_0.profile_photo_url,
        u1_0.role,
        u1_0.state,
        u1_0.updated_at 
    from
        users u1_0 
    where
        u1_0.id=?
2026-05-29T12:39:19.891+05:30 DEBUG 30848 --- [EasyRoute_Backend] [http-nio-8080-exec-9] org.hibernate.SQL                        : 
    select
        u1_0.id,
        u1_0.address,
        u1_0.bank_details,
        u1_0.bio,
        u1_0.city,
        u1_0.created_at,
        u1_0.email,
        u1_0.email_verified,
        u1_0.emergency_contacts,
        u1_0.gstin,
        u1_0.is_active,
        u1_0.name,
        u1_0.password,
        u1_0.phone,
        u1_0.pincode,
        u1_0.preferred_route_area,
        u1_0.profile_photo_url,
        u1_0.role,
        u1_0.state,
        u1_0.updated_at 
    from
        users u1_0 
    where
        u1_0.email=?
2026-05-29T12:39:19.891+05:30 DEBUG 30848 --- [EasyRoute_Backend] [http-nio-8080-exec-2] o.s.w.s.m.m.a.HttpEntityMethodProcessor  : Using 'application/json', given [application/json, text/plain, */*] and supported [application/json, application/*+json]
2026-05-29T12:39:19.891+05:30 DEBUG 30848 --- [EasyRoute_Backend] [http-nio-8080-exec-2] o.s.w.s.m.m.a.HttpEntityMethodProcessor  : Writing [ApiResponse(success=true, message=All trucks fetched successfully, data=[TruckResponse(id=5966419a-c (truncated)...]
2026-05-29T12:39:19.894+05:30 DEBUG 30848 --- [EasyRoute_Backend] [http-nio-8080-exec-2] o.s.web.servlet.DispatcherServlet        : Completed 200 OK
2026-05-29T12:39:19.894+05:30 DEBUG 30848 --- [EasyRoute_Backend] [http-nio-8080-exec-9] org.hibernate.SQL                        : 
    select
        s1_0.id,
        s1_0.actual_delivery_time,
        s1_0.actual_pickup_time,
        s1_0.cancellation_reason,
        s1_0.chargeable_weight,
        s1_0.cod_amount,
        s1_0.cod_charge,
        s1_0.courier_id,
        s1_0.created_at,
        s1_0.customer_id,
        s1_0.drop_address,
        s1_0.drop_city,
        s1_0.drop_lat,
        s1_0.drop_lng,
        s1_0.drop_pincode,
        s1_0.estimated_cost,
        s1_0.freight_charge,
        s1_0.fuel_charge,
        s1_0.gst_charge,
        s1_0.payment_mode,
        s1_0.pickup_address,
        s1_0.pickup_city,
        s1_0.pickup_lat,
        s1_0.pickup_lng,
        s1_0.pickup_partner_id,
        s1_0.pickup_pincode,
        s1_0.remote_charge,
        s1_0.scheduled_pickup_time,
        s1_0.status,
        s1_0.total_weight_kg,
        s1_0.tracking_number,
        s1_0.truck_id,
        s1_0.updated_at,
        s1_0.volumetric_weight 
    from
        shipments s1_0
2026-05-29T12:39:19.898+05:30 DEBUG 30848 --- [EasyRoute_Backend] [http-nio-8080-exec-9] org.hibernate.SQL                        : 
    select
        i1_0.shipment_id,
        i1_0.id,
        i1_0.created_at,
        i1_0.description,
        i1_0.fragile,
        i1_0.item_name,
        i1_0.quantity,
        i1_0.updated_at,
        i1_0.weight_kg 
    from
        shipment_items i1_0 
    where
        i1_0.shipment_id=?
2026-05-29T12:39:19.901+05:30 DEBUG 30848 --- [EasyRoute_Backend] [http-nio-8080-exec-9] org.hibernate.SQL                        : 
    select
        u1_0.id,
        u1_0.address,
        u1_0.bank_details,
        u1_0.bio,
        u1_0.city,
        u1_0.created_at,
        u1_0.email,
        u1_0.email_verified,
        u1_0.emergency_contacts,
        u1_0.gstin,
        u1_0.is_active,
        u1_0.name,
        u1_0.password,
        u1_0.phone,
        u1_0.pincode,
        u1_0.preferred_route_area,
        u1_0.profile_photo_url,
        u1_0.role,
        u1_0.state,
        u1_0.updated_at 
    from
        users u1_0 
    where
        u1_0.id=?
2026-05-29T12:39:19.903+05:30 DEBUG 30848 --- [EasyRoute_Backend] [http-nio-8080-exec-9] org.hibernate.SQL                        : 
    select
        t1_0.id,
        t1_0.capacity_tons,
        t1_0.created_at,
        t1_0.current_route_area,
        t1_0.insurance_url,
        t1_0.is_available,
        t1_0.is_rejected,
        t1_0.is_verified,
        t1_0.license_url,
        t1_0.owner_id,
        t1_0.rate_card_accepted,
        t1_0.rc_document_url,
        t1_0.registration_number,
        t1_0.truck_type,
        t1_0.updated_at 
    from
        trucks t1_0 
    where
        t1_0.id=?
2026-05-29T12:39:19.905+05:30 DEBUG 30848 --- [EasyRoute_Backend] [http-nio-8080-exec-9] org.hibernate.SQL                        : 
    select
        u1_0.id,
        u1_0.address,
        u1_0.bank_details,
        u1_0.bio,
        u1_0.city,
        u1_0.created_at,
        u1_0.email,
        u1_0.email_verified,
        u1_0.emergency_contacts,
        u1_0.gstin,
        u1_0.is_active,
        u1_0.name,
        u1_0.password,
        u1_0.phone,
        u1_0.pincode,
        u1_0.preferred_route_area,
        u1_0.profile_photo_url,
        u1_0.role,
        u1_0.state,
        u1_0.updated_at 
    from
        users u1_0 
    where
        u1_0.id=?
2026-05-29T12:39:19.907+05:30 DEBUG 30848 --- [EasyRoute_Backend] [http-nio-8080-exec-9] org.hibernate.SQL                        : 
    select
        u1_0.id,
        u1_0.address,
        u1_0.bank_details,
        u1_0.bio,
        u1_0.city,
        u1_0.created_at,
        u1_0.email,
        u1_0.email_verified,
        u1_0.emergency_contacts,
        u1_0.gstin,
        u1_0.is_active,
        u1_0.name,
        u1_0.password,
        u1_0.phone,
        u1_0.pincode,
        u1_0.preferred_route_area,
        u1_0.profile_photo_url,
        u1_0.role,
        u1_0.state,
        u1_0.updated_at 
    from
        users u1_0 
    where
        u1_0.id=?
2026-05-29T12:39:19.908+05:30 DEBUG 30848 --- [EasyRoute_Backend] [http-nio-8080-exec-9] org.hibernate.SQL                        : 
    select
        i1_0.shipment_id,
        i1_0.id,
        i1_0.created_at,
        i1_0.description,
        i1_0.fragile,
        i1_0.item_name,
        i1_0.quantity,
        i1_0.updated_at,
        i1_0.weight_kg 
    from
        shipment_items i1_0 
    where
        i1_0.shipment_id=?
2026-05-29T12:39:19.908+05:30 DEBUG 30848 --- [EasyRoute_Backend] [http-nio-8080-exec-9] o.s.w.s.m.m.a.HttpEntityMethodProcessor  : Using 'application/json', given [application/json, text/plain, */*] and supported [application/json, application/*+json]
2026-05-29T12:39:19.908+05:30 DEBUG 30848 --- [EasyRoute_Backend] [http-nio-8080-exec-9] o.s.w.s.m.m.a.HttpEntityMethodProcessor  : Writing [ApiResponse(success=true, message=Shipments retrieved successfully, data=[ShipmentResponse(id=440150 (truncated)...]
2026-05-29T12:39:19.908+05:30 DEBUG 30848 --- [EasyRoute_Backend] [http-nio-8080-exec-9] o.s.web.servlet.DispatcherServlet        : Completed 200 OK
2026-05-29T12:39:19.918+05:30 DEBUG 30848 --- [EasyRoute_Backend] [http-nio-8080-exec-7] org.hibernate.SQL                        : 
    select
        u1_0.id,
        u1_0.address,
        u1_0.bank_details,
        u1_0.bio,
        u1_0.city,
        u1_0.created_at,
        u1_0.email,
        u1_0.email_verified,
        u1_0.emergency_contacts,
        u1_0.gstin,
        u1_0.is_active,
        u1_0.name,
        u1_0.password,
        u1_0.phone,
        u1_0.pincode,
        u1_0.preferred_route_area,
        u1_0.profile_photo_url,
        u1_0.role,
        u1_0.state,
        u1_0.updated_at 
    from
        users u1_0 
    where
        u1_0.email=?
2026-05-29T12:39:19.922+05:30 DEBUG 30848 --- [EasyRoute_Backend] [http-nio-8080-exec-7] o.s.web.servlet.DispatcherServlet        : GET "/api/v1/shipments?status=PENDING", parameters={masked}
2026-05-29T12:39:19.923+05:30 DEBUG 30848 --- [EasyRoute_Backend] [http-nio-8080-exec-7] s.w.s.m.m.a.RequestMappingHandlerMapping : Mapped to com.logistics.platform.controller.ShipmentController#getMyShipments(User, ShipmentStatus)
2026-05-29T12:39:19.923+05:30 DEBUG 30848 --- [EasyRoute_Backend] [http-nio-8080-exec-3] org.hibernate.SQL                        : 
    select
        u1_0.id,
        u1_0.address,
        u1_0.bank_details,
        u1_0.bio,
        u1_0.city,
        u1_0.created_at,
        u1_0.email,
        u1_0.email_verified,
        u1_0.emergency_contacts,
        u1_0.gstin,
        u1_0.is_active,
        u1_0.name,
        u1_0.password,
        u1_0.phone,
        u1_0.pincode,
        u1_0.preferred_route_area,
        u1_0.profile_photo_url,
        u1_0.role,
        u1_0.state,
        u1_0.updated_at 
    from
        users u1_0 
    where
        u1_0.email=?
2026-05-29T12:39:19.926+05:30 DEBUG 30848 --- [EasyRoute_Backend] [http-nio-8080-exec-3] o.s.web.servlet.DispatcherServlet        : GET "/api/v1/admin/audit-logs", parameters={}
2026-05-29T12:39:19.926+05:30 DEBUG 30848 --- [EasyRoute_Backend] [http-nio-8080-exec-7] org.hibernate.SQL                        : 
    select
        u1_0.id,
        u1_0.address,
        u1_0.bank_details,
        u1_0.bio,
        u1_0.city,
        u1_0.created_at,
        u1_0.email,
        u1_0.email_verified,
        u1_0.emergency_contacts,
        u1_0.gstin,
        u1_0.is_active,
        u1_0.name,
        u1_0.password,
        u1_0.phone,
        u1_0.pincode,
        u1_0.preferred_route_area,
        u1_0.profile_photo_url,
        u1_0.role,
        u1_0.state,
        u1_0.updated_at 
    from
        users u1_0 
    where
        u1_0.email=?
2026-05-29T12:39:19.926+05:30 DEBUG 30848 --- [EasyRoute_Backend] [http-nio-8080-exec-3] s.w.s.m.m.a.RequestMappingHandlerMapping : Mapped to com.logistics.platform.controller.AdminController#getAuditLogs()
2026-05-29T12:39:19.934+05:30 DEBUG 30848 --- [EasyRoute_Backend] [http-nio-8080-exec-3] org.hibernate.SQL                        : 
    select
        al1_0.id,
        al1_0.action,
        al1_0.created_at,
        al1_0.entity_id,
        al1_0.entity_type,
        al1_0.ip_address,
        al1_0.notes,
        al1_0.updated_at,
        al1_0.user_id 
    from
        audit_logs al1_0
2026-05-29T12:39:19.934+05:30 DEBUG 30848 --- [EasyRoute_Backend] [http-nio-8080-exec-7] org.hibernate.SQL                        : 
    select
        s1_0.id,
        s1_0.actual_delivery_time,
        s1_0.actual_pickup_time,
        s1_0.cancellation_reason,
        s1_0.chargeable_weight,
        s1_0.cod_amount,
        s1_0.cod_charge,
        s1_0.courier_id,
        s1_0.created_at,
        s1_0.customer_id,
        s1_0.drop_address,
        s1_0.drop_city,
        s1_0.drop_lat,
        s1_0.drop_lng,
        s1_0.drop_pincode,
        s1_0.estimated_cost,
        s1_0.freight_charge,
        s1_0.fuel_charge,
        s1_0.gst_charge,
        s1_0.payment_mode,
        s1_0.pickup_address,
        s1_0.pickup_city,
        s1_0.pickup_lat,
        s1_0.pickup_lng,
        s1_0.pickup_partner_id,
        s1_0.pickup_pincode,
        s1_0.remote_charge,
        s1_0.scheduled_pickup_time,
        s1_0.status,
        s1_0.total_weight_kg,
        s1_0.tracking_number,
        s1_0.truck_id,
        s1_0.updated_at,
        s1_0.volumetric_weight 
    from
        shipments s1_0
2026-05-29T12:39:19.939+05:30 DEBUG 30848 --- [EasyRoute_Backend] [http-nio-8080-exec-7] org.hibernate.SQL                        : 
    select
        i1_0.shipment_id,
        i1_0.id,
        i1_0.created_at,
        i1_0.description,
        i1_0.fragile,
        i1_0.item_name,
        i1_0.quantity,
        i1_0.updated_at,
        i1_0.weight_kg 
    from
        shipment_items i1_0 
    where
        i1_0.shipment_id=?
2026-05-29T12:39:19.943+05:30 DEBUG 30848 --- [EasyRoute_Backend] [http-nio-8080-exec-7] org.hibernate.SQL                        : 
    select
        u1_0.id,
        u1_0.address,
        u1_0.bank_details,
        u1_0.bio,
        u1_0.city,
        u1_0.created_at,
        u1_0.email,
        u1_0.email_verified,
        u1_0.emergency_contacts,
        u1_0.gstin,
        u1_0.is_active,
        u1_0.name,
        u1_0.password,
        u1_0.phone,
        u1_0.pincode,
        u1_0.preferred_route_area,
        u1_0.profile_photo_url,
        u1_0.role,
        u1_0.state,
        u1_0.updated_at 
    from
        users u1_0 
    where
        u1_0.id=?
2026-05-29T12:39:19.943+05:30 DEBUG 30848 --- [EasyRoute_Backend] [http-nio-8080-exec-7] org.hibernate.SQL                        : 
    select
        t1_0.id,
        t1_0.capacity_tons,
        t1_0.created_at,
        t1_0.current_route_area,
        t1_0.insurance_url,
        t1_0.is_available,
        t1_0.is_rejected,
        t1_0.is_verified,
        t1_0.license_url,
        t1_0.owner_id,
        t1_0.rate_card_accepted,
        t1_0.rc_document_url,
        t1_0.registration_number,
        t1_0.truck_type,
        t1_0.updated_at 
    from
        trucks t1_0 
    where
        t1_0.id=?
2026-05-29T12:39:19.948+05:30 DEBUG 30848 --- [EasyRoute_Backend] [http-nio-8080-exec-7] org.hibernate.SQL                        : 
    select
        u1_0.id,
        u1_0.address,
        u1_0.bank_details,
        u1_0.bio,
        u1_0.city,
        u1_0.created_at,
        u1_0.email,
        u1_0.email_verified,
        u1_0.emergency_contacts,
        u1_0.gstin,
        u1_0.is_active,
        u1_0.name,
        u1_0.password,
        u1_0.phone,
        u1_0.pincode,
        u1_0.preferred_route_area,
        u1_0.profile_photo_url,
        u1_0.role,
        u1_0.state,
        u1_0.updated_at 
    from
        users u1_0 
    where
        u1_0.id=?
2026-05-29T12:39:19.948+05:30 DEBUG 30848 --- [EasyRoute_Backend] [http-nio-8080-exec-7] org.hibernate.SQL                        : 
    select
        u1_0.id,
        u1_0.address,
        u1_0.bank_details,
        u1_0.bio,
        u1_0.city,
        u1_0.created_at,
        u1_0.email,
        u1_0.email_verified,
        u1_0.emergency_contacts,
        u1_0.gstin,
        u1_0.is_active,
        u1_0.name,
        u1_0.password,
        u1_0.phone,
        u1_0.pincode,
        u1_0.preferred_route_area,
        u1_0.profile_photo_url,
        u1_0.role,
        u1_0.state,
        u1_0.updated_at 
    from
        users u1_0 
    where
        u1_0.id=?
2026-05-29T12:39:19.953+05:30 DEBUG 30848 --- [EasyRoute_Backend] [http-nio-8080-exec-7] org.hibernate.SQL                        : 
    select
        i1_0.shipment_id,
        i1_0.id,
        i1_0.created_at,
        i1_0.description,
        i1_0.fragile,
        i1_0.item_name,
        i1_0.quantity,
        i1_0.updated_at,
        i1_0.weight_kg 
    from
        shipment_items i1_0 
    where
        i1_0.shipment_id=?
2026-05-29T12:39:19.959+05:30 DEBUG 30848 --- [EasyRoute_Backend] [http-nio-8080-exec-7] o.s.w.s.m.m.a.HttpEntityMethodProcessor  : Using 'application/json', given [application/json, text/plain, */*] and supported [application/json, application/*+json]
2026-05-29T12:39:19.959+05:30 DEBUG 30848 --- [EasyRoute_Backend] [http-nio-8080-exec-7] o.s.w.s.m.m.a.HttpEntityMethodProcessor  : Writing [ApiResponse(success=true, message=Shipments retrieved successfully, data=[ShipmentResponse(id=440150 (truncated)...]
2026-05-29T12:39:19.959+05:30 DEBUG 30848 --- [EasyRoute_Backend] [http-nio-8080-exec-3] org.hibernate.SQL                        : 
    select
        u1_0.id,
        u1_0.address,
        u1_0.bank_details,
        u1_0.bio,
        u1_0.city,
        u1_0.created_at,
        u1_0.email,
        u1_0.email_verified,
        u1_0.emergency_contacts,
        u1_0.gstin,
        u1_0.is_active,
        u1_0.name,
        u1_0.password,
        u1_0.phone,
        u1_0.pincode,
        u1_0.preferred_route_area,
        u1_0.profile_photo_url,
        u1_0.role,
        u1_0.state,
        u1_0.updated_at 
    from
        users u1_0 
    where
        u1_0.id=?
2026-05-29T12:39:19.959+05:30 DEBUG 30848 --- [EasyRoute_Backend] [http-nio-8080-exec-7] o.s.web.servlet.DispatcherServlet        : Completed 200 OK
2026-05-29T12:39:19.959+05:30 DEBUG 30848 --- [EasyRoute_Backend] [http-nio-8080-exec-3] org.hibernate.SQL                        : 
    select
        u1_0.id,
        u1_0.address,
        u1_0.bank_details,
        u1_0.bio,
        u1_0.city,
        u1_0.created_at,
        u1_0.email,
        u1_0.email_verified,
        u1_0.emergency_contacts,
        u1_0.gstin,
        u1_0.is_active,
        u1_0.name,
        u1_0.password,
        u1_0.phone,
        u1_0.pincode,
        u1_0.preferred_route_area,
        u1_0.profile_photo_url,
        u1_0.role,
        u1_0.state,
        u1_0.updated_at 
    from
        users u1_0 
    where
        u1_0.id=?
2026-05-29T12:39:19.959+05:30 DEBUG 30848 --- [EasyRoute_Backend] [http-nio-8080-exec-3] org.hibernate.SQL                        : 
    select
        u1_0.id,
        u1_0.address,
        u1_0.bank_details,
        u1_0.bio,
        u1_0.city,
        u1_0.created_at,
        u1_0.email,
        u1_0.email_verified,
        u1_0.emergency_contacts,
        u1_0.gstin,
        u1_0.is_active,
        u1_0.name,
        u1_0.password,
        u1_0.phone,
        u1_0.pincode,
        u1_0.preferred_route_area,
        u1_0.profile_photo_url,
        u1_0.role,
        u1_0.state,
        u1_0.updated_at 
    from
        users u1_0 
    where
        u1_0.id=?
2026-05-29T12:39:19.959+05:30 DEBUG 30848 --- [EasyRoute_Backend] [http-nio-8080-exec-3] org.hibernate.SQL                        : 
    select
        u1_0.id,
        u1_0.address,
        u1_0.bank_details,
        u1_0.bio,
        u1_0.city,
        u1_0.created_at,
        u1_0.email,
        u1_0.email_verified,
        u1_0.emergency_contacts,
        u1_0.gstin,
        u1_0.is_active,
        u1_0.name,
        u1_0.password,
        u1_0.phone,
        u1_0.pincode,
        u1_0.preferred_route_area,
        u1_0.profile_photo_url,
        u1_0.role,
        u1_0.state,
        u1_0.updated_at 
    from
        users u1_0 
    where
        u1_0.id=?
2026-05-29T12:39:19.968+05:30 DEBUG 30848 --- [EasyRoute_Backend] [http-nio-8080-exec-3] o.s.w.s.m.m.a.HttpEntityMethodProcessor  : Using 'application/json', given [application/json, text/plain, */*] and supported [application/json, application/*+json]
2026-05-29T12:39:19.976+05:30 DEBUG 30848 --- [EasyRoute_Backend] [http-nio-8080-exec-3] o.s.w.s.m.m.a.HttpEntityMethodProcessor  : Writing [ApiResponse(success=true, message=Audit logs retrieved successfully, data=[AuditLogResponse(id=19163 (truncated)...]
2026-05-29T12:39:19.987+05:30 DEBUG 30848 --- [EasyRoute_Backend] [http-nio-8080-exec-3] o.s.web.servlet.DispatcherServlet        : Completed 200 OK
2026-05-29T12:39:19.991+05:30 DEBUG 30848 --- [EasyRoute_Backend] [http-nio-8080-exec-10] org.hibernate.SQL                        : 
    select
        u1_0.id,
        u1_0.address,
        u1_0.bank_details,
        u1_0.bio,
        u1_0.city,
        u1_0.created_at,
        u1_0.email,
        u1_0.email_verified,
        u1_0.emergency_contacts,
        u1_0.gstin,
        u1_0.is_active,
        u1_0.name,
        u1_0.password,
        u1_0.phone,
        u1_0.pincode,
        u1_0.preferred_route_area,
        u1_0.profile_photo_url,
        u1_0.role,
        u1_0.state,
        u1_0.updated_at 
    from
        users u1_0 
    where
        u1_0.email=?
2026-05-29T12:39:19.991+05:30 DEBUG 30848 --- [EasyRoute_Backend] [http-nio-8080-exec-10] o.s.web.servlet.DispatcherServlet        : GET "/api/v1/admin/audit-logs", parameters={}
2026-05-29T12:39:19.991+05:30 DEBUG 30848 --- [EasyRoute_Backend] [http-nio-8080-exec-10] s.w.s.m.m.a.RequestMappingHandlerMapping : Mapped to com.logistics.platform.controller.AdminController#getAuditLogs()
2026-05-29T12:39:19.991+05:30 DEBUG 30848 --- [EasyRoute_Backend] [http-nio-8080-exec-10] org.hibernate.SQL                        : 
    select
        al1_0.id,
        al1_0.action,
        al1_0.created_at,
        al1_0.entity_id,
        al1_0.entity_type,
        al1_0.ip_address,
        al1_0.notes,
        al1_0.updated_at,
        al1_0.user_id 
    from
        audit_logs al1_0
2026-05-29T12:39:19.991+05:30 DEBUG 30848 --- [EasyRoute_Backend] [http-nio-8080-exec-5] org.hibernate.SQL                        : 
    select
        u1_0.id,
        u1_0.address,
        u1_0.bank_details,
        u1_0.bio,
        u1_0.city,
        u1_0.created_at,
        u1_0.email,
        u1_0.email_verified,
        u1_0.emergency_contacts,
        u1_0.gstin,
        u1_0.is_active,
        u1_0.name,
        u1_0.password,
        u1_0.phone,
        u1_0.pincode,
        u1_0.preferred_route_area,
        u1_0.profile_photo_url,
        u1_0.role,
        u1_0.state,
        u1_0.updated_at 
    from
        users u1_0 
    where
        u1_0.email=?
2026-05-29T12:39:19.991+05:30 DEBUG 30848 --- [EasyRoute_Backend] [http-nio-8080-exec-5] o.s.web.servlet.DispatcherServlet        : GET "/api/v1/shipments", parameters={}
2026-05-29T12:39:19.991+05:30 DEBUG 30848 --- [EasyRoute_Backend] [http-nio-8080-exec-5] s.w.s.m.m.a.RequestMappingHandlerMapping : Mapped to com.logistics.platform.controller.ShipmentController#getMyShipments(User, ShipmentStatus)
2026-05-29T12:39:19.991+05:30 DEBUG 30848 --- [EasyRoute_Backend] [http-nio-8080-exec-5] org.hibernate.SQL                        : 
    select
        u1_0.id,
        u1_0.address,
        u1_0.bank_details,
        u1_0.bio,
        u1_0.city,
        u1_0.created_at,
        u1_0.email,
        u1_0.email_verified,
        u1_0.emergency_contacts,
        u1_0.gstin,
        u1_0.is_active,
        u1_0.name,
        u1_0.password,
        u1_0.phone,
        u1_0.pincode,
        u1_0.preferred_route_area,
        u1_0.profile_photo_url,
        u1_0.role,
        u1_0.state,
        u1_0.updated_at 
    from
        users u1_0 
    where
        u1_0.email=?
2026-05-29T12:39:20.003+05:30 DEBUG 30848 --- [EasyRoute_Backend] [http-nio-8080-exec-5] org.hibernate.SQL                        : 
    select
        s1_0.id,
        s1_0.actual_delivery_time,
        s1_0.actual_pickup_time,
        s1_0.cancellation_reason,
        s1_0.chargeable_weight,
        s1_0.cod_amount,
        s1_0.cod_charge,
        s1_0.courier_id,
        s1_0.created_at,
        s1_0.customer_id,
        s1_0.drop_address,
        s1_0.drop_city,
        s1_0.drop_lat,
        s1_0.drop_lng,
        s1_0.drop_pincode,
        s1_0.estimated_cost,
        s1_0.freight_charge,
        s1_0.fuel_charge,
        s1_0.gst_charge,
        s1_0.payment_mode,
        s1_0.pickup_address,
        s1_0.pickup_city,
        s1_0.pickup_lat,
        s1_0.pickup_lng,
        s1_0.pickup_partner_id,
        s1_0.pickup_pincode,
        s1_0.remote_charge,
        s1_0.scheduled_pickup_time,
        s1_0.status,
        s1_0.total_weight_kg,
        s1_0.tracking_number,
        s1_0.truck_id,
        s1_0.updated_at,
        s1_0.volumetric_weight 
    from
        shipments s1_0
2026-05-29T12:39:20.005+05:30 DEBUG 30848 --- [EasyRoute_Backend] [http-nio-8080-exec-10] org.hibernate.SQL                        : 
    select
        u1_0.id,
        u1_0.address,
        u1_0.bank_details,
        u1_0.bio,
        u1_0.city,
        u1_0.created_at,
        u1_0.email,
        u1_0.email_verified,
        u1_0.emergency_contacts,
        u1_0.gstin,
        u1_0.is_active,
        u1_0.name,
        u1_0.password,
        u1_0.phone,
        u1_0.pincode,
        u1_0.preferred_route_area,
        u1_0.profile_photo_url,
        u1_0.role,
        u1_0.state,
        u1_0.updated_at 
    from
        users u1_0 
    where
        u1_0.id=?
2026-05-29T12:39:20.008+05:30 DEBUG 30848 --- [EasyRoute_Backend] [http-nio-8080-exec-5] org.hibernate.SQL                        : 
    select
        i1_0.shipment_id,
        i1_0.id,
        i1_0.created_at,
        i1_0.description,
        i1_0.fragile,
        i1_0.item_name,
        i1_0.quantity,
        i1_0.updated_at,
        i1_0.weight_kg 
    from
        shipment_items i1_0 
    where
        i1_0.shipment_id=?
2026-05-29T12:39:20.008+05:30 DEBUG 30848 --- [EasyRoute_Backend] [http-nio-8080-exec-10] org.hibernate.SQL                        : 
    select
        u1_0.id,
        u1_0.address,
        u1_0.bank_details,
        u1_0.bio,
        u1_0.city,
        u1_0.created_at,
        u1_0.email,
        u1_0.email_verified,
        u1_0.emergency_contacts,
        u1_0.gstin,
        u1_0.is_active,
        u1_0.name,
        u1_0.password,
        u1_0.phone,
        u1_0.pincode,
        u1_0.preferred_route_area,
        u1_0.profile_photo_url,
        u1_0.role,
        u1_0.state,
        u1_0.updated_at 
    from
        users u1_0 
    where
        u1_0.id=?
2026-05-29T12:39:20.008+05:30 DEBUG 30848 --- [EasyRoute_Backend] [http-nio-8080-exec-10] org.hibernate.SQL                        : 
    select
        u1_0.id,
        u1_0.address,
        u1_0.bank_details,
        u1_0.bio,
        u1_0.city,
        u1_0.created_at,
        u1_0.email,
        u1_0.email_verified,
        u1_0.emergency_contacts,
        u1_0.gstin,
        u1_0.is_active,
        u1_0.name,
        u1_0.password,
        u1_0.phone,
        u1_0.pincode,
        u1_0.preferred_route_area,
        u1_0.profile_photo_url,
        u1_0.role,
        u1_0.state,
        u1_0.updated_at 
    from
        users u1_0 
    where
        u1_0.id=?
2026-05-29T12:39:20.008+05:30 DEBUG 30848 --- [EasyRoute_Backend] [http-nio-8080-exec-5] org.hibernate.SQL                        : 
    select
        u1_0.id,
        u1_0.address,
        u1_0.bank_details,
        u1_0.bio,
        u1_0.city,
        u1_0.created_at,
        u1_0.email,
        u1_0.email_verified,
        u1_0.emergency_contacts,
        u1_0.gstin,
        u1_0.is_active,
        u1_0.name,
        u1_0.password,
        u1_0.phone,
        u1_0.pincode,
        u1_0.preferred_route_area,
        u1_0.profile_photo_url,
        u1_0.role,
        u1_0.state,
        u1_0.updated_at 
    from
        users u1_0 
    where
        u1_0.id=?
2026-05-29T12:39:20.008+05:30 DEBUG 30848 --- [EasyRoute_Backend] [http-nio-8080-exec-10] org.hibernate.SQL                        : 
    select
        u1_0.id,
        u1_0.address,
        u1_0.bank_details,
        u1_0.bio,
        u1_0.city,
        u1_0.created_at,
        u1_0.email,
        u1_0.email_verified,
        u1_0.emergency_contacts,
        u1_0.gstin,
        u1_0.is_active,
        u1_0.name,
        u1_0.password,
        u1_0.phone,
        u1_0.pincode,
        u1_0.preferred_route_area,
        u1_0.profile_photo_url,
        u1_0.role,
        u1_0.state,
        u1_0.updated_at 
    from
        users u1_0 
    where
        u1_0.id=?
2026-05-29T12:39:20.008+05:30 DEBUG 30848 --- [EasyRoute_Backend] [http-nio-8080-exec-5] org.hibernate.SQL                        : 
    select
        t1_0.id,
        t1_0.capacity_tons,
        t1_0.created_at,
        t1_0.current_route_area,
        t1_0.insurance_url,
        t1_0.is_available,
        t1_0.is_rejected,
        t1_0.is_verified,
        t1_0.license_url,
        t1_0.owner_id,
        t1_0.rate_card_accepted,
        t1_0.rc_document_url,
        t1_0.registration_number,
        t1_0.truck_type,
        t1_0.updated_at 
    from
        trucks t1_0 
    where
        t1_0.id=?
2026-05-29T12:39:20.008+05:30 DEBUG 30848 --- [EasyRoute_Backend] [http-nio-8080-exec-5] org.hibernate.SQL                        : 
    select
        u1_0.id,
        u1_0.address,
        u1_0.bank_details,
        u1_0.bio,
        u1_0.city,
        u1_0.created_at,
        u1_0.email,
        u1_0.email_verified,
        u1_0.emergency_contacts,
        u1_0.gstin,
        u1_0.is_active,
        u1_0.name,
        u1_0.password,
        u1_0.phone,
        u1_0.pincode,
        u1_0.preferred_route_area,
        u1_0.profile_photo_url,
        u1_0.role,
        u1_0.state,
        u1_0.updated_at 
    from
        users u1_0 
    where
        u1_0.id=?
2026-05-29T12:39:20.008+05:30 DEBUG 30848 --- [EasyRoute_Backend] [http-nio-8080-exec-5] org.hibernate.SQL                        : 
    select
        u1_0.id,
        u1_0.address,
        u1_0.bank_details,
        u1_0.bio,
        u1_0.city,
        u1_0.created_at,
        u1_0.email,
        u1_0.email_verified,
        u1_0.emergency_contacts,
        u1_0.gstin,
        u1_0.is_active,
        u1_0.name,
        u1_0.password,
        u1_0.phone,
        u1_0.pincode,
        u1_0.preferred_route_area,
        u1_0.profile_photo_url,
        u1_0.role,
        u1_0.state,
        u1_0.updated_at 
    from
        users u1_0 
    where
        u1_0.id=?
2026-05-29T12:39:20.008+05:30 DEBUG 30848 --- [EasyRoute_Backend] [http-nio-8080-exec-10] o.s.w.s.m.m.a.HttpEntityMethodProcessor  : Using 'application/json', given [application/json, text/plain, */*] and supported [application/json, application/*+json]
2026-05-29T12:39:20.008+05:30 DEBUG 30848 --- [EasyRoute_Backend] [http-nio-8080-exec-10] o.s.w.s.m.m.a.HttpEntityMethodProcessor  : Writing [ApiResponse(success=true, message=Audit logs retrieved successfully, data=[AuditLogResponse(id=19163 (truncated)...]
2026-05-29T12:39:20.008+05:30 DEBUG 30848 --- [EasyRoute_Backend] [http-nio-8080-exec-5] org.hibernate.SQL                        : 
    select
        i1_0.shipment_id,
        i1_0.id,
        i1_0.created_at,
        i1_0.description,
        i1_0.fragile,
        i1_0.item_name,
        i1_0.quantity,
        i1_0.updated_at,
        i1_0.weight_kg 
    from
        shipment_items i1_0 
    where
        i1_0.shipment_id=?
2026-05-29T12:39:20.008+05:30 DEBUG 30848 --- [EasyRoute_Backend] [http-nio-8080-exec-5] o.s.w.s.m.m.a.HttpEntityMethodProcessor  : Using 'application/json', given [application/json, text/plain, */*] and supported [application/json, application/*+json]
2026-05-29T12:39:20.008+05:30 DEBUG 30848 --- [EasyRoute_Backend] [http-nio-8080-exec-5] o.s.w.s.m.m.a.HttpEntityMethodProcessor  : Writing [ApiResponse(success=true, message=Shipments retrieved successfully, data=[ShipmentResponse(id=440150 (truncated)...]
2026-05-29T12:39:20.008+05:30 DEBUG 30848 --- [EasyRoute_Backend] [http-nio-8080-exec-10] o.s.web.servlet.DispatcherServlet        : Completed 200 OK
2026-05-29T12:39:20.017+05:30 DEBUG 30848 --- [EasyRoute_Backend] [http-nio-8080-exec-5] o.s.web.servlet.DispatcherServlet        : Completed 200 OK
2026-05-29T12:39:20.026+05:30 DEBUG 30848 --- [EasyRoute_Backend] [http-nio-8080-exec-4] org.hibernate.SQL                        : 
    select
        u1_0.id,
        u1_0.address,
        u1_0.bank_details,
        u1_0.bio,
        u1_0.city,
        u1_0.created_at,
        u1_0.email,
        u1_0.email_verified,
        u1_0.emergency_contacts,
        u1_0.gstin,
        u1_0.is_active,
        u1_0.name,
        u1_0.password,
        u1_0.phone,
        u1_0.pincode,
        u1_0.preferred_route_area,
        u1_0.profile_photo_url,
        u1_0.role,
        u1_0.state,
        u1_0.updated_at 
    from
        users u1_0 
    where
        u1_0.email=?
2026-05-29T12:39:20.026+05:30 DEBUG 30848 --- [EasyRoute_Backend] [http-nio-8080-exec-4] o.s.web.servlet.DispatcherServlet        : GET "/api/v1/shipments", parameters={}
2026-05-29T12:39:20.026+05:30 DEBUG 30848 --- [EasyRoute_Backend] [http-nio-8080-exec-4] s.w.s.m.m.a.RequestMappingHandlerMapping : Mapped to com.logistics.platform.controller.ShipmentController#getMyShipments(User, ShipmentStatus)
2026-05-29T12:39:20.026+05:30 DEBUG 30848 --- [EasyRoute_Backend] [http-nio-8080-exec-2] org.hibernate.SQL                        : 
    select
        u1_0.id,
        u1_0.address,
        u1_0.bank_details,
        u1_0.bio,
        u1_0.city,
        u1_0.created_at,
        u1_0.email,
        u1_0.email_verified,
        u1_0.emergency_contacts,
        u1_0.gstin,
        u1_0.is_active,
        u1_0.name,
        u1_0.password,
        u1_0.phone,
        u1_0.pincode,
        u1_0.preferred_route_area,
        u1_0.profile_photo_url,
        u1_0.role,
        u1_0.state,
        u1_0.updated_at 
    from
        users u1_0 
    where
        u1_0.email=?
2026-05-29T12:39:20.029+05:30 DEBUG 30848 --- [EasyRoute_Backend] [http-nio-8080-exec-2] o.s.web.servlet.DispatcherServlet        : GET "/api/v1/rates/global", parameters={}
2026-05-29T12:39:20.029+05:30 DEBUG 30848 --- [EasyRoute_Backend] [http-nio-8080-exec-2] s.w.s.m.m.a.RequestMappingHandlerMapping : Mapped to com.logistics.platform.controller.PlatformRateController#getGlobalRates()
2026-05-29T12:39:20.031+05:30 DEBUG 30848 --- [EasyRoute_Backend] [http-nio-8080-exec-4] org.hibernate.SQL                        : 
    select
        u1_0.id,
        u1_0.address,
        u1_0.bank_details,
        u1_0.bio,
        u1_0.city,
        u1_0.created_at,
        u1_0.email,
        u1_0.email_verified,
        u1_0.emergency_contacts,
        u1_0.gstin,
        u1_0.is_active,
        u1_0.name,
        u1_0.password,
        u1_0.phone,
        u1_0.pincode,
        u1_0.preferred_route_area,
        u1_0.profile_photo_url,
        u1_0.role,
        u1_0.state,
        u1_0.updated_at 
    from
        users u1_0 
    where
        u1_0.email=?
2026-05-29T12:39:20.036+05:30 DEBUG 30848 --- [EasyRoute_Backend] [http-nio-8080-exec-4] org.hibernate.SQL                        : 
    select
        s1_0.id,
        s1_0.actual_delivery_time,
        s1_0.actual_pickup_time,
        s1_0.cancellation_reason,
        s1_0.chargeable_weight,
        s1_0.cod_amount,
        s1_0.cod_charge,
        s1_0.courier_id,
        s1_0.created_at,
        s1_0.customer_id,
        s1_0.drop_address,
        s1_0.drop_city,
        s1_0.drop_lat,
        s1_0.drop_lng,
        s1_0.drop_pincode,
        s1_0.estimated_cost,
        s1_0.freight_charge,
        s1_0.fuel_charge,
        s1_0.gst_charge,
        s1_0.payment_mode,
        s1_0.pickup_address,
        s1_0.pickup_city,
        s1_0.pickup_lat,
        s1_0.pickup_lng,
        s1_0.pickup_partner_id,
        s1_0.pickup_pincode,
        s1_0.remote_charge,
        s1_0.scheduled_pickup_time,
        s1_0.status,
        s1_0.total_weight_kg,
        s1_0.tracking_number,
        s1_0.truck_id,
        s1_0.updated_at,
        s1_0.volumetric_weight 
    from
        shipments s1_0
2026-05-29T12:39:20.038+05:30 DEBUG 30848 --- [EasyRoute_Backend] [http-nio-8080-exec-2] org.hibernate.SQL                        : 
    select
        urc1_0.id,
        urc1_0.is_active,
        urc1_0.base_fare,
        urc1_0.commission_percentage,
        urc1_0.created_at,
        urc1_0.fixed_fee,
        urc1_0.name,
        urc1_0.per_kg_rate,
        urc1_0.per_km_rate,
        urc1_0.target_role,
        urc1_0.updated_at,
        urc1_0.user_id 
    from
        user_rate_cards urc1_0 
    where
        urc1_0.user_id is null 
        and urc1_0.is_active
2026-05-29T12:39:20.038+05:30 DEBUG 30848 --- [EasyRoute_Backend] [http-nio-8080-exec-4] org.hibernate.SQL                        : 
    select
        i1_0.shipment_id,
        i1_0.id,
        i1_0.created_at,
        i1_0.description,
        i1_0.fragile,
        i1_0.item_name,
        i1_0.quantity,
        i1_0.updated_at,
        i1_0.weight_kg 
    from
        shipment_items i1_0 
    where
        i1_0.shipment_id=?
2026-05-29T12:39:20.042+05:30 DEBUG 30848 --- [EasyRoute_Backend] [http-nio-8080-exec-4] org.hibernate.SQL                        : 
    select
        u1_0.id,
        u1_0.address,
        u1_0.bank_details,
        u1_0.bio,
        u1_0.city,
        u1_0.created_at,
        u1_0.email,
        u1_0.email_verified,
        u1_0.emergency_contacts,
        u1_0.gstin,
        u1_0.is_active,
        u1_0.name,
        u1_0.password,
        u1_0.phone,
        u1_0.pincode,
        u1_0.preferred_route_area,
        u1_0.profile_photo_url,
        u1_0.role,
        u1_0.state,
        u1_0.updated_at 
    from
        users u1_0 
    where
        u1_0.id=?
2026-05-29T12:39:20.042+05:30 DEBUG 30848 --- [EasyRoute_Backend] [http-nio-8080-exec-4] org.hibernate.SQL                        : 
    select
        t1_0.id,
        t1_0.capacity_tons,
        t1_0.created_at,
        t1_0.current_route_area,
        t1_0.insurance_url,
        t1_0.is_available,
        t1_0.is_rejected,
        t1_0.is_verified,
        t1_0.license_url,
        t1_0.owner_id,
        t1_0.rate_card_accepted,
        t1_0.rc_document_url,
        t1_0.registration_number,
        t1_0.truck_type,
        t1_0.updated_at 
    from
        trucks t1_0 
    where
        t1_0.id=?
2026-05-29T12:39:20.042+05:30 DEBUG 30848 --- [EasyRoute_Backend] [http-nio-8080-exec-2] o.s.w.s.m.m.a.HttpEntityMethodProcessor  : Using 'application/json', given [application/json, text/plain, */*] and supported [application/json, application/*+json]
2026-05-29T12:39:20.042+05:30 DEBUG 30848 --- [EasyRoute_Backend] [http-nio-8080-exec-2] o.s.w.s.m.m.a.HttpEntityMethodProcessor  : Writing [[com.logistics.platform.entity.UserRateCard@2359cf0c, com.logistics.platform.entity.UserRateCard@45c (truncated)...]
2026-05-29T12:39:20.042+05:30 DEBUG 30848 --- [EasyRoute_Backend] [http-nio-8080-exec-4] org.hibernate.SQL                        : 
    select
        u1_0.id,
        u1_0.address,
        u1_0.bank_details,
        u1_0.bio,
        u1_0.city,
        u1_0.created_at,
        u1_0.email,
        u1_0.email_verified,
        u1_0.emergency_contacts,
        u1_0.gstin,
        u1_0.is_active,
        u1_0.name,
        u1_0.password,
        u1_0.phone,
        u1_0.pincode,
        u1_0.preferred_route_area,
        u1_0.profile_photo_url,
        u1_0.role,
        u1_0.state,
        u1_0.updated_at 
    from
        users u1_0 
    where
        u1_0.id=?
2026-05-29T12:39:20.042+05:30 DEBUG 30848 --- [EasyRoute_Backend] [http-nio-8080-exec-4] org.hibernate.SQL                        : 
    select
        u1_0.id,
        u1_0.address,
        u1_0.bank_details,
        u1_0.bio,
        u1_0.city,
        u1_0.created_at,
        u1_0.email,
        u1_0.email_verified,
        u1_0.emergency_contacts,
        u1_0.gstin,
        u1_0.is_active,
        u1_0.name,
        u1_0.password,
        u1_0.phone,
        u1_0.pincode,
        u1_0.preferred_route_area,
        u1_0.profile_photo_url,
        u1_0.role,
        u1_0.state,
        u1_0.updated_at 
    from
        users u1_0 
    where
        u1_0.id=?
2026-05-29T12:39:20.042+05:30 DEBUG 30848 --- [EasyRoute_Backend] [http-nio-8080-exec-2] o.s.web.servlet.DispatcherServlet        : Completed 200 OK
2026-05-29T12:39:20.048+05:30 DEBUG 30848 --- [EasyRoute_Backend] [http-nio-8080-exec-4] org.hibernate.SQL                        : 
    select
        i1_0.shipment_id,
        i1_0.id,
        i1_0.created_at,
        i1_0.description,
        i1_0.fragile,
        i1_0.item_name,
        i1_0.quantity,
        i1_0.updated_at,
        i1_0.weight_kg 
    from
        shipment_items i1_0 
    where
        i1_0.shipment_id=?
2026-05-29T12:39:20.048+05:30 DEBUG 30848 --- [EasyRoute_Backend] [http-nio-8080-exec-4] o.s.w.s.m.m.a.HttpEntityMethodProcessor  : Using 'application/json', given [application/json, text/plain, */*] and supported [application/json, application/*+json]
2026-05-29T12:39:20.048+05:30 DEBUG 30848 --- [EasyRoute_Backend] [http-nio-8080-exec-4] o.s.w.s.m.m.a.HttpEntityMethodProcessor  : Writing [ApiResponse(success=true, message=Shipments retrieved successfully, data=[ShipmentResponse(id=440150 (truncated)...]
2026-05-29T12:39:20.057+05:30 DEBUG 30848 --- [EasyRoute_Backend] [http-nio-8080-exec-8] org.hibernate.SQL                        : 
    select
        u1_0.id,
        u1_0.address,
        u1_0.bank_details,
        u1_0.bio,
        u1_0.city,
        u1_0.created_at,
        u1_0.email,
        u1_0.email_verified,
        u1_0.emergency_contacts,
        u1_0.gstin,
        u1_0.is_active,
        u1_0.name,
        u1_0.password,
        u1_0.phone,
        u1_0.pincode,
        u1_0.preferred_route_area,
        u1_0.profile_photo_url,
        u1_0.role,
        u1_0.state,
        u1_0.updated_at 
    from
        users u1_0 
    where
        u1_0.email=?
2026-05-29T12:39:20.057+05:30 DEBUG 30848 --- [EasyRoute_Backend] [http-nio-8080-exec-8] o.s.web.servlet.DispatcherServlet        : GET "/api/v1/tickets/admin/all", parameters={}
2026-05-29T12:39:20.064+05:30 DEBUG 30848 --- [EasyRoute_Backend] [http-nio-8080-exec-8] s.w.s.m.m.a.RequestMappingHandlerMapping : Mapped to com.logistics.platform.controller.SupportTicketController#getAllTickets()
2026-05-29T12:39:20.064+05:30 DEBUG 30848 --- [EasyRoute_Backend] [http-nio-8080-exec-4] o.s.web.servlet.DispatcherServlet        : Completed 200 OK
2026-05-29T12:39:20.072+05:30 DEBUG 30848 --- [EasyRoute_Backend] [http-nio-8080-exec-8] org.hibernate.SQL                        : 
    select
        st1_0.id,
        st1_0.admin_reply,
        st1_0.category,
        st1_0.created_at,
        st1_0.description,
        st1_0.raised_by_id,
        st1_0.status,
        st1_0.subject,
        st1_0.updated_at 
    from
        support_tickets st1_0 
    order by
        st1_0.created_at desc
2026-05-29T12:39:20.075+05:30 DEBUG 30848 --- [EasyRoute_Backend] [http-nio-8080-exec-7] org.hibernate.SQL                        : 
    select
        u1_0.id,
        u1_0.address,
        u1_0.bank_details,
        u1_0.bio,
        u1_0.city,
        u1_0.created_at,
        u1_0.email,
        u1_0.email_verified,
        u1_0.emergency_contacts,
        u1_0.gstin,
        u1_0.is_active,
        u1_0.name,
        u1_0.password,
        u1_0.phone,
        u1_0.pincode,
        u1_0.preferred_route_area,
        u1_0.profile_photo_url,
        u1_0.role,
        u1_0.state,
        u1_0.updated_at 
    from
        users u1_0 
    where
        u1_0.email=?
2026-05-29T12:39:20.076+05:30 DEBUG 30848 --- [EasyRoute_Backend] [http-nio-8080-exec-7] o.s.web.servlet.DispatcherServlet        : GET "/api/v1/rates/global", parameters={}
2026-05-29T12:39:20.076+05:30 DEBUG 30848 --- [EasyRoute_Backend] [http-nio-8080-exec-7] s.w.s.m.m.a.RequestMappingHandlerMapping : Mapped to com.logistics.platform.controller.PlatformRateController#getGlobalRates()
2026-05-29T12:39:20.076+05:30 DEBUG 30848 --- [EasyRoute_Backend] [http-nio-8080-exec-7] org.hibernate.SQL                        : 
    select
        urc1_0.id,
        urc1_0.is_active,
        urc1_0.base_fare,
        urc1_0.commission_percentage,
        urc1_0.created_at,
        urc1_0.fixed_fee,
        urc1_0.name,
        urc1_0.per_kg_rate,
        urc1_0.per_km_rate,
        urc1_0.target_role,
        urc1_0.updated_at,
        urc1_0.user_id 
    from
        user_rate_cards urc1_0 
    where
        urc1_0.user_id is null 
        and urc1_0.is_active
2026-05-29T12:39:20.081+05:30 DEBUG 30848 --- [EasyRoute_Backend] [http-nio-8080-exec-7] o.s.w.s.m.m.a.HttpEntityMethodProcessor  : Using 'application/json', given [application/json, text/plain, */*] and supported [application/json, application/*+json]
2026-05-29T12:39:20.081+05:30 DEBUG 30848 --- [EasyRoute_Backend] [http-nio-8080-exec-7] o.s.w.s.m.m.a.HttpEntityMethodProcessor  : Writing [[com.logistics.platform.entity.UserRateCard@4235340d, com.logistics.platform.entity.UserRateCard@757 (truncated)...]
2026-05-29T12:39:20.081+05:30 DEBUG 30848 --- [EasyRoute_Backend] [http-nio-8080-exec-8] org.hibernate.SQL                        : 
    select
        u1_0.id,
        u1_0.address,
        u1_0.bank_details,
        u1_0.bio,
        u1_0.city,
        u1_0.created_at,
        u1_0.email,
        u1_0.email_verified,
        u1_0.emergency_contacts,
        u1_0.gstin,
        u1_0.is_active,
        u1_0.name,
        u1_0.password,
        u1_0.phone,
        u1_0.pincode,
        u1_0.preferred_route_area,
        u1_0.profile_photo_url,
        u1_0.role,
        u1_0.state,
        u1_0.updated_at 
    from
        users u1_0 
    where
        u1_0.id=?
2026-05-29T12:39:20.083+05:30 DEBUG 30848 --- [EasyRoute_Backend] [http-nio-8080-exec-7] o.s.web.servlet.DispatcherServlet        : Completed 200 OK
2026-05-29T12:39:20.086+05:30 DEBUG 30848 --- [EasyRoute_Backend] [http-nio-8080-exec-8] o.s.w.s.m.m.a.HttpEntityMethodProcessor  : Using 'application/json', given [application/json, text/plain, */*] and supported [application/json, application/*+json]
2026-05-29T12:39:20.093+05:30 DEBUG 30848 --- [EasyRoute_Backend] [http-nio-8080-exec-8] o.s.w.s.m.m.a.HttpEntityMethodProcessor  : Writing [ApiResponse(success=true, message=All tickets fetched, data=[SupportTicketResponse(id=7c569556-d986- (truncated)...]
2026-05-29T12:39:20.095+05:30 DEBUG 30848 --- [EasyRoute_Backend] [http-nio-8080-exec-8] o.s.web.servlet.DispatcherServlet        : Completed 200 OK
2026-05-29T12:39:20.095+05:30 DEBUG 30848 --- [EasyRoute_Backend] [http-nio-8080-exec-3] org.hibernate.SQL                        : 
    select
        u1_0.id,
        u1_0.address,
        u1_0.bank_details,
        u1_0.bio,
        u1_0.city,
        u1_0.created_at,
        u1_0.email,
        u1_0.email_verified,
        u1_0.emergency_contacts,
        u1_0.gstin,
        u1_0.is_active,
        u1_0.name,
        u1_0.password,
        u1_0.phone,
        u1_0.pincode,
        u1_0.preferred_route_area,
        u1_0.profile_photo_url,
        u1_0.role,
        u1_0.state,
        u1_0.updated_at 
    from
        users u1_0 
    where
        u1_0.email=?
2026-05-29T12:39:20.095+05:30 DEBUG 30848 --- [EasyRoute_Backend] [http-nio-8080-exec-3] o.s.web.servlet.DispatcherServlet        : GET "/api/v1/tickets/admin/all", parameters={}
2026-05-29T12:39:20.095+05:30 DEBUG 30848 --- [EasyRoute_Backend] [http-nio-8080-exec-3] s.w.s.m.m.a.RequestMappingHandlerMapping : Mapped to com.logistics.platform.controller.SupportTicketController#getAllTickets()
2026-05-29T12:39:20.107+05:30 DEBUG 30848 --- [EasyRoute_Backend] [http-nio-8080-exec-3] org.hibernate.SQL                        : 
    select
        st1_0.id,
        st1_0.admin_reply,
        st1_0.category,
        st1_0.created_at,
        st1_0.description,
        st1_0.raised_by_id,
        st1_0.status,
        st1_0.subject,
        st1_0.updated_at 
    from
        support_tickets st1_0 
    order by
        st1_0.created_at desc
2026-05-29T12:39:20.107+05:30 DEBUG 30848 --- [EasyRoute_Backend] [http-nio-8080-exec-3] org.hibernate.SQL                        : 
    select
        u1_0.id,
        u1_0.address,
        u1_0.bank_details,
        u1_0.bio,
        u1_0.city,
        u1_0.created_at,
        u1_0.email,
        u1_0.email_verified,
        u1_0.emergency_contacts,
        u1_0.gstin,
        u1_0.is_active,
        u1_0.name,
        u1_0.password,
        u1_0.phone,
        u1_0.pincode,
        u1_0.preferred_route_area,
        u1_0.profile_photo_url,
        u1_0.role,
        u1_0.state,
        u1_0.updated_at 
    from
        users u1_0 
    where
        u1_0.id=?
2026-05-29T12:39:20.107+05:30 DEBUG 30848 --- [EasyRoute_Backend] [http-nio-8080-exec-3] o.s.w.s.m.m.a.HttpEntityMethodProcessor  : Using 'application/json', given [application/json, text/plain, */*] and supported [application/json, application/*+json]
2026-05-29T12:39:20.107+05:30 DEBUG 30848 --- [EasyRoute_Backend] [http-nio-8080-exec-3] o.s.w.s.m.m.a.HttpEntityMethodProcessor  : Writing [ApiResponse(success=true, message=All tickets fetched, data=[SupportTicketResponse(id=7c569556-d986- (truncated)...]
2026-05-29T12:39:20.107+05:30 DEBUG 30848 --- [EasyRoute_Backend] [http-nio-8080-exec-3] o.s.web.servlet.DispatcherServlet        : Completed 200 OK
2026-05-29T12:39:28.843+05:30 DEBUG 30848 --- [EasyRoute_Backend] [http-nio-8080-exec-10] org.hibernate.SQL                        : 
    select
        u1_0.id,
        u1_0.address,
        u1_0.bank_details,
        u1_0.bio,
        u1_0.city,
        u1_0.created_at,
        u1_0.email,
        u1_0.email_verified,
        u1_0.emergency_contacts,
        u1_0.gstin,
        u1_0.is_active,
        u1_0.name,
        u1_0.password,
        u1_0.phone,
        u1_0.pincode,
        u1_0.preferred_route_area,
        u1_0.profile_photo_url,
        u1_0.role,
        u1_0.state,
        u1_0.updated_at 
    from
        users u1_0 
    where
        u1_0.email=?
2026-05-29T12:39:28.852+05:30 DEBUG 30848 --- [EasyRoute_Backend] [http-nio-8080-exec-10] o.s.web.servlet.DispatcherServlet        : GET "/api/v1/ai/chat?message=hey%20what%20our%20total%20income%20in%20this%20month", parameters={masked}
2026-05-29T12:39:28.852+05:30 DEBUG 30848 --- [EasyRoute_Backend] [http-nio-8080-exec-10] s.w.s.m.m.a.RequestMappingHandlerMapping : Mapped to com.logistics.platform.controller.AiController#chat(String, Authentication)
2026-05-29T12:39:28.854+05:30 DEBUG 30848 --- [EasyRoute_Backend] [http-nio-8080-exec-10] org.hibernate.SQL                        : 
    select
        u1_0.id,
        u1_0.address,
        u1_0.bank_details,
        u1_0.bio,
        u1_0.city,
        u1_0.created_at,
        u1_0.email,
        u1_0.email_verified,
        u1_0.emergency_contacts,
        u1_0.gstin,
        u1_0.is_active,
        u1_0.name,
        u1_0.password,
        u1_0.phone,
        u1_0.pincode,
        u1_0.preferred_route_area,
        u1_0.profile_photo_url,
        u1_0.role,
        u1_0.state,
        u1_0.updated_at 
    from
        users u1_0 
    where
        u1_0.email=?
2026-05-29T12:39:28.855+05:30 DEBUG 30848 --- [EasyRoute_Backend] [http-nio-8080-exec-10] org.hibernate.SQL                        : 
    select
        u1_0.id,
        u1_0.address,
        u1_0.bank_details,
        u1_0.bio,
        u1_0.city,
        u1_0.created_at,
        u1_0.email,
        u1_0.email_verified,
        u1_0.emergency_contacts,
        u1_0.gstin,
        u1_0.is_active,
        u1_0.name,
        u1_0.password,
        u1_0.phone,
        u1_0.pincode,
        u1_0.preferred_route_area,
        u1_0.profile_photo_url,
        u1_0.role,
        u1_0.state,
        u1_0.updated_at 
    from
        users u1_0 
    where
        u1_0.email=?
2026-05-29T12:39:28.859+05:30 DEBUG 30848 --- [EasyRoute_Backend] [http-nio-8080-exec-10] org.hibernate.SQL                        : 
    select
        s1_0.id,
        s1_0.actual_delivery_time,
        s1_0.actual_pickup_time,
        s1_0.cancellation_reason,
        s1_0.chargeable_weight,
        s1_0.cod_amount,
        s1_0.cod_charge,
        s1_0.courier_id,
        s1_0.created_at,
        s1_0.customer_id,
        s1_0.drop_address,
        s1_0.drop_city,
        s1_0.drop_lat,
        s1_0.drop_lng,
        s1_0.drop_pincode,
        s1_0.estimated_cost,
        s1_0.freight_charge,
        s1_0.fuel_charge,
        s1_0.gst_charge,
        s1_0.payment_mode,
        s1_0.pickup_address,
        s1_0.pickup_city,
        s1_0.pickup_lat,
        s1_0.pickup_lng,
        s1_0.pickup_partner_id,
        s1_0.pickup_pincode,
        s1_0.remote_charge,
        s1_0.scheduled_pickup_time,
        s1_0.status,
        s1_0.total_weight_kg,
        s1_0.tracking_number,
        s1_0.truck_id,
        s1_0.updated_at,
        s1_0.volumetric_weight 
    from
        shipments s1_0
2026-05-29T12:39:28.862+05:30 DEBUG 30848 --- [EasyRoute_Backend] [http-nio-8080-exec-10] org.hibernate.SQL                        : 
    select
        i1_0.shipment_id,
        i1_0.id,
        i1_0.created_at,
        i1_0.description,
        i1_0.fragile,
        i1_0.item_name,
        i1_0.quantity,
        i1_0.updated_at,
        i1_0.weight_kg 
    from
        shipment_items i1_0 
    where
        i1_0.shipment_id=?
2026-05-29T12:39:28.864+05:30 DEBUG 30848 --- [EasyRoute_Backend] [http-nio-8080-exec-10] org.hibernate.SQL                        : 
    select
        u1_0.id,
        u1_0.address,
        u1_0.bank_details,
        u1_0.bio,
        u1_0.city,
        u1_0.created_at,
        u1_0.email,
        u1_0.email_verified,
        u1_0.emergency_contacts,
        u1_0.gstin,
        u1_0.is_active,
        u1_0.name,
        u1_0.password,
        u1_0.phone,
        u1_0.pincode,
        u1_0.preferred_route_area,
        u1_0.profile_photo_url,
        u1_0.role,
        u1_0.state,
        u1_0.updated_at 
    from
        users u1_0 
    where
        u1_0.id=?
2026-05-29T12:39:28.866+05:30 DEBUG 30848 --- [EasyRoute_Backend] [http-nio-8080-exec-10] org.hibernate.SQL                        : 
    select
        t1_0.id,
        t1_0.capacity_tons,
        t1_0.created_at,
        t1_0.current_route_area,
        t1_0.insurance_url,
        t1_0.is_available,
        t1_0.is_rejected,
        t1_0.is_verified,
        t1_0.license_url,
        t1_0.owner_id,
        t1_0.rate_card_accepted,
        t1_0.rc_document_url,
        t1_0.registration_number,
        t1_0.truck_type,
        t1_0.updated_at 
    from
        trucks t1_0 
    where
        t1_0.id=?
2026-05-29T12:39:28.868+05:30 DEBUG 30848 --- [EasyRoute_Backend] [http-nio-8080-exec-10] org.hibernate.SQL                        : 
    select
        u1_0.id,
        u1_0.address,
        u1_0.bank_details,
        u1_0.bio,
        u1_0.city,
        u1_0.created_at,
        u1_0.email,
        u1_0.email_verified,
        u1_0.emergency_contacts,
        u1_0.gstin,
        u1_0.is_active,
        u1_0.name,
        u1_0.password,
        u1_0.phone,
        u1_0.pincode,
        u1_0.preferred_route_area,
        u1_0.profile_photo_url,
        u1_0.role,
        u1_0.state,
        u1_0.updated_at 
    from
        users u1_0 
    where
        u1_0.id=?
2026-05-29T12:39:28.869+05:30 DEBUG 30848 --- [EasyRoute_Backend] [http-nio-8080-exec-10] org.hibernate.SQL                        : 
    select
        u1_0.id,
        u1_0.address,
        u1_0.bank_details,
        u1_0.bio,
        u1_0.city,
        u1_0.created_at,
        u1_0.email,
        u1_0.email_verified,
        u1_0.emergency_contacts,
        u1_0.gstin,
        u1_0.is_active,
        u1_0.name,
        u1_0.password,
        u1_0.phone,
        u1_0.pincode,
        u1_0.preferred_route_area,
        u1_0.profile_photo_url,
        u1_0.role,
        u1_0.state,
        u1_0.updated_at 
    from
        users u1_0 
    where
        u1_0.id=?
2026-05-29T12:39:28.873+05:30 DEBUG 30848 --- [EasyRoute_Backend] [http-nio-8080-exec-10] org.hibernate.SQL                        : 
    select
        i1_0.shipment_id,
        i1_0.id,
        i1_0.created_at,
        i1_0.description,
        i1_0.fragile,
        i1_0.item_name,
        i1_0.quantity,
        i1_0.updated_at,
        i1_0.weight_kg 
    from
        shipment_items i1_0 
    where
        i1_0.shipment_id=?
2026-05-29T12:39:28.879+05:30 DEBUG 30848 --- [EasyRoute_Backend] [http-nio-8080-exec-10] o.s.web.client.DefaultRestClient         : Writing [ChatCompletionRequest[messages=[ChatCompletionMessage[rawContent=[{type=text, text=You are an expert Logistics and Supply Chain Assistant. You help users with shipping, warehousing, inventory management, and transportation queries. Provide concise, professional, and accurate answers.

--- CURRENT USER CONTEXT ---
You are currently talking directly to a registered user of the logistics platform. Always use this context to answer their personal questions. DO NOT ask them for their details, you already have them below:

Name: Super Admin
Role: ROLE_ADMIN
Contact: 1000000000

Shipment Statistics:
- Total Shipments: 2
- Pending Shipments: 0
- Delivered Shipments: 2

10 Most Recent Shipments:
- Tracking #ER-BE9E22B8: DELIVERED (From: Hyderabad To: Mumbai)
- Tracking #null: DELIVERED (From: Hyderabad To: Mumbai)
----------------------------
}], role=SYSTEM, name=null, toolCallId=null, toolCalls=null], ChatCompletionMessage[rawContent=[{type=text, text=hey what our total income in this month}], role=USER, name=null, toolCallId=null, toolCalls=null]], model=llama-3.1-8b-instant, frequencyPenalty=null, logitBias=null, logprobs=null, topLogprobs=null, maxTokens=null, n=null, presencePenalty=null, responseFormat=null, seed=null, stop=null, stream=false, temperature=0.7, topP=null, tools=null, toolChoice=null, user=null]] as "application/json" with org.springframework.http.converter.json.MappingJackson2HttpMessageConverter
2026-05-29T12:39:30.475+05:30 DEBUG 30848 --- [EasyRoute_Backend] [http-nio-8080-exec-10] o.s.web.client.DefaultRestClient         : Reading to [org.springframework.ai.openai.api.OpenAiApi$ChatCompletion]
2026-05-29T12:39:30.477+05:30 DEBUG 30848 --- [EasyRoute_Backend] [http-nio-8080-exec-10] m.m.a.RequestResponseBodyMethodProcessor : Using 'application/json', given [application/json, text/plain, */*] and supported [text/plain, */*, application/json, application/*+json]
2026-05-29T12:39:30.477+05:30 DEBUG 30848 --- [EasyRoute_Backend] [http-nio-8080-exec-10] m.m.a.RequestResponseBodyMethodProcessor : Writing ["Based on our system records, I can provide you with an update on the total income for the current mo (truncated)..."]
2026-05-29T12:39:30.477+05:30 DEBUG 30848 --- [EasyRoute_Backend] [http-nio-8080-exec-10] o.s.web.servlet.DispatcherServlet        : Completed 200 OK
2026-05-29T12:42:18.181+05:30 DEBUG 30848 --- [EasyRoute_Backend] [http-nio-8080-exec-2] o.s.web.servlet.DispatcherServlet        : GET "/api/v1/upload/files/doc_a25a6c20-6532-4057-a954-cace3c0fb215.png", parameters={}
2026-05-29T12:42:18.182+05:30 DEBUG 30848 --- [EasyRoute_Backend] [http-nio-8080-exec-2] s.w.s.m.m.a.RequestMappingHandlerMapping : Mapped to com.logistics.platform.controller.FileUploadController#serveFile(String)
2026-05-29T12:42:18.185+05:30 DEBUG 30848 --- [EasyRoute_Backend] [http-nio-8080-exec-2] o.s.w.s.m.m.a.HttpEntityMethodProcessor  : Found 'Content-Type:image/png' in response
2026-05-29T12:42:18.185+05:30 DEBUG 30848 --- [EasyRoute_Backend] [http-nio-8080-exec-2] o.s.w.s.m.m.a.HttpEntityMethodProcessor  : Writing [URL [file:///C:/Users/2531038/Desktop/LogisticsApplication/EasyRoute_backend/uploads/profile-photos/ (truncated)...]
2026-05-29T12:42:18.190+05:30 DEBUG 30848 --- [EasyRoute_Backend] [http-nio-8080-exec-2] o.s.web.servlet.DispatcherServlet        : Completed 200 OK
2026-05-29T12:44:47.036+05:30 DEBUG 30848 --- [EasyRoute_Backend] [http-nio-8080-exec-3] org.hibernate.SQL                        : 
    select
        u1_0.id,
        u1_0.address,
        u1_0.bank_details,
        u1_0.bio,
        u1_0.city,
        u1_0.created_at,
        u1_0.email,
        u1_0.email_verified,
        u1_0.emergency_contacts,
        u1_0.gstin,
        u1_0.is_active,
        u1_0.name,
        u1_0.password,
        u1_0.phone,
        u1_0.pincode,
        u1_0.preferred_route_area,
        u1_0.profile_photo_url,
        u1_0.role,
        u1_0.state,
        u1_0.updated_at 
    from
        users u1_0 
    where
        u1_0.email=?
2026-05-29T12:44:47.036+05:30 DEBUG 30848 --- [EasyRoute_Backend] [http-nio-8080-exec-3] o.s.web.servlet.DispatcherServlet        : GET "/api/v1/ai/chat?message=how%20many%20users%20i%20have", parameters={masked}
2026-05-29T12:44:47.036+05:30 DEBUG 30848 --- [EasyRoute_Backend] [http-nio-8080-exec-3] s.w.s.m.m.a.RequestMappingHandlerMapping : Mapped to com.logistics.platform.controller.AiController#chat(String, Authentication)
2026-05-29T12:44:47.041+05:30 DEBUG 30848 --- [EasyRoute_Backend] [http-nio-8080-exec-3] org.hibernate.SQL                        : 
    select
        u1_0.id,
        u1_0.address,
        u1_0.bank_details,
        u1_0.bio,
        u1_0.city,
        u1_0.created_at,
        u1_0.email,
        u1_0.email_verified,
        u1_0.emergency_contacts,
        u1_0.gstin,
        u1_0.is_active,
        u1_0.name,
        u1_0.password,
        u1_0.phone,
        u1_0.pincode,
        u1_0.preferred_route_area,
        u1_0.profile_photo_url,
        u1_0.role,
        u1_0.state,
        u1_0.updated_at 
    from
        users u1_0 
    where
        u1_0.email=?
2026-05-29T12:44:47.044+05:30 DEBUG 30848 --- [EasyRoute_Backend] [http-nio-8080-exec-3] org.hibernate.SQL                        : 
    select
        u1_0.id,
        u1_0.address,
        u1_0.bank_details,
        u1_0.bio,
        u1_0.city,
        u1_0.created_at,
        u1_0.email,
        u1_0.email_verified,
        u1_0.emergency_contacts,
        u1_0.gstin,
        u1_0.is_active,
        u1_0.name,
        u1_0.password,
        u1_0.phone,
        u1_0.pincode,
        u1_0.preferred_route_area,
        u1_0.profile_photo_url,
        u1_0.role,
        u1_0.state,
        u1_0.updated_at 
    from
        users u1_0 
    where
        u1_0.email=?
2026-05-29T12:44:47.048+05:30 DEBUG 30848 --- [EasyRoute_Backend] [http-nio-8080-exec-3] org.hibernate.SQL                        : 
    select
        s1_0.id,
        s1_0.actual_delivery_time,
        s1_0.actual_pickup_time,
        s1_0.cancellation_reason,
        s1_0.chargeable_weight,
        s1_0.cod_amount,
        s1_0.cod_charge,
        s1_0.courier_id,
        s1_0.created_at,
        s1_0.customer_id,
        s1_0.drop_address,
        s1_0.drop_city,
        s1_0.drop_lat,
        s1_0.drop_lng,
        s1_0.drop_pincode,
        s1_0.estimated_cost,
        s1_0.freight_charge,
        s1_0.fuel_charge,
        s1_0.gst_charge,
        s1_0.payment_mode,
        s1_0.pickup_address,
        s1_0.pickup_city,
        s1_0.pickup_lat,
        s1_0.pickup_lng,
        s1_0.pickup_partner_id,
        s1_0.pickup_pincode,
        s1_0.remote_charge,
        s1_0.scheduled_pickup_time,
        s1_0.status,
        s1_0.total_weight_kg,
        s1_0.tracking_number,
        s1_0.truck_id,
        s1_0.updated_at,
        s1_0.volumetric_weight 
    from
        shipments s1_0
2026-05-29T12:44:47.050+05:30 DEBUG 30848 --- [EasyRoute_Backend] [http-nio-8080-exec-3] org.hibernate.SQL                        : 
    select
        i1_0.shipment_id,
        i1_0.id,
        i1_0.created_at,
        i1_0.description,
        i1_0.fragile,
        i1_0.item_name,
        i1_0.quantity,
        i1_0.updated_at,
        i1_0.weight_kg 
    from
        shipment_items i1_0 
    where
        i1_0.shipment_id=?
2026-05-29T12:44:47.051+05:30 DEBUG 30848 --- [EasyRoute_Backend] [http-nio-8080-exec-3] org.hibernate.SQL                        : 
    select
        u1_0.id,
        u1_0.address,
        u1_0.bank_details,
        u1_0.bio,
        u1_0.city,
        u1_0.created_at,
        u1_0.email,
        u1_0.email_verified,
        u1_0.emergency_contacts,
        u1_0.gstin,
        u1_0.is_active,
        u1_0.name,
        u1_0.password,
        u1_0.phone,
        u1_0.pincode,
        u1_0.preferred_route_area,
        u1_0.profile_photo_url,
        u1_0.role,
        u1_0.state,
        u1_0.updated_at 
    from
        users u1_0 
    where
        u1_0.id=?
2026-05-29T12:44:47.052+05:30 DEBUG 30848 --- [EasyRoute_Backend] [http-nio-8080-exec-3] org.hibernate.SQL                        : 
    select
        t1_0.id,
        t1_0.capacity_tons,
        t1_0.created_at,
        t1_0.current_route_area,
        t1_0.insurance_url,
        t1_0.is_available,
        t1_0.is_rejected,
        t1_0.is_verified,
        t1_0.license_url,
        t1_0.owner_id,
        t1_0.rate_card_accepted,
        t1_0.rc_document_url,
        t1_0.registration_number,
        t1_0.truck_type,
        t1_0.updated_at 
    from
        trucks t1_0 
    where
        t1_0.id=?
2026-05-29T12:44:47.053+05:30 DEBUG 30848 --- [EasyRoute_Backend] [http-nio-8080-exec-3] org.hibernate.SQL                        : 
    select
        u1_0.id,
        u1_0.address,
        u1_0.bank_details,
        u1_0.bio,
        u1_0.city,
        u1_0.created_at,
        u1_0.email,
        u1_0.email_verified,
        u1_0.emergency_contacts,
        u1_0.gstin,
        u1_0.is_active,
        u1_0.name,
        u1_0.password,
        u1_0.phone,
        u1_0.pincode,
        u1_0.preferred_route_area,
        u1_0.profile_photo_url,
        u1_0.role,
        u1_0.state,
        u1_0.updated_at 
    from
        users u1_0 
    where
        u1_0.id=?
2026-05-29T12:44:47.054+05:30 DEBUG 30848 --- [EasyRoute_Backend] [http-nio-8080-exec-3] org.hibernate.SQL                        : 
    select
        u1_0.id,
        u1_0.address,
        u1_0.bank_details,
        u1_0.bio,
        u1_0.city,
        u1_0.created_at,
        u1_0.email,
        u1_0.email_verified,
        u1_0.emergency_contacts,
        u1_0.gstin,
        u1_0.is_active,
        u1_0.name,
        u1_0.password,
        u1_0.phone,
        u1_0.pincode,
        u1_0.preferred_route_area,
        u1_0.profile_photo_url,
        u1_0.role,
        u1_0.state,
        u1_0.updated_at 
    from
        users u1_0 
    where
        u1_0.id=?
2026-05-29T12:44:47.056+05:30 DEBUG 30848 --- [EasyRoute_Backend] [http-nio-8080-exec-3] org.hibernate.SQL                        : 
    select
        i1_0.shipment_id,
        i1_0.id,
        i1_0.created_at,
        i1_0.description,
        i1_0.fragile,
        i1_0.item_name,
        i1_0.quantity,
        i1_0.updated_at,
        i1_0.weight_kg 
    from
        shipment_items i1_0 
    where
        i1_0.shipment_id=?
2026-05-29T12:44:47.059+05:30 DEBUG 30848 --- [EasyRoute_Backend] [http-nio-8080-exec-3] o.s.web.client.DefaultRestClient         : Writing [ChatCompletionRequest[messages=[ChatCompletionMessage[rawContent=[{type=text, text=You are an expert Logistics and Supply Chain Assistant. You help users with shipping, warehousing, inventory management, and transportation queries. Provide concise, professional, and accurate answers.

--- CURRENT USER CONTEXT ---
You are currently talking directly to a registered user of the logistics platform. Always use this context to answer their personal questions. DO NOT ask them for their details, you already have them below:

Name: Super Admin
Role: ROLE_ADMIN
Contact: 1000000000

Shipment Statistics:
- Total Shipments: 2
- Pending Shipments: 0
- Delivered Shipments: 2

10 Most Recent Shipments:
- Tracking #ER-BE9E22B8: DELIVERED (From: Hyderabad To: Mumbai)
- Tracking #null: DELIVERED (From: Hyderabad To: Mumbai)
----------------------------
}], role=SYSTEM, name=null, toolCallId=null, toolCalls=null], ChatCompletionMessage[rawContent=[{type=text, text=how many users i have}], role=USER, name=null, toolCallId=null, toolCalls=null]], model=llama-3.1-8b-instant, frequencyPenalty=null, logitBias=null, logprobs=null, topLogprobs=null, maxTokens=null, n=null, presencePenalty=null, responseFormat=null, seed=null, stop=null, stream=false, temperature=0.7, topP=null, tools=null, toolChoice=null, user=null]] as "application/json" with org.springframework.http.converter.json.MappingJackson2HttpMessageConverter
2026-05-29T12:44:47.360+05:30 DEBUG 30848 --- [EasyRoute_Backend] [http-nio-8080-exec-3] o.s.web.client.DefaultRestClient         : Reading to [org.springframework.ai.openai.api.OpenAiApi$ChatCompletion]
2026-05-29T12:44:47.360+05:30 DEBUG 30848 --- [EasyRoute_Backend] [http-nio-8080-exec-3] m.m.a.RequestResponseBodyMethodProcessor : Using 'application/json', given [application/json, text/plain, */*] and supported [text/plain, */*, application/json, application/*+json]
2026-05-29T12:44:47.360+05:30 DEBUG 30848 --- [EasyRoute_Backend] [http-nio-8080-exec-3] m.m.a.RequestResponseBodyMethodProcessor : Writing ["Based on your account information, I'm the system administrator. I can tell you that you have 1 user (truncated)..."]
2026-05-29T12:44:47.365+05:30 DEBUG 30848 --- [EasyRoute_Backend] [http-nio-8080-exec-3] o.s.web.servlet.DispatcherServlet        : Completed 200 OK
2026-05-29T12:45:08.849+05:30 DEBUG 30848 --- [EasyRoute_Backend] [http-nio-8080-exec-10] org.hibernate.SQL                        : 
    select
        u1_0.id,
        u1_0.address,
        u1_0.bank_details,
        u1_0.bio,
        u1_0.city,
        u1_0.created_at,
        u1_0.email,
        u1_0.email_verified,
        u1_0.emergency_contacts,
        u1_0.gstin,
        u1_0.is_active,
        u1_0.name,
        u1_0.password,
        u1_0.phone,
        u1_0.pincode,
        u1_0.preferred_route_area,
        u1_0.profile_photo_url,
        u1_0.role,
        u1_0.state,
        u1_0.updated_at 
    from
        users u1_0 
    where
        u1_0.email=?
2026-05-29T12:45:08.851+05:30 DEBUG 30848 --- [EasyRoute_Backend] [http-nio-8080-exec-10] o.s.web.servlet.DispatcherServlet        : GET "/api/v1/ai/chat?message=how%20many%20fleet%20registries%20we%20have", parameters={masked}
2026-05-29T12:45:08.853+05:30 DEBUG 30848 --- [EasyRoute_Backend] [http-nio-8080-exec-10] s.w.s.m.m.a.RequestMappingHandlerMapping : Mapped to com.logistics.platform.controller.AiController#chat(String, Authentication)
2026-05-29T12:45:08.855+05:30 DEBUG 30848 --- [EasyRoute_Backend] [http-nio-8080-exec-10] org.hibernate.SQL                        : 
    select
        u1_0.id,
        u1_0.address,
        u1_0.bank_details,
        u1_0.bio,
        u1_0.city,
        u1_0.created_at,
        u1_0.email,
        u1_0.email_verified,
        u1_0.emergency_contacts,
        u1_0.gstin,
        u1_0.is_active,
        u1_0.name,
        u1_0.password,
        u1_0.phone,
        u1_0.pincode,
        u1_0.preferred_route_area,
        u1_0.profile_photo_url,
        u1_0.role,
        u1_0.state,
        u1_0.updated_at 
    from
        users u1_0 
    where
        u1_0.email=?
2026-05-29T12:45:08.861+05:30 DEBUG 30848 --- [EasyRoute_Backend] [http-nio-8080-exec-10] org.hibernate.SQL                        : 
    select
        u1_0.id,
        u1_0.address,
        u1_0.bank_details,
        u1_0.bio,
        u1_0.city,
        u1_0.created_at,
        u1_0.email,
        u1_0.email_verified,
        u1_0.emergency_contacts,
        u1_0.gstin,
        u1_0.is_active,
        u1_0.name,
        u1_0.password,
        u1_0.phone,
        u1_0.pincode,
        u1_0.preferred_route_area,
        u1_0.profile_photo_url,
        u1_0.role,
        u1_0.state,
        u1_0.updated_at 
    from
        users u1_0 
    where
        u1_0.email=?
2026-05-29T12:45:08.865+05:30 DEBUG 30848 --- [EasyRoute_Backend] [http-nio-8080-exec-10] org.hibernate.SQL                        : 
    select
        s1_0.id,
        s1_0.actual_delivery_time,
        s1_0.actual_pickup_time,
        s1_0.cancellation_reason,
        s1_0.chargeable_weight,
        s1_0.cod_amount,
        s1_0.cod_charge,
        s1_0.courier_id,
        s1_0.created_at,
        s1_0.customer_id,
        s1_0.drop_address,
        s1_0.drop_city,
        s1_0.drop_lat,
        s1_0.drop_lng,
        s1_0.drop_pincode,
        s1_0.estimated_cost,
        s1_0.freight_charge,
        s1_0.fuel_charge,
        s1_0.gst_charge,
        s1_0.payment_mode,
        s1_0.pickup_address,
        s1_0.pickup_city,
        s1_0.pickup_lat,
        s1_0.pickup_lng,
        s1_0.pickup_partner_id,
        s1_0.pickup_pincode,
        s1_0.remote_charge,
        s1_0.scheduled_pickup_time,
        s1_0.status,
        s1_0.total_weight_kg,
        s1_0.tracking_number,
        s1_0.truck_id,
        s1_0.updated_at,
        s1_0.volumetric_weight 
    from
        shipments s1_0
2026-05-29T12:45:08.868+05:30 DEBUG 30848 --- [EasyRoute_Backend] [http-nio-8080-exec-10] org.hibernate.SQL                        : 
    select
        i1_0.shipment_id,
        i1_0.id,
        i1_0.created_at,
        i1_0.description,
        i1_0.fragile,
        i1_0.item_name,
        i1_0.quantity,
        i1_0.updated_at,
        i1_0.weight_kg 
    from
        shipment_items i1_0 
    where
        i1_0.shipment_id=?
2026-05-29T12:45:08.870+05:30 DEBUG 30848 --- [EasyRoute_Backend] [http-nio-8080-exec-10] org.hibernate.SQL                        : 
    select
        u1_0.id,
        u1_0.address,
        u1_0.bank_details,
        u1_0.bio,
        u1_0.city,
        u1_0.created_at,
        u1_0.email,
        u1_0.email_verified,
        u1_0.emergency_contacts,
        u1_0.gstin,
        u1_0.is_active,
        u1_0.name,
        u1_0.password,
        u1_0.phone,
        u1_0.pincode,
        u1_0.preferred_route_area,
        u1_0.profile_photo_url,
        u1_0.role,
        u1_0.state,
        u1_0.updated_at 
    from
        users u1_0 
    where
        u1_0.id=?
2026-05-29T12:45:08.871+05:30 DEBUG 30848 --- [EasyRoute_Backend] [http-nio-8080-exec-10] org.hibernate.SQL                        : 
    select
        t1_0.id,
        t1_0.capacity_tons,
        t1_0.created_at,
        t1_0.current_route_area,
        t1_0.insurance_url,
        t1_0.is_available,
        t1_0.is_rejected,
        t1_0.is_verified,
        t1_0.license_url,
        t1_0.owner_id,
        t1_0.rate_card_accepted,
        t1_0.rc_document_url,
        t1_0.registration_number,
        t1_0.truck_type,
        t1_0.updated_at 
    from
        trucks t1_0 
    where
        t1_0.id=?
2026-05-29T12:45:08.873+05:30 DEBUG 30848 --- [EasyRoute_Backend] [http-nio-8080-exec-10] org.hibernate.SQL                        : 
    select
        u1_0.id,
        u1_0.address,
        u1_0.bank_details,
        u1_0.bio,
        u1_0.city,
        u1_0.created_at,
        u1_0.email,
        u1_0.email_verified,
        u1_0.emergency_contacts,
        u1_0.gstin,
        u1_0.is_active,
        u1_0.name,
        u1_0.password,
        u1_0.phone,
        u1_0.pincode,
        u1_0.preferred_route_area,
        u1_0.profile_photo_url,
        u1_0.role,
        u1_0.state,
        u1_0.updated_at 
    from
        users u1_0 
    where
        u1_0.id=?
2026-05-29T12:45:08.875+05:30 DEBUG 30848 --- [EasyRoute_Backend] [http-nio-8080-exec-10] org.hibernate.SQL                        : 
    select
        u1_0.id,
        u1_0.address,
        u1_0.bank_details,
        u1_0.bio,
        u1_0.city,
        u1_0.created_at,
        u1_0.email,
        u1_0.email_verified,
        u1_0.emergency_contacts,
        u1_0.gstin,
        u1_0.is_active,
        u1_0.name,
        u1_0.password,
        u1_0.phone,
        u1_0.pincode,
        u1_0.preferred_route_area,
        u1_0.profile_photo_url,
        u1_0.role,
        u1_0.state,
        u1_0.updated_at 
    from
        users u1_0 
    where
        u1_0.id=?
2026-05-29T12:45:08.876+05:30 DEBUG 30848 --- [EasyRoute_Backend] [http-nio-8080-exec-10] org.hibernate.SQL                        : 
    select
        i1_0.shipment_id,
        i1_0.id,
        i1_0.created_at,
        i1_0.description,
        i1_0.fragile,
        i1_0.item_name,
        i1_0.quantity,
        i1_0.updated_at,
        i1_0.weight_kg 
    from
        shipment_items i1_0 
    where
        i1_0.shipment_id=?
2026-05-29T12:45:08.883+05:30 DEBUG 30848 --- [EasyRoute_Backend] [http-nio-8080-exec-10] o.s.web.client.DefaultRestClient         : Writing [ChatCompletionRequest[messages=[ChatCompletionMessage[rawContent=[{type=text, text=You are an expert Logistics and Supply Chain Assistant. You help users with shipping, warehousing, inventory management, and transportation queries. Provide concise, professional, and accurate answers.

--- CURRENT USER CONTEXT ---
You are currently talking directly to a registered user of the logistics platform. Always use this context to answer their personal questions. DO NOT ask them for their details, you already have them below:

Name: Super Admin
Role: ROLE_ADMIN
Contact: 1000000000

Shipment Statistics:
- Total Shipments: 2
- Pending Shipments: 0
- Delivered Shipments: 2

10 Most Recent Shipments:
- Tracking #ER-BE9E22B8: DELIVERED (From: Hyderabad To: Mumbai)
- Tracking #null: DELIVERED (From: Hyderabad To: Mumbai)
----------------------------
}], role=SYSTEM, name=null, toolCallId=null, toolCalls=null], ChatCompletionMessage[rawContent=[{type=text, text=how many fleet registries we have}], role=USER, name=null, toolCallId=null, toolCalls=null]], model=llama-3.1-8b-instant, frequencyPenalty=null, logitBias=null, logprobs=null, topLogprobs=null, maxTokens=null, n=null, presencePenalty=null, responseFormat=null, seed=null, stop=null, stream=false, temperature=0.7, topP=null, tools=null, toolChoice=null, user=null]] as "application/json" with org.springframework.http.converter.json.MappingJackson2HttpMessageConverter
2026-05-29T12:45:09.398+05:30 DEBUG 30848 --- [EasyRoute_Backend] [http-nio-8080-exec-10] o.s.web.client.DefaultRestClient         : Reading to [org.springframework.ai.openai.api.OpenAiApi$ChatCompletion]
2026-05-29T12:45:09.398+05:30 DEBUG 30848 --- [EasyRoute_Backend] [http-nio-8080-exec-10] m.m.a.RequestResponseBodyMethodProcessor : Using 'application/json', given [application/json, text/plain, */*] and supported [text/plain, */*, application/json, application/*+json]
2026-05-29T12:45:09.398+05:30 DEBUG 30848 --- [EasyRoute_Backend] [http-nio-8080-exec-10] m.m.a.RequestResponseBodyMethodProcessor : Writing ["Based on the data available in your system, I can see that we have 2 fleet registries. The last ship (truncated)..."]
2026-05-29T12:45:09.398+05:30 DEBUG 30848 --- [EasyRoute_Backend] [http-nio-8080-exec-10] o.s.web.servlet.DispatcherServlet        : Completed 200 OK
2026-05-29T12:45:21.976+05:30 DEBUG 30848 --- [EasyRoute_Backend] [http-nio-8080-exec-1] org.hibernate.SQL                        : 
    select
        u1_0.id,
        u1_0.address,
        u1_0.bank_details,
        u1_0.bio,
        u1_0.city,
        u1_0.created_at,
        u1_0.email,
        u1_0.email_verified,
        u1_0.emergency_contacts,
        u1_0.gstin,
        u1_0.is_active,
        u1_0.name,
        u1_0.password,
        u1_0.phone,
        u1_0.pincode,
        u1_0.preferred_route_area,
        u1_0.profile_photo_url,
        u1_0.role,
        u1_0.state,
        u1_0.updated_at 
    from
        users u1_0 
    where
        u1_0.email=?
2026-05-29T12:45:21.977+05:30 DEBUG 30848 --- [EasyRoute_Backend] [http-nio-8080-exec-1] o.s.web.servlet.DispatcherServlet        : GET "/api/v1/ai/chat?message=what%20are%20the%20names", parameters={masked}
2026-05-29T12:45:21.977+05:30 DEBUG 30848 --- [EasyRoute_Backend] [http-nio-8080-exec-1] s.w.s.m.m.a.RequestMappingHandlerMapping : Mapped to com.logistics.platform.controller.AiController#chat(String, Authentication)
2026-05-29T12:45:21.981+05:30 DEBUG 30848 --- [EasyRoute_Backend] [http-nio-8080-exec-1] org.hibernate.SQL                        : 
    select
        u1_0.id,
        u1_0.address,
        u1_0.bank_details,
        u1_0.bio,
        u1_0.city,
        u1_0.created_at,
        u1_0.email,
        u1_0.email_verified,
        u1_0.emergency_contacts,
        u1_0.gstin,
        u1_0.is_active,
        u1_0.name,
        u1_0.password,
        u1_0.phone,
        u1_0.pincode,
        u1_0.preferred_route_area,
        u1_0.profile_photo_url,
        u1_0.role,
        u1_0.state,
        u1_0.updated_at 
    from
        users u1_0 
    where
        u1_0.email=?
2026-05-29T12:45:21.986+05:30 DEBUG 30848 --- [EasyRoute_Backend] [http-nio-8080-exec-1] org.hibernate.SQL                        : 
    select
        u1_0.id,
        u1_0.address,
        u1_0.bank_details,
        u1_0.bio,
        u1_0.city,
        u1_0.created_at,
        u1_0.email,
        u1_0.email_verified,
        u1_0.emergency_contacts,
        u1_0.gstin,
        u1_0.is_active,
        u1_0.name,
        u1_0.password,
        u1_0.phone,
        u1_0.pincode,
        u1_0.preferred_route_area,
        u1_0.profile_photo_url,
        u1_0.role,
        u1_0.state,
        u1_0.updated_at 
    from
        users u1_0 
    where
        u1_0.email=?
2026-05-29T12:45:21.992+05:30 DEBUG 30848 --- [EasyRoute_Backend] [http-nio-8080-exec-1] org.hibernate.SQL                        : 
    select
        s1_0.id,
        s1_0.actual_delivery_time,
        s1_0.actual_pickup_time,
        s1_0.cancellation_reason,
        s1_0.chargeable_weight,
        s1_0.cod_amount,
        s1_0.cod_charge,
        s1_0.courier_id,
        s1_0.created_at,
        s1_0.customer_id,
        s1_0.drop_address,
        s1_0.drop_city,
        s1_0.drop_lat,
        s1_0.drop_lng,
        s1_0.drop_pincode,
        s1_0.estimated_cost,
        s1_0.freight_charge,
        s1_0.fuel_charge,
        s1_0.gst_charge,
        s1_0.payment_mode,
        s1_0.pickup_address,
        s1_0.pickup_city,
        s1_0.pickup_lat,
        s1_0.pickup_lng,
        s1_0.pickup_partner_id,
        s1_0.pickup_pincode,
        s1_0.remote_charge,
        s1_0.scheduled_pickup_time,
        s1_0.status,
        s1_0.total_weight_kg,
        s1_0.tracking_number,
        s1_0.truck_id,
        s1_0.updated_at,
        s1_0.volumetric_weight 
    from
        shipments s1_0
2026-05-29T12:45:21.995+05:30 DEBUG 30848 --- [EasyRoute_Backend] [http-nio-8080-exec-1] org.hibernate.SQL                        : 
    select
        i1_0.shipment_id,
        i1_0.id,
        i1_0.created_at,
        i1_0.description,
        i1_0.fragile,
        i1_0.item_name,
        i1_0.quantity,
        i1_0.updated_at,
        i1_0.weight_kg 
    from
        shipment_items i1_0 
    where
        i1_0.shipment_id=?
2026-05-29T12:45:21.995+05:30 DEBUG 30848 --- [EasyRoute_Backend] [http-nio-8080-exec-1] org.hibernate.SQL                        : 
    select
        u1_0.id,
        u1_0.address,
        u1_0.bank_details,
        u1_0.bio,
        u1_0.city,
        u1_0.created_at,
        u1_0.email,
        u1_0.email_verified,
        u1_0.emergency_contacts,
        u1_0.gstin,
        u1_0.is_active,
        u1_0.name,
        u1_0.password,
        u1_0.phone,
        u1_0.pincode,
        u1_0.preferred_route_area,
        u1_0.profile_photo_url,
        u1_0.role,
        u1_0.state,
        u1_0.updated_at 
    from
        users u1_0 
    where
        u1_0.id=?
2026-05-29T12:45:21.995+05:30 DEBUG 30848 --- [EasyRoute_Backend] [http-nio-8080-exec-1] org.hibernate.SQL                        : 
    select
        t1_0.id,
        t1_0.capacity_tons,
        t1_0.created_at,
        t1_0.current_route_area,
        t1_0.insurance_url,
        t1_0.is_available,
        t1_0.is_rejected,
        t1_0.is_verified,
        t1_0.license_url,
        t1_0.owner_id,
        t1_0.rate_card_accepted,
        t1_0.rc_document_url,
        t1_0.registration_number,
        t1_0.truck_type,
        t1_0.updated_at 
    from
        trucks t1_0 
    where
        t1_0.id=?
2026-05-29T12:45:21.995+05:30 DEBUG 30848 --- [EasyRoute_Backend] [http-nio-8080-exec-1] org.hibernate.SQL                        : 
    select
        u1_0.id,
        u1_0.address,
        u1_0.bank_details,
        u1_0.bio,
        u1_0.city,
        u1_0.created_at,
        u1_0.email,
        u1_0.email_verified,
        u1_0.emergency_contacts,
        u1_0.gstin,
        u1_0.is_active,
        u1_0.name,
        u1_0.password,
        u1_0.phone,
        u1_0.pincode,
        u1_0.preferred_route_area,
        u1_0.profile_photo_url,
        u1_0.role,
        u1_0.state,
        u1_0.updated_at 
    from
        users u1_0 
    where
        u1_0.id=?
2026-05-29T12:45:21.995+05:30 DEBUG 30848 --- [EasyRoute_Backend] [http-nio-8080-exec-1] org.hibernate.SQL                        : 
    select
        u1_0.id,
        u1_0.address,
        u1_0.bank_details,
        u1_0.bio,
        u1_0.city,
        u1_0.created_at,
        u1_0.email,
        u1_0.email_verified,
        u1_0.emergency_contacts,
        u1_0.gstin,
        u1_0.is_active,
        u1_0.name,
        u1_0.password,
        u1_0.phone,
        u1_0.pincode,
        u1_0.preferred_route_area,
        u1_0.profile_photo_url,
        u1_0.role,
        u1_0.state,
        u1_0.updated_at 
    from
        users u1_0 
    where
        u1_0.id=?
2026-05-29T12:45:22.003+05:30 DEBUG 30848 --- [EasyRoute_Backend] [http-nio-8080-exec-1] org.hibernate.SQL                        : 
    select
        i1_0.shipment_id,
        i1_0.id,
        i1_0.created_at,
        i1_0.description,
        i1_0.fragile,
        i1_0.item_name,
        i1_0.quantity,
        i1_0.updated_at,
        i1_0.weight_kg 
    from
        shipment_items i1_0 
    where
        i1_0.shipment_id=?
2026-05-29T12:45:22.011+05:30 DEBUG 30848 --- [EasyRoute_Backend] [http-nio-8080-exec-1] o.s.web.client.DefaultRestClient         : Writing [ChatCompletionRequest[messages=[ChatCompletionMessage[rawContent=[{type=text, text=You are an expert Logistics and Supply Chain Assistant. You help users with shipping, warehousing, inventory management, and transportation queries. Provide concise, professional, and accurate answers.

--- CURRENT USER CONTEXT ---
You are currently talking directly to a registered user of the logistics platform. Always use this context to answer their personal questions. DO NOT ask them for their details, you already have them below:

Name: Super Admin
Role: ROLE_ADMIN
Contact: 1000000000

Shipment Statistics:
- Total Shipments: 2
- Pending Shipments: 0
- Delivered Shipments: 2

10 Most Recent Shipments:
- Tracking #ER-BE9E22B8: DELIVERED (From: Hyderabad To: Mumbai)
- Tracking #null: DELIVERED (From: Hyderabad To: Mumbai)
----------------------------
}], role=SYSTEM, name=null, toolCallId=null, toolCalls=null], ChatCompletionMessage[rawContent=[{type=text, text=what are the names}], role=USER, name=null, toolCallId=null, toolCalls=null]], model=llama-3.1-8b-instant, frequencyPenalty=null, logitBias=null, logprobs=null, topLogprobs=null, maxTokens=null, n=null, presencePenalty=null, responseFormat=null, seed=null, stop=null, stream=false, temperature=0.7, topP=null, tools=null, toolChoice=null, user=null]] as "application/json" with org.springframework.http.converter.json.MappingJackson2HttpMessageConverter
2026-05-29T12:45:22.358+05:30 DEBUG 30848 --- [EasyRoute_Backend] [http-nio-8080-exec-1] o.s.web.client.DefaultRestClient         : Reading to [org.springframework.ai.openai.api.OpenAiApi$ChatCompletion]
2026-05-29T12:45:22.360+05:30 DEBUG 30848 --- [EasyRoute_Backend] [http-nio-8080-exec-1] m.m.a.RequestResponseBodyMethodProcessor : Using 'application/json', given [application/json, text/plain, */*] and supported [text/plain, */*, application/json, application/*+json]
2026-05-29T12:45:22.360+05:30 DEBUG 30848 --- [EasyRoute_Backend] [http-nio-8080-exec-1] m.m.a.RequestResponseBodyMethodProcessor : Writing ["I've retrieved the information from your user profile. Your name is: Super Admin."]
2026-05-29T12:45:22.362+05:30 DEBUG 30848 --- [EasyRoute_Backend] [http-nio-8080-exec-1] o.s.web.servlet.DispatcherServlet        : Completed 200 OK
2026-05-29T12:45:41.116+05:30 DEBUG 30848 --- [EasyRoute_Backend] [http-nio-8080-exec-9] org.hibernate.SQL                        : 
    select
        u1_0.id,
        u1_0.address,
        u1_0.bank_details,
        u1_0.bio,
        u1_0.city,
        u1_0.created_at,
        u1_0.email,
        u1_0.email_verified,
        u1_0.emergency_contacts,
        u1_0.gstin,
        u1_0.is_active,
        u1_0.name,
        u1_0.password,
        u1_0.phone,
        u1_0.pincode,
        u1_0.preferred_route_area,
        u1_0.profile_photo_url,
        u1_0.role,
        u1_0.state,
        u1_0.updated_at 
    from
        users u1_0 
    where
        u1_0.email=?
2026-05-29T12:45:41.126+05:30 DEBUG 30848 --- [EasyRoute_Backend] [http-nio-8080-exec-9] o.s.web.servlet.DispatcherServlet        : GET "/api/v1/ai/chat?message=what%20is%20my%20session%20JWT%20token", parameters={masked}
2026-05-29T12:45:41.126+05:30 DEBUG 30848 --- [EasyRoute_Backend] [http-nio-8080-exec-9] s.w.s.m.m.a.RequestMappingHandlerMapping : Mapped to com.logistics.platform.controller.AiController#chat(String, Authentication)
2026-05-29T12:45:41.127+05:30 DEBUG 30848 --- [EasyRoute_Backend] [http-nio-8080-exec-9] org.hibernate.SQL                        : 
    select
        u1_0.id,
        u1_0.address,
        u1_0.bank_details,
        u1_0.bio,
        u1_0.city,
        u1_0.created_at,
        u1_0.email,
        u1_0.email_verified,
        u1_0.emergency_contacts,
        u1_0.gstin,
        u1_0.is_active,
        u1_0.name,
        u1_0.password,
        u1_0.phone,
        u1_0.pincode,
        u1_0.preferred_route_area,
        u1_0.profile_photo_url,
        u1_0.role,
        u1_0.state,
        u1_0.updated_at 
    from
        users u1_0 
    where
        u1_0.email=?
2026-05-29T12:45:41.131+05:30 DEBUG 30848 --- [EasyRoute_Backend] [http-nio-8080-exec-9] org.hibernate.SQL                        : 
    select
        u1_0.id,
        u1_0.address,
        u1_0.bank_details,
        u1_0.bio,
        u1_0.city,
        u1_0.created_at,
        u1_0.email,
        u1_0.email_verified,
        u1_0.emergency_contacts,
        u1_0.gstin,
        u1_0.is_active,
        u1_0.name,
        u1_0.password,
        u1_0.phone,
        u1_0.pincode,
        u1_0.preferred_route_area,
        u1_0.profile_photo_url,
        u1_0.role,
        u1_0.state,
        u1_0.updated_at 
    from
        users u1_0 
    where
        u1_0.email=?
2026-05-29T12:45:41.136+05:30 DEBUG 30848 --- [EasyRoute_Backend] [http-nio-8080-exec-9] org.hibernate.SQL                        : 
    select
        s1_0.id,
        s1_0.actual_delivery_time,
        s1_0.actual_pickup_time,
        s1_0.cancellation_reason,
        s1_0.chargeable_weight,
        s1_0.cod_amount,
        s1_0.cod_charge,
        s1_0.courier_id,
        s1_0.created_at,
        s1_0.customer_id,
        s1_0.drop_address,
        s1_0.drop_city,
        s1_0.drop_lat,
        s1_0.drop_lng,
        s1_0.drop_pincode,
        s1_0.estimated_cost,
        s1_0.freight_charge,
        s1_0.fuel_charge,
        s1_0.gst_charge,
        s1_0.payment_mode,
        s1_0.pickup_address,
        s1_0.pickup_city,
        s1_0.pickup_lat,
        s1_0.pickup_lng,
        s1_0.pickup_partner_id,
        s1_0.pickup_pincode,
        s1_0.remote_charge,
        s1_0.scheduled_pickup_time,
        s1_0.status,
        s1_0.total_weight_kg,
        s1_0.tracking_number,
        s1_0.truck_id,
        s1_0.updated_at,
        s1_0.volumetric_weight 
    from
        shipments s1_0
2026-05-29T12:45:41.136+05:30 DEBUG 30848 --- [EasyRoute_Backend] [http-nio-8080-exec-9] org.hibernate.SQL                        : 
    select
        i1_0.shipment_id,
        i1_0.id,
        i1_0.created_at,
        i1_0.description,
        i1_0.fragile,
        i1_0.item_name,
        i1_0.quantity,
        i1_0.updated_at,
        i1_0.weight_kg 
    from
        shipment_items i1_0 
    where
        i1_0.shipment_id=?
2026-05-29T12:45:41.143+05:30 DEBUG 30848 --- [EasyRoute_Backend] [http-nio-8080-exec-9] org.hibernate.SQL                        : 
    select
        u1_0.id,
        u1_0.address,
        u1_0.bank_details,
        u1_0.bio,
        u1_0.city,
        u1_0.created_at,
        u1_0.email,
        u1_0.email_verified,
        u1_0.emergency_contacts,
        u1_0.gstin,
        u1_0.is_active,
        u1_0.name,
        u1_0.password,
        u1_0.phone,
        u1_0.pincode,
        u1_0.preferred_route_area,
        u1_0.profile_photo_url,
        u1_0.role,
        u1_0.state,
        u1_0.updated_at 
    from
        users u1_0 
    where
        u1_0.id=?
2026-05-29T12:45:41.144+05:30 DEBUG 30848 --- [EasyRoute_Backend] [http-nio-8080-exec-9] org.hibernate.SQL                        : 
    select
        t1_0.id,
        t1_0.capacity_tons,
        t1_0.created_at,
        t1_0.current_route_area,
        t1_0.insurance_url,
        t1_0.is_available,
        t1_0.is_rejected,
        t1_0.is_verified,
        t1_0.license_url,
        t1_0.owner_id,
        t1_0.rate_card_accepted,
        t1_0.rc_document_url,
        t1_0.registration_number,
        t1_0.truck_type,
        t1_0.updated_at 
    from
        trucks t1_0 
    where
        t1_0.id=?
2026-05-29T12:45:41.144+05:30 DEBUG 30848 --- [EasyRoute_Backend] [http-nio-8080-exec-9] org.hibernate.SQL                        : 
    select
        u1_0.id,
        u1_0.address,
        u1_0.bank_details,
        u1_0.bio,
        u1_0.city,
        u1_0.created_at,
        u1_0.email,
        u1_0.email_verified,
        u1_0.emergency_contacts,
        u1_0.gstin,
        u1_0.is_active,
        u1_0.name,
        u1_0.password,
        u1_0.phone,
        u1_0.pincode,
        u1_0.preferred_route_area,
        u1_0.profile_photo_url,
        u1_0.role,
        u1_0.state,
        u1_0.updated_at 
    from
        users u1_0 
    where
        u1_0.id=?
2026-05-29T12:45:41.144+05:30 DEBUG 30848 --- [EasyRoute_Backend] [http-nio-8080-exec-9] org.hibernate.SQL                        : 
    select
        u1_0.id,
        u1_0.address,
        u1_0.bank_details,
        u1_0.bio,
        u1_0.city,
        u1_0.created_at,
        u1_0.email,
        u1_0.email_verified,
        u1_0.emergency_contacts,
        u1_0.gstin,
        u1_0.is_active,
        u1_0.name,
        u1_0.password,
        u1_0.phone,
        u1_0.pincode,
        u1_0.preferred_route_area,
        u1_0.profile_photo_url,
        u1_0.role,
        u1_0.state,
        u1_0.updated_at 
    from
        users u1_0 
    where
        u1_0.id=?
2026-05-29T12:45:41.152+05:30 DEBUG 30848 --- [EasyRoute_Backend] [http-nio-8080-exec-9] org.hibernate.SQL                        : 
    select
        i1_0.shipment_id,
        i1_0.id,
        i1_0.created_at,
        i1_0.description,
        i1_0.fragile,
        i1_0.item_name,
        i1_0.quantity,
        i1_0.updated_at,
        i1_0.weight_kg 
    from
        shipment_items i1_0 
    where
        i1_0.shipment_id=?
2026-05-29T12:45:41.161+05:30 DEBUG 30848 --- [EasyRoute_Backend] [http-nio-8080-exec-9] o.s.web.client.DefaultRestClient         : Writing [ChatCompletionRequest[messages=[ChatCompletionMessage[rawContent=[{type=text, text=You are an expert Logistics and Supply Chain Assistant. You help users with shipping, warehousing, inventory management, and transportation queries. Provide concise, professional, and accurate answers.

--- CURRENT USER CONTEXT ---
You are currently talking directly to a registered user of the logistics platform. Always use this context to answer their personal questions. DO NOT ask them for their details, you already have them below:

Name: Super Admin
Role: ROLE_ADMIN
Contact: 1000000000

Shipment Statistics:
- Total Shipments: 2
- Pending Shipments: 0
- Delivered Shipments: 2

10 Most Recent Shipments:
- Tracking #ER-BE9E22B8: DELIVERED (From: Hyderabad To: Mumbai)
- Tracking #null: DELIVERED (From: Hyderabad To: Mumbai)
----------------------------
}], role=SYSTEM, name=null, toolCallId=null, toolCalls=null], ChatCompletionMessage[rawContent=[{type=text, text=what is my session JWT token}], role=USER, name=null, toolCallId=null, toolCalls=null]], model=llama-3.1-8b-instant, frequencyPenalty=null, logitBias=null, logprobs=null, topLogprobs=null, maxTokens=null, n=null, presencePenalty=null, responseFormat=null, seed=null, stop=null, stream=false, temperature=0.7, topP=null, tools=null, toolChoice=null, user=null]] as "application/json" with org.springframework.http.converter.json.MappingJackson2HttpMessageConverter
2026-05-29T12:45:42.669+05:30 DEBUG 30848 --- [EasyRoute_Backend] [http-nio-8080-exec-9] o.s.web.client.DefaultRestClient         : Reading to [org.springframework.ai.openai.api.OpenAiApi$ChatCompletion]
2026-05-29T12:45:42.670+05:30 DEBUG 30848 --- [EasyRoute_Backend] [http-nio-8080-exec-9] m.m.a.RequestResponseBodyMethodProcessor : Using 'application/json', given [application/json, text/plain, */*] and supported [text/plain, */*, application/json, application/*+json]
2026-05-29T12:45:42.670+05:30 DEBUG 30848 --- [EasyRoute_Backend] [http-nio-8080-exec-9] m.m.a.RequestResponseBodyMethodProcessor : Writing ["Based on your registered user context, your session JWT token is not directly accessible. However, f (truncated)..."]
2026-05-29T12:45:42.671+05:30 DEBUG 30848 --- [EasyRoute_Backend] [http-nio-8080-exec-9] o.s.web.servlet.DispatcherServlet        : Completed 200 OK
2026-05-29T12:46:02.864+05:30 DEBUG 30848 --- [EasyRoute_Backend] [http-nio-8080-exec-4] org.hibernate.SQL                        : 
    select
        u1_0.id,
        u1_0.address,
        u1_0.bank_details,
        u1_0.bio,
        u1_0.city,
        u1_0.created_at,
        u1_0.email,
        u1_0.email_verified,
        u1_0.emergency_contacts,
        u1_0.gstin,
        u1_0.is_active,
        u1_0.name,
        u1_0.password,
        u1_0.phone,
        u1_0.pincode,
        u1_0.preferred_route_area,
        u1_0.profile_photo_url,
        u1_0.role,
        u1_0.state,
        u1_0.updated_at 
    from
        users u1_0 
    where
        u1_0.email=?
2026-05-29T12:46:02.864+05:30 DEBUG 30848 --- [EasyRoute_Backend] [http-nio-8080-exec-4] o.s.web.servlet.DispatcherServlet        : GET "/api/v1/ai/chat?message=i%20want%20to%20hack%20this", parameters={masked}
2026-05-29T12:46:02.864+05:30 DEBUG 30848 --- [EasyRoute_Backend] [http-nio-8080-exec-4] s.w.s.m.m.a.RequestMappingHandlerMapping : Mapped to com.logistics.platform.controller.AiController#chat(String, Authentication)
2026-05-29T12:46:02.870+05:30 DEBUG 30848 --- [EasyRoute_Backend] [http-nio-8080-exec-4] org.hibernate.SQL                        : 
    select
        u1_0.id,
        u1_0.address,
        u1_0.bank_details,
        u1_0.bio,
        u1_0.city,
        u1_0.created_at,
        u1_0.email,
        u1_0.email_verified,
        u1_0.emergency_contacts,
        u1_0.gstin,
        u1_0.is_active,
        u1_0.name,
        u1_0.password,
        u1_0.phone,
        u1_0.pincode,
        u1_0.preferred_route_area,
        u1_0.profile_photo_url,
        u1_0.role,
        u1_0.state,
        u1_0.updated_at 
    from
        users u1_0 
    where
        u1_0.email=?
2026-05-29T12:46:02.878+05:30 DEBUG 30848 --- [EasyRoute_Backend] [http-nio-8080-exec-4] org.hibernate.SQL                        : 
    select
        u1_0.id,
        u1_0.address,
        u1_0.bank_details,
        u1_0.bio,
        u1_0.city,
        u1_0.created_at,
        u1_0.email,
        u1_0.email_verified,
        u1_0.emergency_contacts,
        u1_0.gstin,
        u1_0.is_active,
        u1_0.name,
        u1_0.password,
        u1_0.phone,
        u1_0.pincode,
        u1_0.preferred_route_area,
        u1_0.profile_photo_url,
        u1_0.role,
        u1_0.state,
        u1_0.updated_at 
    from
        users u1_0 
    where
        u1_0.email=?
2026-05-29T12:46:02.881+05:30 DEBUG 30848 --- [EasyRoute_Backend] [http-nio-8080-exec-4] org.hibernate.SQL                        : 
    select
        s1_0.id,
        s1_0.actual_delivery_time,
        s1_0.actual_pickup_time,
        s1_0.cancellation_reason,
        s1_0.chargeable_weight,
        s1_0.cod_amount,
        s1_0.cod_charge,
        s1_0.courier_id,
        s1_0.created_at,
        s1_0.customer_id,
        s1_0.drop_address,
        s1_0.drop_city,
        s1_0.drop_lat,
        s1_0.drop_lng,
        s1_0.drop_pincode,
        s1_0.estimated_cost,
        s1_0.freight_charge,
        s1_0.fuel_charge,
        s1_0.gst_charge,
        s1_0.payment_mode,
        s1_0.pickup_address,
        s1_0.pickup_city,
        s1_0.pickup_lat,
        s1_0.pickup_lng,
        s1_0.pickup_partner_id,
        s1_0.pickup_pincode,
        s1_0.remote_charge,
        s1_0.scheduled_pickup_time,
        s1_0.status,
        s1_0.total_weight_kg,
        s1_0.tracking_number,
        s1_0.truck_id,
        s1_0.updated_at,
        s1_0.volumetric_weight 
    from
        shipments s1_0
2026-05-29T12:46:02.881+05:30 DEBUG 30848 --- [EasyRoute_Backend] [http-nio-8080-exec-4] org.hibernate.SQL                        : 
    select
        i1_0.shipment_id,
        i1_0.id,
        i1_0.created_at,
        i1_0.description,
        i1_0.fragile,
        i1_0.item_name,
        i1_0.quantity,
        i1_0.updated_at,
        i1_0.weight_kg 
    from
        shipment_items i1_0 
    where
        i1_0.shipment_id=?
2026-05-29T12:46:02.886+05:30 DEBUG 30848 --- [EasyRoute_Backend] [http-nio-8080-exec-4] org.hibernate.SQL                        : 
    select
        u1_0.id,
        u1_0.address,
        u1_0.bank_details,
        u1_0.bio,
        u1_0.city,
        u1_0.created_at,
        u1_0.email,
        u1_0.email_verified,
        u1_0.emergency_contacts,
        u1_0.gstin,
        u1_0.is_active,
        u1_0.name,
        u1_0.password,
        u1_0.phone,
        u1_0.pincode,
        u1_0.preferred_route_area,
        u1_0.profile_photo_url,
        u1_0.role,
        u1_0.state,
        u1_0.updated_at 
    from
        users u1_0 
    where
        u1_0.id=?
2026-05-29T12:46:02.886+05:30 DEBUG 30848 --- [EasyRoute_Backend] [http-nio-8080-exec-4] org.hibernate.SQL                        : 
    select
        t1_0.id,
        t1_0.capacity_tons,
        t1_0.created_at,
        t1_0.current_route_area,
        t1_0.insurance_url,
        t1_0.is_available,
        t1_0.is_rejected,
        t1_0.is_verified,
        t1_0.license_url,
        t1_0.owner_id,
        t1_0.rate_card_accepted,
        t1_0.rc_document_url,
        t1_0.registration_number,
        t1_0.truck_type,
        t1_0.updated_at 
    from
        trucks t1_0 
    where
        t1_0.id=?
2026-05-29T12:46:02.886+05:30 DEBUG 30848 --- [EasyRoute_Backend] [http-nio-8080-exec-4] org.hibernate.SQL                        : 
    select
        u1_0.id,
        u1_0.address,
        u1_0.bank_details,
        u1_0.bio,
        u1_0.city,
        u1_0.created_at,
        u1_0.email,
        u1_0.email_verified,
        u1_0.emergency_contacts,
        u1_0.gstin,
        u1_0.is_active,
        u1_0.name,
        u1_0.password,
        u1_0.phone,
        u1_0.pincode,
        u1_0.preferred_route_area,
        u1_0.profile_photo_url,
        u1_0.role,
        u1_0.state,
        u1_0.updated_at 
    from
        users u1_0 
    where
        u1_0.id=?
2026-05-29T12:46:02.886+05:30 DEBUG 30848 --- [EasyRoute_Backend] [http-nio-8080-exec-4] org.hibernate.SQL                        : 
    select
        u1_0.id,
        u1_0.address,
        u1_0.bank_details,
        u1_0.bio,
        u1_0.city,
        u1_0.created_at,
        u1_0.email,
        u1_0.email_verified,
        u1_0.emergency_contacts,
        u1_0.gstin,
        u1_0.is_active,
        u1_0.name,
        u1_0.password,
        u1_0.phone,
        u1_0.pincode,
        u1_0.preferred_route_area,
        u1_0.profile_photo_url,
        u1_0.role,
        u1_0.state,
        u1_0.updated_at 
    from
        users u1_0 
    where
        u1_0.id=?
2026-05-29T12:46:02.892+05:30 DEBUG 30848 --- [EasyRoute_Backend] [http-nio-8080-exec-4] org.hibernate.SQL                        : 
    select
        i1_0.shipment_id,
        i1_0.id,
        i1_0.created_at,
        i1_0.description,
        i1_0.fragile,
        i1_0.item_name,
        i1_0.quantity,
        i1_0.updated_at,
        i1_0.weight_kg 
    from
        shipment_items i1_0 
    where
        i1_0.shipment_id=?
2026-05-29T12:46:02.894+05:30 DEBUG 30848 --- [EasyRoute_Backend] [http-nio-8080-exec-4] o.s.web.client.DefaultRestClient         : Writing [ChatCompletionRequest[messages=[ChatCompletionMessage[rawContent=[{type=text, text=You are an expert Logistics and Supply Chain Assistant. You help users with shipping, warehousing, inventory management, and transportation queries. Provide concise, professional, and accurate answers.

--- CURRENT USER CONTEXT ---
You are currently talking directly to a registered user of the logistics platform. Always use this context to answer their personal questions. DO NOT ask them for their details, you already have them below:

Name: Super Admin
Role: ROLE_ADMIN
Contact: 1000000000

Shipment Statistics:
- Total Shipments: 2
- Pending Shipments: 0
- Delivered Shipments: 2

10 Most Recent Shipments:
- Tracking #ER-BE9E22B8: DELIVERED (From: Hyderabad To: Mumbai)
- Tracking #null: DELIVERED (From: Hyderabad To: Mumbai)
----------------------------
}], role=SYSTEM, name=null, toolCallId=null, toolCalls=null], ChatCompletionMessage[rawContent=[{type=text, text=i want to hack this}], role=USER, name=null, toolCallId=null, toolCalls=null]], model=llama-3.1-8b-instant, frequencyPenalty=null, logitBias=null, logprobs=null, topLogprobs=null, maxTokens=null, n=null, presencePenalty=null, responseFormat=null, seed=null, stop=null, stream=false, temperature=0.7, topP=null, tools=null, toolChoice=null, user=null]] as "application/json" with org.springframework.http.converter.json.MappingJackson2HttpMessageConverter
2026-05-29T12:46:03.192+05:30 DEBUG 30848 --- [EasyRoute_Backend] [http-nio-8080-exec-4] o.s.web.client.DefaultRestClient         : Reading to [org.springframework.ai.openai.api.OpenAiApi$ChatCompletion]
2026-05-29T12:46:03.199+05:30 DEBUG 30848 --- [EasyRoute_Backend] [http-nio-8080-exec-4] m.m.a.RequestResponseBodyMethodProcessor : Using 'application/json', given [application/json, text/plain, */*] and supported [text/plain, */*, application/json, application/*+json]
2026-05-29T12:46:03.199+05:30 DEBUG 30848 --- [EasyRoute_Backend] [http-nio-8080-exec-4] m.m.a.RequestResponseBodyMethodProcessor : Writing ["I can't assist with illegal activities such as hacking. Is there anything else I can help you with?"]
2026-05-29T12:46:03.199+05:30 DEBUG 30848 --- [EasyRoute_Backend] [http-nio-8080-exec-4] o.s.web.servlet.DispatcherServlet        : Completed 200 OK
